[    9904ms] [WARNING] WARN Cannot project a selection on encoding channel "x", which has no field. @ http://localhost:8765/static/js/styled-components.DBFqJZf2.js:0
[    9976ms] [WARNING] WARN Infinite extent for field "y": [Infinity, -Infinity] @ http://localhost:8765/static/js/styled-components.DBFqJZf2.js:0
[    9976ms] [WARNING] WARN Infinite extent for field "cumulative_result_bb": [Infinity, -Infinity] @ http://localhost:8765/static/js/styled-components.DBFqJZf2.js:0
[    9976ms] [WARNING] WARN Infinite extent for field "cumulative_result_bb": [Infinity, -Infinity] @ http://localhost:8765/static/js/styled-components.DBFqJZf2.js:0
[    9976ms] [WARNING] WARN Infinite extent for field "hand_seq": [Infinity, -Infinity] @ http://localhost:8765/static/js/styled-components.DBFqJZf2.js:0
[    9976ms] [WARNING] WARN Infinite extent for field "hand_seq": [Infinity, -Infinity] @ http://localhost:8765/static/js/styled-components.DBFqJZf2.js:0
[   10023ms] [WARNING] WARN Infinite extent for field "hand_seq": [Infinity, -Infinity] @ http://localhost:8765/static/js/styled-components.DBFqJZf2.js:0
[   10023ms] [WARNING] WARN Infinite extent for field "hand_seq": [Infinity, -Infinity] @ http://localhost:8765/static/js/styled-components.DBFqJZf2.js:0
[   10023ms] [WARNING] WARN Infinite extent for field "cumulative_win_rate_bb_per_100": [Infinity, -Infinity] @ http://localhost:8765/static/js/styled-components.DBFqJZf2.js:0
[   10023ms] [WARNING] WARN Infinite extent for field "cumulative_win_rate_bb_per_100": [Infinity, -Infinity] @ http://localhost:8765/static/js/styled-components.DBFqJZf2.js:0
[  299461ms] [WARNING] WARN Infinite extent for field "count_start": [Infinity, -Infinity] @ http://localhost:8765/static/js/styled-components.DBFqJZf2.js:0
[  299461ms] [WARNING] WARN Infinite extent for field "count_end": [Infinity, -Infinity] @ http://localhost:8765/static/js/styled-components.DBFqJZf2.js:0
[  310549ms] [WARNING] WARN Cannot project a selection on encoding channel "x", which has no field. @ http://localhost:8765/static/js/styled-components.DBFqJZf2.js:0
[  310587ms] [WARNING] WARN Infinite extent for field "y": [Infinity, -Infinity] @ http://localhost:8765/static/js/styled-components.DBFqJZf2.js:0
[  310588ms] [WARNING] WARN Infinite extent for field "cumulative_result_bb": [Infinity, -Infinity] @ http://localhost:8765/static/js/styled-components.DBFqJZf2.js:0
[  310588ms] [WARNING] WARN Infinite extent for field "cumulative_result_bb": [Infinity, -Infinity] @ http://localhost:8765/static/js/styled-components.DBFqJZf2.js:0
[  310588ms] [WARNING] WARN Infinite extent for field "hand_seq": [Infinity, -Infinity] @ http://localhost:8765/static/js/styled-components.DBFqJZf2.js:0
[  310588ms] [WARNING] WARN Infinite extent for field "hand_seq": [Infinity, -Infinity] @ http://localhost:8765/static/js/styled-components.DBFqJZf2.js:0
[  310612ms] [WARNING] WARN Infinite extent for field "hand_seq": [Infinity, -Infinity] @ http://localhost:8765/static/js/styled-components.DBFqJZf2.js:0
[  310613ms] [WARNING] WARN Infinite extent for field "hand_seq": [Infinity, -Infinity] @ http://localhost:8765/static/js/styled-components.DBFqJZf2.js:0
[  310613ms] [WARNING] WARN Infinite extent for field "cumulative_win_rate_bb_per_100": [Infinity, -Infinity] @ http://localhost:8765/static/js/styled-components.DBFqJZf2.js:0
[  310613ms] [WARNING] WARN Infinite extent for field "cumulative_win_rate_bb_per_100": [Infinity, -Infinity] @ http://localhost:8765/static/js/styled-components.DBFqJZf2.js:0
[  310804ms] [WARNING] WARN Infinite extent for field "count_start": [Infinity, -Infinity] @ http://localhost:8765/static/js/styled-components.DBFqJZf2.js:0
[  310804ms] [WARNING] WARN Infinite extent for field "count_end": [Infinity, -Infinity] @ http://localhost:8765/static/js/styled-components.DBFqJZf2.js:0
[  544719ms] [WARNING] WebSocket onclose @ http://localhost:8765/static/js/index.bE3scgDe.js:34
[  547425ms] [ERROR] Failed to load resource: net::ERR_CONNECTION_REFUSED @ http://localhost:8765/_stcore/health:0
[  547426ms] [ERROR] Failed to load resource: net::ERR_CONNECTION_REFUSED @ http://localhost:8765/_stcore/host-config:0
[  547659ms] [ERROR] Failed to load resource: net::ERR_CONNECTION_REFUSED @ http://localhost:8765/_stcore/health:0
[  549875ms] [ERROR] Failed to load resource: net::ERR_CONNECTION_REFUSED @ http://localhost:8765/_stcore/host-config:0
[  549877ms] [ERROR] Failed to load resource: net::ERR_CONNECTION_REFUSED @ http://localhost:8765/_stcore/health:0
[  550159ms] [ERROR] Failed to load resource: net::ERR_CONNECTION_REFUSED @ http://localhost:8765/_stcore/host-config:0
[  552209ms] [ERROR] Failed to load resource: net::ERR_CONNECTION_REFUSED @ http://localhost:8765/_stcore/health:0
[  552592ms] [ERROR] Failed to load resource: net::ERR_CONNECTION_REFUSED @ http://localhost:8765/_stcore/host-config:0
[  555158ms] [ERROR] Failed to load resource: net::ERR_CONNECTION_REFUSED @ http://localhost:8765/_stcore/health:0
[  555159ms] [ERROR] Failed to load resource: net::ERR_CONNECTION_REFUSED @ http://localhost:8765/_stcore/host-config:0
[  558743ms] [ERROR] Failed to load resource: net::ERR_CONNECTION_REFUSED @ http://localhost:8765/_stcore/health:0
[  558744ms] [ERROR] Client Error in reaching server endpoint - No response received when attempting to reach /_stcore/health @ http://localhost:8765/static/js/index.bE3scgDe.js:33
[  558744ms] [ERROR] Is Streamlit still running? If you accidentally stopped Streamlit, just restart it in your terminal: @ http://localhost:8765/static/js/index.bE3scgDe.js:38
[  558745ms] [ERROR] Failed to load resource: net::ERR_CONNECTION_REFUSED @ http://localhost:8765/_stcore/host-config:0
[  558973ms] [ERROR] Failed to load resource: net::ERR_CONNECTION_REFUSED @ http://localhost:8765/static/media/SourceCodeVF-Upright.ttf.BjWn63N-.woff2:0
[  563856ms] [ERROR] Failed to load resource: net::ERR_CONNECTION_REFUSED @ http://localhost:8765/_stcore/health:0
[  563857ms] [ERROR] Client Error in reaching server endpoint - No response received when attempting to reach /_stcore/health @ http://localhost:8765/static/js/index.bE3scgDe.js:33
[  563857ms] [ERROR] Is Streamlit still running? If you accidentally stopped Streamlit, just restart it in your terminal: @ http://localhost:8765/static/js/index.bE3scgDe.js:38
[  563857ms] [ERROR] Failed to load resource: net::ERR_CONNECTION_REFUSED @ http://localhost:8765/_stcore/host-config:0
[  569658ms] [ERROR] Failed to load resource: net::ERR_CONNECTION_REFUSED @ http://localhost:8765/_stcore/health:0
[  569658ms] [ERROR] Client Error in reaching server endpoint - No response received when attempting to reach /_stcore/health @ http://localhost:8765/static/js/index.bE3scgDe.js:33
[  569659ms] [ERROR] Is Streamlit still running? If you accidentally stopped Streamlit, just restart it in your terminal: @ http://localhost:8765/static/js/index.bE3scgDe.js:38
[  569686ms] [ERROR] Failed to load resource: net::ERR_CONNECTION_REFUSED @ http://localhost:8765/_stcore/host-config:0
[  575522ms] [ERROR] Failed to load resource: net::ERR_CONNECTION_REFUSED @ http://localhost:8765/_stcore/health:0
[  575523ms] [ERROR] Client Error in reaching server endpoint - No response received when attempting to reach /_stcore/health @ http://localhost:8765/static/js/index.bE3scgDe.js:33
[  575523ms] [ERROR] Is Streamlit still running? If you accidentally stopped Streamlit, just restart it in your terminal: @ http://localhost:8765/static/js/index.bE3scgDe.js:38
[  575548ms] [ERROR] Failed to load resource: net::ERR_CONNECTION_REFUSED @ http://localhost:8765/_stcore/host-config:0
[  581826ms] [ERROR] Failed to load resource: net::ERR_CONNECTION_REFUSED @ http://localhost:8765/_stcore/health:0
[  581826ms] [ERROR] Client Error in reaching server endpoint - No response received when attempting to reach /_stcore/health @ http://localhost:8765/static/js/index.bE3scgDe.js:33
[  581827ms] [ERROR] Is Streamlit still running? If you accidentally stopped Streamlit, just restart it in your terminal: @ http://localhost:8765/static/js/index.bE3scgDe.js:38
[  581854ms] [ERROR] Failed to load resource: net::ERR_CONNECTION_REFUSED @ http://localhost:8765/_stcore/host-config:0
[  588110ms] [ERROR] Failed to load resource: net::ERR_CONNECTION_REFUSED @ http://localhost:8765/_stcore/health:0
[  588111ms] [ERROR] Client Error in reaching server endpoint - No response received when attempting to reach /_stcore/health @ http://localhost:8765/static/js/index.bE3scgDe.js:33
[  588111ms] [ERROR] Is Streamlit still running? If you accidentally stopped Streamlit, just restart it in your terminal: @ http://localhost:8765/static/js/index.bE3scgDe.js:38
[  588138ms] [ERROR] Failed to load resource: net::ERR_CONNECTION_REFUSED @ http://localhost:8765/_stcore/host-config:0
[  593538ms] [ERROR] Failed to load resource: net::ERR_CONNECTION_REFUSED @ http://localhost:8765/_stcore/health:0
[  593538ms] [ERROR] Client Error in reaching server endpoint - No response received when attempting to reach /_stcore/health @ http://localhost:8765/static/js/index.bE3scgDe.js:33
[  593539ms] [ERROR] Is Streamlit still running? If you accidentally stopped Streamlit, just restart it in your terminal: @ http://localhost:8765/static/js/index.bE3scgDe.js:38
[  593567ms] [ERROR] Failed to load resource: net::ERR_CONNECTION_REFUSED @ http://localhost:8765/_stcore/host-config:0
[  599070ms] [ERROR] Failed to load resource: net::ERR_CONNECTION_REFUSED @ http://localhost:8765/_stcore/health:0
[  599070ms] [ERROR] Client Error in reaching server endpoint - No response received when attempting to reach /_stcore/health @ http://localhost:8765/static/js/index.bE3scgDe.js:33
[  599070ms] [ERROR] Is Streamlit still running? If you accidentally stopped Streamlit, just restart it in your terminal: @ http://localhost:8765/static/js/index.bE3scgDe.js:38
[  599073ms] [ERROR] Failed to load resource: net::ERR_CONNECTION_REFUSED @ http://localhost:8765/_stcore/host-config:0
[  604281ms] [ERROR] Failed to load resource: net::ERR_CONNECTION_REFUSED @ http://localhost:8765/_stcore/health:0
[  604281ms] [ERROR] Client Error in reaching server endpoint - No response received when attempting to reach /_stcore/health @ http://localhost:8765/static/js/index.bE3scgDe.js:33
[  604281ms] [ERROR] Is Streamlit still running? If you accidentally stopped Streamlit, just restart it in your terminal: @ http://localhost:8765/static/js/index.bE3scgDe.js:38
[  604308ms] [ERROR] Failed to load resource: net::ERR_CONNECTION_REFUSED @ http://localhost:8765/_stcore/host-config:0
[  609466ms] [ERROR] Failed to load resource: net::ERR_CONNECTION_REFUSED @ http://localhost:8765/_stcore/health:0
[  609467ms] [ERROR] Client Error in reaching server endpoint - No response received when attempting to reach /_stcore/health @ http://localhost:8765/static/js/index.bE3scgDe.js:33
[  609467ms] [ERROR] Is Streamlit still running? If you accidentally stopped Streamlit, just restart it in your terminal: @ http://localhost:8765/static/js/index.bE3scgDe.js:38
[  609469ms] [ERROR] Failed to load resource: net::ERR_CONNECTION_REFUSED @ http://localhost:8765/_stcore/host-config:0
[  614692ms] [ERROR] Failed to load resource: net::ERR_CONNECTION_REFUSED @ http://localhost:8765/_stcore/health:0
[  614692ms] [ERROR] Client Error in reaching server endpoint - No response received when attempting to reach /_stcore/health @ http://localhost:8765/static/js/index.bE3scgDe.js:33
[  614692ms] [ERROR] Is Streamlit still running? If you accidentally stopped Streamlit, just restart it in your terminal: @ http://localhost:8765/static/js/index.bE3scgDe.js:38
[  614717ms] [ERROR] Failed to load resource: net::ERR_CONNECTION_REFUSED @ http://localhost:8765/_stcore/host-config:0
[  620991ms] [ERROR] Failed to load resource: net::ERR_CONNECTION_REFUSED @ http://localhost:8765/_stcore/health:0
[  620991ms] [ERROR] Client Error in reaching server endpoint - No response received when attempting to reach /_stcore/health @ http://localhost:8765/static/js/index.bE3scgDe.js:33
[  620991ms] [ERROR] Is Streamlit still running? If you accidentally stopped Streamlit, just restart it in your terminal: @ http://localhost:8765/static/js/index.bE3scgDe.js:38
[  621017ms] [ERROR] Failed to load resource: net::ERR_CONNECTION_REFUSED @ http://localhost:8765/_stcore/host-config:0
[  626356ms] [ERROR] Failed to load resource: net::ERR_CONNECTION_REFUSED @ http://localhost:8765/_stcore/health:0
[  626356ms] [ERROR] Client Error in reaching server endpoint - No response received when attempting to reach /_stcore/health @ http://localhost:8765/static/js/index.bE3scgDe.js:33
[  626356ms] [ERROR] Is Streamlit still running? If you accidentally stopped Streamlit, just restart it in your terminal: @ http://localhost:8765/static/js/index.bE3scgDe.js:38
[  626358ms] [ERROR] Failed to load resource: net::ERR_CONNECTION_REFUSED @ http://localhost:8765/_stcore/host-config:0
[  631527ms] [ERROR] Failed to load resource: net::ERR_CONNECTION_REFUSED @ http://localhost:8765/_stcore/health:0
[  631527ms] [ERROR] Client Error in reaching server endpoint - No response received when attempting to reach /_stcore/health @ http://localhost:8765/static/js/index.bE3scgDe.js:33
[  631527ms] [ERROR] Is Streamlit still running? If you accidentally stopped Streamlit, just restart it in your terminal: @ http://localhost:8765/static/js/index.bE3scgDe.js:38
[  631529ms] [ERROR] Failed to load resource: net::ERR_CONNECTION_REFUSED @ http://localhost:8765/_stcore/host-config:0
[  637767ms] [ERROR] Failed to load resource: net::ERR_CONNECTION_REFUSED @ http://localhost:8765/_stcore/health:0
[  637768ms] [ERROR] Client Error in reaching server endpoint - No response received when attempting to reach /_stcore/health @ http://localhost:8765/static/js/index.bE3scgDe.js:33
[  637768ms] [ERROR] Is Streamlit still running? If you accidentally stopped Streamlit, just restart it in your terminal: @ http://localhost:8765/static/js/index.bE3scgDe.js:38
[  637796ms] [ERROR] Failed to load resource: net::ERR_CONNECTION_REFUSED @ http://localhost:8765/_stcore/host-config:0
[  643226ms] [ERROR] Failed to load resource: net::ERR_CONNECTION_REFUSED @ http://localhost:8765/_stcore/health:0
[  643227ms] [ERROR] Client Error in reaching server endpoint - No response received when attempting to reach /_stcore/health @ http://localhost:8765/static/js/index.bE3scgDe.js:33
[  643227ms] [ERROR] Is Streamlit still running? If you accidentally stopped Streamlit, just restart it in your terminal: @ http://localhost:8765/static/js/index.bE3scgDe.js:38
[  643252ms] [ERROR] Failed to load resource: net::ERR_CONNECTION_REFUSED @ http://localhost:8765/_stcore/host-config:0
[  649011ms] [ERROR] Failed to load resource: net::ERR_CONNECTION_REFUSED @ http://localhost:8765/_stcore/health:0
[  649011ms] [ERROR] Client Error in reaching server endpoint - No response received when attempting to reach /_stcore/health @ http://localhost:8765/static/js/index.bE3scgDe.js:33
[  649011ms] [ERROR] Is Streamlit still running? If you accidentally stopped Streamlit, just restart it in your terminal: @ http://localhost:8765/static/js/index.bE3scgDe.js:38
[  649035ms] [ERROR] Failed to load resource: net::ERR_CONNECTION_REFUSED @ http://localhost:8765/_stcore/host-config:0
[  654749ms] [ERROR] Failed to load resource: net::ERR_CONNECTION_REFUSED @ http://localhost:8765/_stcore/health:0
[  654750ms] [ERROR] Client Error in reaching server endpoint - No response received when attempting to reach /_stcore/health @ http://localhost:8765/static/js/index.bE3scgDe.js:33
[  654750ms] [ERROR] Is Streamlit still running? If you accidentally stopped Streamlit, just restart it in your terminal: @ http://localhost:8765/static/js/index.bE3scgDe.js:38
[  654773ms] [ERROR] Failed to load resource: net::ERR_CONNECTION_REFUSED @ http://localhost:8765/_stcore/host-config:0
[  660819ms] [ERROR] Failed to load resource: net::ERR_CONNECTION_REFUSED @ http://localhost:8765/_stcore/health:0
[  660819ms] [ERROR] Client Error in reaching server endpoint - No response received when attempting to reach /_stcore/health @ http://localhost:8765/static/js/index.bE3scgDe.js:33
[  660819ms] [ERROR] Is Streamlit still running? If you accidentally stopped Streamlit, just restart it in your terminal: @ http://localhost:8765/static/js/index.bE3scgDe.js:38
[  660821ms] [ERROR] Failed to load resource: net::ERR_CONNECTION_REFUSED @ http://localhost:8765/_stcore/host-config:0
[  666368ms] [ERROR] Failed to load resource: net::ERR_CONNECTION_REFUSED @ http://localhost:8765/_stcore/health:0
[  666368ms] [ERROR] Client Error in reaching server endpoint - No response received when attempting to reach /_stcore/health @ http://localhost:8765/static/js/index.bE3scgDe.js:33
[  666369ms] [ERROR] Is Streamlit still running? If you accidentally stopped Streamlit, just restart it in your terminal: @ http://localhost:8765/static/js/index.bE3scgDe.js:38
[  666393ms] [ERROR] Failed to load resource: net::ERR_CONNECTION_REFUSED @ http://localhost:8765/_stcore/host-config:0
[  672152ms] [ERROR] Failed to load resource: net::ERR_CONNECTION_REFUSED @ http://localhost:8765/_stcore/health:0
[  672152ms] [ERROR] Client Error in reaching server endpoint - No response received when attempting to reach /_stcore/health @ http://localhost:8765/static/js/index.bE3scgDe.js:33
[  672153ms] [ERROR] Is Streamlit still running? If you accidentally stopped Streamlit, just restart it in your terminal: @ http://localhost:8765/static/js/index.bE3scgDe.js:38
[  672176ms] [ERROR] Failed to load resource: net::ERR_CONNECTION_REFUSED @ http://localhost:8765/_stcore/host-config:0
[  677835ms] [ERROR] Failed to load resource: net::ERR_CONNECTION_REFUSED @ http://localhost:8765/_stcore/health:0
[  677836ms] [ERROR] Client Error in reaching server endpoint - No response received when attempting to reach /_stcore/health @ http://localhost:8765/static/js/index.bE3scgDe.js:33
[  677836ms] [ERROR] Is Streamlit still running? If you accidentally stopped Streamlit, just restart it in your terminal: @ http://localhost:8765/static/js/index.bE3scgDe.js:38
[  677838ms] [ERROR] Failed to load resource: net::ERR_CONNECTION_REFUSED @ http://localhost:8765/_stcore/host-config:0
[  683147ms] [ERROR] Failed to load resource: net::ERR_CONNECTION_REFUSED @ http://localhost:8765/_stcore/health:0
[  683148ms] [ERROR] Client Error in reaching server endpoint - No response received when attempting to reach /_stcore/health @ http://localhost:8765/static/js/index.bE3scgDe.js:33
[  683148ms] [ERROR] Is Streamlit still running? If you accidentally stopped Streamlit, just restart it in your terminal: @ http://localhost:8765/static/js/index.bE3scgDe.js:38
[  683150ms] [ERROR] Failed to load resource: net::ERR_CONNECTION_REFUSED @ http://localhost:8765/_stcore/host-config:0
[  688839ms] [ERROR] Failed to load resource: net::ERR_CONNECTION_REFUSED @ http://localhost:8765/_stcore/health:0
[  688839ms] [ERROR] Client Error in reaching server endpoint - No response received when attempting to reach /_stcore/health @ http://localhost:8765/static/js/index.bE3scgDe.js:33
[  688839ms] [ERROR] Is Streamlit still running? If you accidentally stopped Streamlit, just restart it in your terminal: @ http://localhost:8765/static/js/index.bE3scgDe.js:38
[  688866ms] [ERROR] Failed to load resource: net::ERR_CONNECTION_REFUSED @ http://localhost:8765/_stcore/host-config:0
[  694875ms] [ERROR] Failed to load resource: net::ERR_CONNECTION_REFUSED @ http://localhost:8765/_stcore/health:0
[  694876ms] [ERROR] Client Error in reaching server endpoint - No response received when attempting to reach /_stcore/health @ http://localhost:8765/static/js/index.bE3scgDe.js:33
[  694876ms] [ERROR] Is Streamlit still running? If you accidentally stopped Streamlit, just restart it in your terminal: @ http://localhost:8765/static/js/index.bE3scgDe.js:38
[  694879ms] [ERROR] Failed to load resource: net::ERR_CONNECTION_REFUSED @ http://localhost:8765/_stcore/host-config:0
[  700408ms] [ERROR] Failed to load resource: net::ERR_CONNECTION_REFUSED @ http://localhost:8765/_stcore/health:0
[  700408ms] [ERROR] Client Error in reaching server endpoint - No response received when attempting to reach /_stcore/health @ http://localhost:8765/static/js/index.bE3scgDe.js:33
[  700408ms] [ERROR] Is Streamlit still running? If you accidentally stopped Streamlit, just restart it in your terminal: @ http://localhost:8765/static/js/index.bE3scgDe.js:38
[  700411ms] [ERROR] Failed to load resource: net::ERR_CONNECTION_REFUSED @ http://localhost:8765/_stcore/host-config:0
[  705977ms] [ERROR] Failed to load resource: net::ERR_CONNECTION_REFUSED @ http://localhost:8765/_stcore/health:0
[  705977ms] [ERROR] Client Error in reaching server endpoint - No response received when attempting to reach /_stcore/health @ http://localhost:8765/static/js/index.bE3scgDe.js:33
[  705978ms] [ERROR] Is Streamlit still running? If you accidentally stopped Streamlit, just restart it in your terminal: @ http://localhost:8765/static/js/index.bE3scgDe.js:38
[  706003ms] [ERROR] Failed to load resource: net::ERR_CONNECTION_REFUSED @ http://localhost:8765/_stcore/host-config:0
[  711230ms] [ERROR] Failed to load resource: net::ERR_CONNECTION_REFUSED @ http://localhost:8765/_stcore/health:0
[  711230ms] [ERROR] Client Error in reaching server endpoint - No response received when attempting to reach /_stcore/health @ http://localhost:8765/static/js/index.bE3scgDe.js:33
[  711230ms] [ERROR] Is Streamlit still running? If you accidentally stopped Streamlit, just restart it in your terminal: @ http://localhost:8765/static/js/index.bE3scgDe.js:38
[  711231ms] [ERROR] Failed to load resource: net::ERR_CONNECTION_REFUSED @ http://localhost:8765/_stcore/host-config:0
[  716607ms] [ERROR] Failed to load resource: net::ERR_CONNECTION_REFUSED @ http://localhost:8765/_stcore/health:0
[  716607ms] [ERROR] Client Error in reaching server endpoint - No response received when attempting to reach /_stcore/health @ http://localhost:8765/static/js/index.bE3scgDe.js:33
[  716607ms] [ERROR] Is Streamlit still running? If you accidentally stopped Streamlit, just restart it in your terminal: @ http://localhost:8765/static/js/index.bE3scgDe.js:38
[  716609ms] [ERROR] Failed to load resource: net::ERR_CONNECTION_REFUSED @ http://localhost:8765/_stcore/host-config:0
[  722329ms] [ERROR] Failed to load resource: net::ERR_CONNECTION_REFUSED @ http://localhost:8765/_stcore/health:0
[  722329ms] [ERROR] Client Error in reaching server endpoint - No response received when attempting to reach /_stcore/health @ http://localhost:8765/static/js/index.bE3scgDe.js:33
[  722329ms] [ERROR] Is Streamlit still running? If you accidentally stopped Streamlit, just restart it in your terminal: @ http://localhost:8765/static/js/index.bE3scgDe.js:38
[  722357ms] [ERROR] Failed to load resource: net::ERR_CONNECTION_REFUSED @ http://localhost:8765/_stcore/host-config:0
[  728005ms] [ERROR] Failed to load resource: net::ERR_CONNECTION_REFUSED @ http://localhost:8765/_stcore/health:0
[  728005ms] [ERROR] Client Error in reaching server endpoint - No response received when attempting to reach /_stcore/health @ http://localhost:8765/static/js/index.bE3scgDe.js:33
[  728005ms] [ERROR] Is Streamlit still running? If you accidentally stopped Streamlit, just restart it in your terminal: @ http://localhost:8765/static/js/index.bE3scgDe.js:38
[  728029ms] [ERROR] Failed to load resource: net::ERR_CONNECTION_REFUSED @ http://localhost:8765/_stcore/host-config:0
[  733647ms] [ERROR] Failed to load resource: net::ERR_CONNECTION_REFUSED @ http://localhost:8765/_stcore/health:0
[  733648ms] [ERROR] Client Error in reaching server endpoint - No response received when attempting to reach /_stcore/health @ http://localhost:8765/static/js/index.bE3scgDe.js:33
[  733648ms] [ERROR] Is Streamlit still running? If you accidentally stopped Streamlit, just restart it in your terminal: @ http://localhost:8765/static/js/index.bE3scgDe.js:38
[  733683ms] [ERROR] Failed to load resource: net::ERR_CONNECTION_REFUSED @ http://localhost:8765/_stcore/host-config:0
[  739154ms] [ERROR] Failed to load resource: net::ERR_CONNECTION_REFUSED @ http://localhost:8765/_stcore/health:0
[  739154ms] [ERROR] Client Error in reaching server endpoint - No response received when attempting to reach /_stcore/health @ http://localhost:8765/static/js/index.bE3scgDe.js:33
[  739154ms] [ERROR] Is Streamlit still running? If you accidentally stopped Streamlit, just restart it in your terminal: @ http://localhost:8765/static/js/index.bE3scgDe.js:38
[  739156ms] [ERROR] Failed to load resource: net::ERR_CONNECTION_REFUSED @ http://localhost:8765/_stcore/host-config:0
[  745464ms] [ERROR] Failed to load resource: net::ERR_CONNECTION_REFUSED @ http://localhost:8765/_stcore/health:0
[  745465ms] [ERROR] Client Error in reaching server endpoint - No response received when attempting to reach /_stcore/health @ http://localhost:8765/static/js/index.bE3scgDe.js:33
[  745465ms] [ERROR] Is Streamlit still running? If you accidentally stopped Streamlit, just restart it in your terminal: @ http://localhost:8765/static/js/index.bE3scgDe.js:38
[  745490ms] [ERROR] Failed to load resource: net::ERR_CONNECTION_REFUSED @ http://localhost:8765/_stcore/host-config:0
[  750696ms] [ERROR] Failed to load resource: net::ERR_CONNECTION_REFUSED @ http://localhost:8765/_stcore/health:0
[  750696ms] [ERROR] Client Error in reaching server endpoint - No response received when attempting to reach /_stcore/health @ http://localhost:8765/static/js/index.bE3scgDe.js:33
[  750696ms] [ERROR] Is Streamlit still running? If you accidentally stopped Streamlit, just restart it in your terminal: @ http://localhost:8765/static/js/index.bE3scgDe.js:38
[  750722ms] [ERROR] Failed to load resource: net::ERR_CONNECTION_REFUSED @ http://localhost:8765/_stcore/host-config:0
[  755992ms] [ERROR] Failed to load resource: net::ERR_CONNECTION_REFUSED @ http://localhost:8765/_stcore/health:0
[  755992ms] [ERROR] Client Error in reaching server endpoint - No response received when attempting to reach /_stcore/health @ http://localhost:8765/static/js/index.bE3scgDe.js:33
[  755992ms] [ERROR] Is Streamlit still running? If you accidentally stopped Streamlit, just restart it in your terminal: @ http://localhost:8765/static/js/index.bE3scgDe.js:38
[  756018ms] [ERROR] Failed to load resource: net::ERR_CONNECTION_REFUSED @ http://localhost:8765/_stcore/host-config:0
[  761496ms] [ERROR] Failed to load resource: net::ERR_CONNECTION_REFUSED @ http://localhost:8765/_stcore/health:0
[  761496ms] [ERROR] Client Error in reaching server endpoint - No response received when attempting to reach /_stcore/health @ http://localhost:8765/static/js/index.bE3scgDe.js:33
[  761497ms] [ERROR] Is Streamlit still running? If you accidentally stopped Streamlit, just restart it in your terminal: @ http://localhost:8765/static/js/index.bE3scgDe.js:38
[  761523ms] [ERROR] Failed to load resource: net::ERR_CONNECTION_REFUSED @ http://localhost:8765/_stcore/host-config:0
[  767546ms] [ERROR] Failed to load resource: net::ERR_CONNECTION_REFUSED @ http://localhost:8765/_stcore/health:0
[  767546ms] [ERROR] Client Error in reaching server endpoint - No response received when attempting to reach /_stcore/health @ http://localhost:8765/static/js/index.bE3scgDe.js:33
[  767546ms] [ERROR] Is Streamlit still running? If you accidentally stopped Streamlit, just restart it in your terminal: @ http://localhost:8765/static/js/index.bE3scgDe.js:38
[  767548ms] [ERROR] Failed to load resource: net::ERR_CONNECTION_REFUSED @ http://localhost:8765/_stcore/host-config:0
[  773193ms] [ERROR] Failed to load resource: net::ERR_CONNECTION_REFUSED @ http://localhost:8765/_stcore/health:0
[  773194ms] [ERROR] Client Error in reaching server endpoint - No response received when attempting to reach /_stcore/health @ http://localhost:8765/static/js/index.bE3scgDe.js:33
[  773194ms] [ERROR] Is Streamlit still running? If you accidentally stopped Streamlit, just restart it in your terminal: @ http://localhost:8765/static/js/index.bE3scgDe.js:38
[  773222ms] [ERROR] Failed to load resource: net::ERR_CONNECTION_REFUSED @ http://localhost:8765/_stcore/host-config:0
[  778962ms] [ERROR] Failed to load resource: net::ERR_CONNECTION_REFUSED @ http://localhost:8765/_stcore/health:0
[  778962ms] [ERROR] Client Error in reaching server endpoint - No response received when attempting to reach /_stcore/health @ http://localhost:8765/static/js/index.bE3scgDe.js:33
[  778962ms] [ERROR] Is Streamlit still running? If you accidentally stopped Streamlit, just restart it in your terminal: @ http://localhost:8765/static/js/index.bE3scgDe.js:38
[  778986ms] [ERROR] Failed to load resource: net::ERR_CONNECTION_REFUSED @ http://localhost:8765/_stcore/host-config:0
[  784701ms] [ERROR] Failed to load resource: net::ERR_CONNECTION_REFUSED @ http://localhost:8765/_stcore/health:0
[  784701ms] [ERROR] Client Error in reaching server endpoint - No response received when attempting to reach /_stcore/health @ http://localhost:8765/static/js/index.bE3scgDe.js:33
[  784702ms] [ERROR] Is Streamlit still running? If you accidentally stopped Streamlit, just restart it in your terminal: @ http://localhost:8765/static/js/index.bE3scgDe.js:38
[  784726ms] [ERROR] Failed to load resource: net::ERR_CONNECTION_REFUSED @ http://localhost:8765/_stcore/host-config:0
[  790926ms] [ERROR] Failed to load resource: net::ERR_CONNECTION_REFUSED @ http://localhost:8765/_stcore/health:0
[  790927ms] [ERROR] Client Error in reaching server endpoint - No response received when attempting to reach /_stcore/health @ http://localhost:8765/static/js/index.bE3scgDe.js:33
[  790927ms] [ERROR] Is Streamlit still running? If you accidentally stopped Streamlit, just restart it in your terminal: @ http://localhost:8765/static/js/index.bE3scgDe.js:38
[  790950ms] [ERROR] Failed to load resource: net::ERR_CONNECTION_REFUSED @ http://localhost:8765/_stcore/host-config:0
[  796695ms] [ERROR] Failed to load resource: net::ERR_CONNECTION_REFUSED @ http://localhost:8765/_stcore/health:0
[  796695ms] [ERROR] Client Error in reaching server endpoint - No response received when attempting to reach /_stcore/health @ http://localhost:8765/static/js/index.bE3scgDe.js:33
[  796695ms] [ERROR] Is Streamlit still running? If you accidentally stopped Streamlit, just restart it in your terminal: @ http://localhost:8765/static/js/index.bE3scgDe.js:38
[  796698ms] [ERROR] Failed to load resource: net::ERR_CONNECTION_REFUSED @ http://localhost:8765/_stcore/host-config:0
[  802169ms] [ERROR] Failed to load resource: net::ERR_CONNECTION_REFUSED @ http://localhost:8765/_stcore/health:0
[  802169ms] [ERROR] Client Error in reaching server endpoint - No response received when attempting to reach /_stcore/health @ http://localhost:8765/static/js/index.bE3scgDe.js:33
[  802169ms] [ERROR] Is Streamlit still running? If you accidentally stopped Streamlit, just restart it in your terminal: @ http://localhost:8765/static/js/index.bE3scgDe.js:38
[  802171ms] [ERROR] Failed to load resource: net::ERR_CONNECTION_REFUSED @ http://localhost:8765/_stcore/host-config:0
[  808177ms] [ERROR] Failed to load resource: net::ERR_CONNECTION_REFUSED @ http://localhost:8765/_stcore/health:0
[  808177ms] [ERROR] Client Error in reaching server endpoint - No response received when attempting to reach /_stcore/health @ http://localhost:8765/static/js/index.bE3scgDe.js:33
[  808177ms] [ERROR] Is Streamlit still running? If you accidentally stopped Streamlit, just restart it in your terminal: @ http://localhost:8765/static/js/index.bE3scgDe.js:38
[  808205ms] [ERROR] Failed to load resource: net::ERR_CONNECTION_REFUSED @ http://localhost:8765/_stcore/host-config:0
[  813897ms] [ERROR] Failed to load resource: net::ERR_CONNECTION_REFUSED @ http://localhost:8765/_stcore/health:0
[  813898ms] [ERROR] Client Error in reaching server endpoint - No response received when attempting to reach /_stcore/health @ http://localhost:8765/static/js/index.bE3scgDe.js:33
[  813898ms] [ERROR] Is Streamlit still running? If you accidentally stopped Streamlit, just restart it in your terminal: @ http://localhost:8765/static/js/index.bE3scgDe.js:38
[  813922ms] [ERROR] Failed to load resource: net::ERR_CONNECTION_REFUSED @ http://localhost:8765/_stcore/host-config:0
[  820027ms] [ERROR] Failed to load resource: net::ERR_CONNECTION_REFUSED @ http://localhost:8765/_stcore/health:0
[  820028ms] [ERROR] Client Error in reaching server endpoint - No response received when attempting to reach /_stcore/health @ http://localhost:8765/static/js/index.bE3scgDe.js:33
[  820028ms] [ERROR] Is Streamlit still running? If you accidentally stopped Streamlit, just restart it in your terminal: @ http://localhost:8765/static/js/index.bE3scgDe.js:38
[  820053ms] [ERROR] Failed to load resource: net::ERR_CONNECTION_REFUSED @ http://localhost:8765/_stcore/host-config:0
[  826016ms] [ERROR] Failed to load resource: net::ERR_CONNECTION_REFUSED @ http://localhost:8765/_stcore/health:0
[  826017ms] [ERROR] Client Error in reaching server endpoint - No response received when attempting to reach /_stcore/health @ http://localhost:8765/static/js/index.bE3scgDe.js:33
[  826017ms] [ERROR] Is Streamlit still running? If you accidentally stopped Streamlit, just restart it in your terminal: @ http://localhost:8765/static/js/index.bE3scgDe.js:38
[  826048ms] [ERROR] Failed to load resource: net::ERR_CONNECTION_REFUSED @ http://localhost:8765/_stcore/host-config:0
[  832071ms] [ERROR] Failed to load resource: net::ERR_CONNECTION_REFUSED @ http://localhost:8765/_stcore/health:0
[  832072ms] [ERROR] Client Error in reaching server endpoint - No response received when attempting to reach /_stcore/health @ http://localhost:8765/static/js/index.bE3scgDe.js:33
[  832072ms] [ERROR] Is Streamlit still running? If you accidentally stopped Streamlit, just restart it in your terminal: @ http://localhost:8765/static/js/index.bE3scgDe.js:38
[  832096ms] [ERROR] Failed to load resource: net::ERR_CONNECTION_REFUSED @ http://localhost:8765/_stcore/host-config:0
[  838121ms] [ERROR] Failed to load resource: net::ERR_CONNECTION_REFUSED @ http://localhost:8765/_stcore/health:0
[  838121ms] [ERROR] Client Error in reaching server endpoint - No response received when attempting to reach /_stcore/health @ http://localhost:8765/static/js/index.bE3scgDe.js:33
[  838121ms] [ERROR] Is Streamlit still running? If you accidentally stopped Streamlit, just restart it in your terminal: @ http://localhost:8765/static/js/index.bE3scgDe.js:38
[  838150ms] [ERROR] Failed to load resource: net::ERR_CONNECTION_REFUSED @ http://localhost:8765/_stcore/host-config:0
[  844048ms] [ERROR] Failed to load resource: net::ERR_CONNECTION_REFUSED @ http://localhost:8765/_stcore/health:0
[  844048ms] [ERROR] Client Error in reaching server endpoint - No response received when attempting to reach /_stcore/health @ http://localhost:8765/static/js/index.bE3scgDe.js:33
[  844049ms] [ERROR] Is Streamlit still running? If you accidentally stopped Streamlit, just restart it in your terminal: @ http://localhost:8765/static/js/index.bE3scgDe.js:38
[  844072ms] [ERROR] Failed to load resource: net::ERR_CONNECTION_REFUSED @ http://localhost:8765/_stcore/host-config:0
[  850304ms] [ERROR] Failed to load resource: net::ERR_CONNECTION_REFUSED @ http://localhost:8765/_stcore/health:0
[  850304ms] [ERROR] Client Error in reaching server endpoint - No response received when attempting to reach /_stcore/health @ http://localhost:8765/static/js/index.bE3scgDe.js:33
[  850304ms] [ERROR] Is Streamlit still running? If you accidentally stopped Streamlit, just restart it in your terminal: @ http://localhost:8765/static/js/index.bE3scgDe.js:38
[  850328ms] [ERROR] Failed to load resource: net::ERR_CONNECTION_REFUSED @ http://localhost:8765/_stcore/host-config:0
[  855699ms] [ERROR] Failed to load resource: net::ERR_CONNECTION_REFUSED @ http://localhost:8765/_stcore/health:0
[  855699ms] [ERROR] Client Error in reaching server endpoint - No response received when attempting to reach /_stcore/health @ http://localhost:8765/static/js/index.bE3scgDe.js:33
[  855699ms] [ERROR] Is Streamlit still running? If you accidentally stopped Streamlit, just restart it in your terminal: @ http://localhost:8765/static/js/index.bE3scgDe.js:38
[  855701ms] [ERROR] Failed to load resource: net::ERR_CONNECTION_REFUSED @ http://localhost:8765/_stcore/host-config:0
[  861358ms] [ERROR] Failed to load resource: net::ERR_CONNECTION_REFUSED @ http://localhost:8765/_stcore/health:0
[  861358ms] [ERROR] Client Error in reaching server endpoint - No response received when attempting to reach /_stcore/health @ http://localhost:8765/static/js/index.bE3scgDe.js:33
[  861358ms] [ERROR] Is Streamlit still running? If you accidentally stopped Streamlit, just restart it in your terminal: @ http://localhost:8765/static/js/index.bE3scgDe.js:38
[  861361ms] [ERROR] Failed to load resource: net::ERR_CONNECTION_REFUSED @ http://localhost:8765/_stcore/host-config:0
[  867100ms] [ERROR] Failed to load resource: net::ERR_CONNECTION_REFUSED @ http://localhost:8765/_stcore/health:0
[  867100ms] [ERROR] Client Error in reaching server endpoint - No response received when attempting to reach /_stcore/health @ http://localhost:8765/static/js/index.bE3scgDe.js:33
[  867100ms] [ERROR] Is Streamlit still running? If you accidentally stopped Streamlit, just restart it in your terminal: @ http://localhost:8765/static/js/index.bE3scgDe.js:38
[  867126ms] [ERROR] Failed to load resource: net::ERR_CONNECTION_REFUSED @ http://localhost:8765/_stcore/host-config:0
[  872290ms] [ERROR] Failed to load resource: net::ERR_CONNECTION_REFUSED @ http://localhost:8765/_stcore/health:0
[  872290ms] [ERROR] Client Error in reaching server endpoint - No response received when attempting to reach /_stcore/health @ http://localhost:8765/static/js/index.bE3scgDe.js:33
[  872291ms] [ERROR] Is Streamlit still running? If you accidentally stopped Streamlit, just restart it in your terminal: @ http://localhost:8765/static/js/index.bE3scgDe.js:38
[  872293ms] [ERROR] Failed to load resource: net::ERR_CONNECTION_REFUSED @ http://localhost:8765/_stcore/host-config:0
[  877886ms] [ERROR] Failed to load resource: net::ERR_CONNECTION_REFUSED @ http://localhost:8765/_stcore/health:0
[  877886ms] [ERROR] Client Error in reaching server endpoint - No response received when attempting to reach /_stcore/health @ http://localhost:8765/static/js/index.bE3scgDe.js:33
[  877886ms] [ERROR] Is Streamlit still running? If you accidentally stopped Streamlit, just restart it in your terminal: @ http://localhost:8765/static/js/index.bE3scgDe.js:38
[  877918ms] [ERROR] Failed to load resource: net::ERR_CONNECTION_REFUSED @ http://localhost:8765/_stcore/host-config:0
[  883138ms] [ERROR] Failed to load resource: net::ERR_CONNECTION_REFUSED @ http://localhost:8765/_stcore/health:0
[  883138ms] [ERROR] Client Error in reaching server endpoint - No response received when attempting to reach /_stcore/health @ http://localhost:8765/static/js/index.bE3scgDe.js:33
[  883139ms] [ERROR] Is Streamlit still running? If you accidentally stopped Streamlit, just restart it in your terminal: @ http://localhost:8765/static/js/index.bE3scgDe.js:38
[  883141ms] [ERROR] Failed to load resource: net::ERR_CONNECTION_REFUSED @ http://localhost:8765/_stcore/host-config:0
[  889158ms] [ERROR] Failed to load resource: net::ERR_CONNECTION_REFUSED @ http://localhost:8765/_stcore/health:0
[  889159ms] [ERROR] Client Error in reaching server endpoint - No response received when attempting to reach /_stcore/health @ http://localhost:8765/static/js/index.bE3scgDe.js:33
[  889159ms] [ERROR] Is Streamlit still running? If you accidentally stopped Streamlit, just restart it in your terminal: @ http://localhost:8765/static/js/index.bE3scgDe.js:38
[  889161ms] [ERROR] Failed to load resource: net::ERR_CONNECTION_REFUSED @ http://localhost:8765/_stcore/host-config:0
[  894380ms] [ERROR] Failed to load resource: net::ERR_CONNECTION_REFUSED @ http://localhost:8765/_stcore/health:0
[  894380ms] [ERROR] Client Error in reaching server endpoint - No response received when attempting to reach /_stcore/health @ http://localhost:8765/static/js/index.bE3scgDe.js:33
[  894380ms] [ERROR] Is Streamlit still running? If you accidentally stopped Streamlit, just restart it in your terminal: @ http://localhost:8765/static/js/index.bE3scgDe.js:38
[  894405ms] [ERROR] Failed to load resource: net::ERR_CONNECTION_REFUSED @ http://localhost:8765/_stcore/host-config:0
[  900588ms] [ERROR] Failed to load resource: net::ERR_CONNECTION_REFUSED @ http://localhost:8765/_stcore/health:0
[  900588ms] [ERROR] Client Error in reaching server endpoint - No response received when attempting to reach /_stcore/health @ http://localhost:8765/static/js/index.bE3scgDe.js:33
[  900588ms] [ERROR] Is Streamlit still running? If you accidentally stopped Streamlit, just restart it in your terminal: @ http://localhost:8765/static/js/index.bE3scgDe.js:38
[  900590ms] [ERROR] Failed to load resource: net::ERR_CONNECTION_REFUSED @ http://localhost:8765/_stcore/host-config:0
[  906237ms] [ERROR] Failed to load resource: net::ERR_CONNECTION_REFUSED @ http://localhost:8765/_stcore/health:0
[  906238ms] [ERROR] Client Error in reaching server endpoint - No response received when attempting to reach /_stcore/health @ http://localhost:8765/static/js/index.bE3scgDe.js:33
[  906238ms] [ERROR] Is Streamlit still running? If you accidentally stopped Streamlit, just restart it in your terminal: @ http://localhost:8765/static/js/index.bE3scgDe.js:38
[  906260ms] [ERROR] Failed to load resource: net::ERR_CONNECTION_REFUSED @ http://localhost:8765/_stcore/host-config:0
[  912085ms] [ERROR] Failed to load resource: net::ERR_CONNECTION_REFUSED @ http://localhost:8765/_stcore/health:0
[  912085ms] [ERROR] Client Error in reaching server endpoint - No response received when attempting to reach /_stcore/health @ http://localhost:8765/static/js/index.bE3scgDe.js:33
[  912085ms] [ERROR] Is Streamlit still running? If you accidentally stopped Streamlit, just restart it in your terminal: @ http://localhost:8765/static/js/index.bE3scgDe.js:38
[  912138ms] [ERROR] Failed to load resource: net::ERR_CONNECTION_REFUSED @ http://localhost:8765/_stcore/host-config:0
[  917418ms] [ERROR] Failed to load resource: net::ERR_CONNECTION_REFUSED @ http://localhost:8765/_stcore/health:0
[  917418ms] [ERROR] Client Error in reaching server endpoint - No response received when attempting to reach /_stcore/health @ http://localhost:8765/static/js/index.bE3scgDe.js:33
[  917418ms] [ERROR] Is Streamlit still running? If you accidentally stopped Streamlit, just restart it in your terminal: @ http://localhost:8765/static/js/index.bE3scgDe.js:38
[  917420ms] [ERROR] Failed to load resource: net::ERR_CONNECTION_REFUSED @ http://localhost:8765/_stcore/host-config:0
[  922590ms] [ERROR] Failed to load resource: net::ERR_CONNECTION_REFUSED @ http://localhost:8765/_stcore/health:0
[  922590ms] [ERROR] Client Error in reaching server endpoint - No response received when attempting to reach /_stcore/health @ http://localhost:8765/static/js/index.bE3scgDe.js:33
[  922590ms] [ERROR] Is Streamlit still running? If you accidentally stopped Streamlit, just restart it in your terminal: @ http://localhost:8765/static/js/index.bE3scgDe.js:38
[  922592ms] [ERROR] Failed to load resource: net::ERR_CONNECTION_REFUSED @ http://localhost:8765/_stcore/host-config:0
[  927985ms] [ERROR] Failed to load resource: net::ERR_CONNECTION_REFUSED @ http://localhost:8765/_stcore/health:0
[  927985ms] [ERROR] Client Error in reaching server endpoint - No response received when attempting to reach /_stcore/health @ http://localhost:8765/static/js/index.bE3scgDe.js:33
[  927985ms] [ERROR] Is Streamlit still running? If you accidentally stopped Streamlit, just restart it in your terminal: @ http://localhost:8765/static/js/index.bE3scgDe.js:38
[  928013ms] [ERROR] Failed to load resource: net::ERR_CONNECTION_REFUSED @ http://localhost:8765/_stcore/host-config:0
[  933514ms] [ERROR] Failed to load resource: net::ERR_CONNECTION_REFUSED @ http://localhost:8765/_stcore/health:0
[  933514ms] [ERROR] Client Error in reaching server endpoint - No response received when attempting to reach /_stcore/health @ http://localhost:8765/static/js/index.bE3scgDe.js:33
[  933514ms] [ERROR] Is Streamlit still running? If you accidentally stopped Streamlit, just restart it in your terminal: @ http://localhost:8765/static/js/index.bE3scgDe.js:38
[  933538ms] [ERROR] Failed to load resource: net::ERR_CONNECTION_REFUSED @ http://localhost:8765/_stcore/host-config:0
[  938680ms] [ERROR] Failed to load resource: net::ERR_CONNECTION_REFUSED @ http://localhost:8765/_stcore/health:0
[  938680ms] [ERROR] Client Error in reaching server endpoint - No response received when attempting to reach /_stcore/health @ http://localhost:8765/static/js/index.bE3scgDe.js:33
[  938681ms] [ERROR] Is Streamlit still running? If you accidentally stopped Streamlit, just restart it in your terminal: @ http://localhost:8765/static/js/index.bE3scgDe.js:38
[  938705ms] [ERROR] Failed to load resource: net::ERR_CONNECTION_REFUSED @ http://localhost:8765/_stcore/host-config:0
[  944676ms] [ERROR] Failed to load resource: net::ERR_CONNECTION_REFUSED @ http://localhost:8765/_stcore/health:0
[  944676ms] [ERROR] Client Error in reaching server endpoint - No response received when attempting to reach /_stcore/health @ http://localhost:8765/static/js/index.bE3scgDe.js:33
[  944676ms] [ERROR] Is Streamlit still running? If you accidentally stopped Streamlit, just restart it in your terminal: @ http://localhost:8765/static/js/index.bE3scgDe.js:38
[  944677ms] [ERROR] Failed to load resource: net::ERR_CONNECTION_REFUSED @ http://localhost:8765/_stcore/host-config:0
[  950107ms] [ERROR] Failed to load resource: net::ERR_CONNECTION_REFUSED @ http://localhost:8765/_stcore/health:0
[  950107ms] [ERROR] Client Error in reaching server endpoint - No response received when attempting to reach /_stcore/health @ http://localhost:8765/static/js/index.bE3scgDe.js:33
[  950107ms] [ERROR] Is Streamlit still running? If you accidentally stopped Streamlit, just restart it in your terminal: @ http://localhost:8765/static/js/index.bE3scgDe.js:38
[  950140ms] [ERROR] Failed to load resource: net::ERR_CONNECTION_REFUSED @ http://localhost:8765/_stcore/host-config:0
[  955661ms] [ERROR] Failed to load resource: net::ERR_CONNECTION_REFUSED @ http://localhost:8765/_stcore/health:0
[  955661ms] [ERROR] Client Error in reaching server endpoint - No response received when attempting to reach /_stcore/health @ http://localhost:8765/static/js/index.bE3scgDe.js:33
[  955661ms] [ERROR] Is Streamlit still running? If you accidentally stopped Streamlit, just restart it in your terminal: @ http://localhost:8765/static/js/index.bE3scgDe.js:38
[  955688ms] [ERROR] Failed to load resource: net::ERR_CONNECTION_REFUSED @ http://localhost:8765/_stcore/host-config:0
[  961646ms] [ERROR] Failed to load resource: net::ERR_CONNECTION_REFUSED @ http://localhost:8765/_stcore/health:0
[  961646ms] [ERROR] Client Error in reaching server endpoint - No response received when attempting to reach /_stcore/health @ http://localhost:8765/static/js/index.bE3scgDe.js:33
[  961646ms] [ERROR] Is Streamlit still running? If you accidentally stopped Streamlit, just restart it in your terminal: @ http://localhost:8765/static/js/index.bE3scgDe.js:38
[  961648ms] [ERROR] Failed to load resource: net::ERR_CONNECTION_REFUSED @ http://localhost:8765/_stcore/host-config:0
[  967476ms] [ERROR] Failed to load resource: net::ERR_CONNECTION_REFUSED @ http://localhost:8765/_stcore/health:0
[  967476ms] [ERROR] Client Error in reaching server endpoint - No response received when attempting to reach /_stcore/health @ http://localhost:8765/static/js/index.bE3scgDe.js:33
[  967476ms] [ERROR] Is Streamlit still running? If you accidentally stopped Streamlit, just restart it in your terminal: @ http://localhost:8765/static/js/index.bE3scgDe.js:38
[  967479ms] [ERROR] Failed to load resource: net::ERR_CONNECTION_REFUSED @ http://localhost:8765/_stcore/host-config:0
[  973233ms] [ERROR] Failed to load resource: net::ERR_CONNECTION_REFUSED @ http://localhost:8765/_stcore/health:0
[  973233ms] [ERROR] Client Error in reaching server endpoint - No response received when attempting to reach /_stcore/health @ http://localhost:8765/static/js/index.bE3scgDe.js:33
[  973233ms] [ERROR] Is Streamlit still running? If you accidentally stopped Streamlit, just restart it in your terminal: @ http://localhost:8765/static/js/index.bE3scgDe.js:38
[  973257ms] [ERROR] Failed to load resource: net::ERR_CONNECTION_REFUSED @ http://localhost:8765/_stcore/host-config:0
[  979493ms] [ERROR] Failed to load resource: net::ERR_CONNECTION_REFUSED @ http://localhost:8765/_stcore/health:0
[  979493ms] [ERROR] Client Error in reaching server endpoint - No response received when attempting to reach /_stcore/health @ http://localhost:8765/static/js/index.bE3scgDe.js:33
[  979494ms] [ERROR] Is Streamlit still running? If you accidentally stopped Streamlit, just restart it in your terminal: @ http://localhost:8765/static/js/index.bE3scgDe.js:38
[  979518ms] [ERROR] Failed to load resource: net::ERR_CONNECTION_REFUSED @ http://localhost:8765/_stcore/host-config:0
[  985152ms] [ERROR] Failed to load resource: net::ERR_CONNECTION_REFUSED @ http://localhost:8765/_stcore/health:0
[  985152ms] [ERROR] Client Error in reaching server endpoint - No response received when attempting to reach /_stcore/health @ http://localhost:8765/static/js/index.bE3scgDe.js:33
[  985152ms] [ERROR] Is Streamlit still running? If you accidentally stopped Streamlit, just restart it in your terminal: @ http://localhost:8765/static/js/index.bE3scgDe.js:38
[  985174ms] [ERROR] Failed to load resource: net::ERR_CONNECTION_REFUSED @ http://localhost:8765/_stcore/host-config:0
[  990983ms] [ERROR] Failed to load resource: net::ERR_CONNECTION_REFUSED @ http://localhost:8765/_stcore/health:0
[  990983ms] [ERROR] Client Error in reaching server endpoint - No response received when attempting to reach /_stcore/health @ http://localhost:8765/static/js/index.bE3scgDe.js:33
[  990984ms] [ERROR] Is Streamlit still running? If you accidentally stopped Streamlit, just restart it in your terminal: @ http://localhost:8765/static/js/index.bE3scgDe.js:38
[  991009ms] [ERROR] Failed to load resource: net::ERR_CONNECTION_REFUSED @ http://localhost:8765/_stcore/host-config:0
[  996296ms] [ERROR] Failed to load resource: net::ERR_CONNECTION_REFUSED @ http://localhost:8765/_stcore/health:0
[  996296ms] [ERROR] Client Error in reaching server endpoint - No response received when attempting to reach /_stcore/health @ http://localhost:8765/static/js/index.bE3scgDe.js:33
[  996296ms] [ERROR] Is Streamlit still running? If you accidentally stopped Streamlit, just restart it in your terminal: @ http://localhost:8765/static/js/index.bE3scgDe.js:38
[  996299ms] [ERROR] Failed to load resource: net::ERR_CONNECTION_REFUSED @ http://localhost:8765/_stcore/host-config:0
[ 1001709ms] [ERROR] Failed to load resource: net::ERR_CONNECTION_REFUSED @ http://localhost:8765/_stcore/health:0
[ 1001709ms] [ERROR] Client Error in reaching server endpoint - No response received when attempting to reach /_stcore/health @ http://localhost:8765/static/js/index.bE3scgDe.js:33
[ 1001709ms] [ERROR] Is Streamlit still running? If you accidentally stopped Streamlit, just restart it in your terminal: @ http://localhost:8765/static/js/index.bE3scgDe.js:38
[ 1001712ms] [ERROR] Failed to load resource: net::ERR_CONNECTION_REFUSED @ http://localhost:8765/_stcore/host-config:0
[ 1007776ms] [ERROR] Failed to load resource: net::ERR_CONNECTION_REFUSED @ http://localhost:8765/_stcore/health:0
[ 1007776ms] [ERROR] Client Error in reaching server endpoint - No response received when attempting to reach /_stcore/health @ http://localhost:8765/static/js/index.bE3scgDe.js:33
[ 1007777ms] [ERROR] Is Streamlit still running? If you accidentally stopped Streamlit, just restart it in your terminal: @ http://localhost:8765/static/js/index.bE3scgDe.js:38
[ 1007801ms] [ERROR] Failed to load resource: net::ERR_CONNECTION_REFUSED @ http://localhost:8765/_stcore/host-config:0
[ 1013136ms] [ERROR] Failed to load resource: net::ERR_CONNECTION_REFUSED @ http://localhost:8765/_stcore/health:0
[ 1013136ms] [ERROR] Client Error in reaching server endpoint - No response received when attempting to reach /_stcore/health @ http://localhost:8765/static/js/index.bE3scgDe.js:33
[ 1013137ms] [ERROR] Is Streamlit still running? If you accidentally stopped Streamlit, just restart it in your terminal: @ http://localhost:8765/static/js/index.bE3scgDe.js:38
[ 1013161ms] [ERROR] Failed to load resource: net::ERR_CONNECTION_REFUSED @ http://localhost:8765/_stcore/host-config:0
[ 1018732ms] [ERROR] Failed to load resource: net::ERR_CONNECTION_REFUSED @ http://localhost:8765/_stcore/health:0
[ 1018732ms] [ERROR] Client Error in reaching server endpoint - No response received when attempting to reach /_stcore/health @ http://localhost:8765/static/js/index.bE3scgDe.js:33
[ 1018732ms] [ERROR] Is Streamlit still running? If you accidentally stopped Streamlit, just restart it in your terminal: @ http://localhost:8765/static/js/index.bE3scgDe.js:38
[ 1018757ms] [ERROR] Failed to load resource: net::ERR_CONNECTION_REFUSED @ http://localhost:8765/_stcore/host-config:0
[ 1023913ms] [ERROR] Failed to load resource: net::ERR_CONNECTION_REFUSED @ http://localhost:8765/_stcore/health:0
[ 1023913ms] [ERROR] Client Error in reaching server endpoint - No response received when attempting to reach /_stcore/health @ http://localhost:8765/static/js/index.bE3scgDe.js:33
[ 1023913ms] [ERROR] Is Streamlit still running? If you accidentally stopped Streamlit, just restart it in your terminal: @ http://localhost:8765/static/js/index.bE3scgDe.js:38
[ 1023939ms] [ERROR] Failed to load resource: net::ERR_CONNECTION_REFUSED @ http://localhost:8765/_stcore/host-config:0
[ 1030026ms] [ERROR] Failed to load resource: net::ERR_CONNECTION_REFUSED @ http://localhost:8765/_stcore/health:0
[ 1030026ms] [ERROR] Client Error in reaching server endpoint - No response received when attempting to reach /_stcore/health @ http://localhost:8765/static/js/index.bE3scgDe.js:33
[ 1030026ms] [ERROR] Is Streamlit still running? If you accidentally stopped Streamlit, just restart it in your terminal: @ http://localhost:8765/static/js/index.bE3scgDe.js:38
[ 1030054ms] [ERROR] Failed to load resource: net::ERR_CONNECTION_REFUSED @ http://localhost:8765/_stcore/host-config:0
[ 1035936ms] [ERROR] Failed to load resource: net::ERR_CONNECTION_REFUSED @ http://localhost:8765/_stcore/health:0
[ 1035936ms] [ERROR] Client Error in reaching server endpoint - No response received when attempting to reach /_stcore/health @ http://localhost:8765/static/js/index.bE3scgDe.js:33
[ 1035937ms] [ERROR] Is Streamlit still running? If you accidentally stopped Streamlit, just restart it in your terminal: @ http://localhost:8765/static/js/index.bE3scgDe.js:38
[ 1035959ms] [ERROR] Failed to load resource: net::ERR_CONNECTION_REFUSED @ http://localhost:8765/_stcore/host-config:0
[ 1042096ms] [ERROR] Failed to load resource: net::ERR_CONNECTION_REFUSED @ http://localhost:8765/_stcore/health:0
[ 1042096ms] [ERROR] Client Error in reaching server endpoint - No response received when attempting to reach /_stcore/health @ http://localhost:8765/static/js/index.bE3scgDe.js:33
[ 1042097ms] [ERROR] Is Streamlit still running? If you accidentally stopped Streamlit, just restart it in your terminal: @ http://localhost:8765/static/js/index.bE3scgDe.js:38
[ 1042130ms] [ERROR] Failed to load resource: net::ERR_CONNECTION_REFUSED @ http://localhost:8765/_stcore/host-config:0
[ 1048263ms] [ERROR] Failed to load resource: net::ERR_CONNECTION_REFUSED @ http://localhost:8765/_stcore/health:0
[ 1048263ms] [ERROR] Client Error in reaching server endpoint - No response received when attempting to reach /_stcore/health @ http://localhost:8765/static/js/index.bE3scgDe.js:33
[ 1048263ms] [ERROR] Is Streamlit still running? If you accidentally stopped Streamlit, just restart it in your terminal: @ http://localhost:8765/static/js/index.bE3scgDe.js:38
[ 1048289ms] [ERROR] Failed to load resource: net::ERR_CONNECTION_REFUSED @ http://localhost:8765/_stcore/host-config:0
[ 1053719ms] [ERROR] Failed to load resource: net::ERR_CONNECTION_REFUSED @ http://localhost:8765/_stcore/health:0
[ 1053719ms] [ERROR] Client Error in reaching server endpoint - No response received when attempting to reach /_stcore/health @ http://localhost:8765/static/js/index.bE3scgDe.js:33
[ 1053719ms] [ERROR] Is Streamlit still running? If you accidentally stopped Streamlit, just restart it in your terminal: @ http://localhost:8765/static/js/index.bE3scgDe.js:38
[ 1053722ms] [ERROR] Failed to load resource: net::ERR_CONNECTION_REFUSED @ http://localhost:8765/_stcore/host-config:0
[ 1059801ms] [ERROR] Failed to load resource: net::ERR_CONNECTION_REFUSED @ http://localhost:8765/_stcore/health:0
[ 1059801ms] [ERROR] Client Error in reaching server endpoint - No response received when attempting to reach /_stcore/health @ http://localhost:8765/static/js/index.bE3scgDe.js:33
[ 1059802ms] [ERROR] Is Streamlit still running? If you accidentally stopped Streamlit, just restart it in your terminal: @ http://localhost:8765/static/js/index.bE3scgDe.js:38
[ 1059825ms] [ERROR] Failed to load resource: net::ERR_CONNECTION_REFUSED @ http://localhost:8765/_stcore/host-config:0
[ 1065022ms] [ERROR] Failed to load resource: net::ERR_CONNECTION_REFUSED @ http://localhost:8765/_stcore/health:0
[ 1065022ms] [ERROR] Client Error in reaching server endpoint - No response received when attempting to reach /_stcore/health @ http://localhost:8765/static/js/index.bE3scgDe.js:33
[ 1065022ms] [ERROR] Is Streamlit still running? If you accidentally stopped Streamlit, just restart it in your terminal: @ http://localhost:8765/static/js/index.bE3scgDe.js:38
[ 1065045ms] [ERROR] Failed to load resource: net::ERR_CONNECTION_REFUSED @ http://localhost:8765/_stcore/host-config:0
[ 1070656ms] [ERROR] Failed to load resource: net::ERR_CONNECTION_REFUSED @ http://localhost:8765/_stcore/health:0
[ 1070657ms] [ERROR] Client Error in reaching server endpoint - No response received when attempting to reach /_stcore/health @ http://localhost:8765/static/js/index.bE3scgDe.js:33
[ 1070657ms] [ERROR] Is Streamlit still running? If you accidentally stopped Streamlit, just restart it in your terminal: @ http://localhost:8765/static/js/index.bE3scgDe.js:38
[ 1070659ms] [ERROR] Failed to load resource: net::ERR_CONNECTION_REFUSED @ http://localhost:8765/_stcore/host-config:0
[ 1076512ms] [ERROR] Failed to load resource: net::ERR_CONNECTION_REFUSED @ http://localhost:8765/_stcore/health:0
[ 1076512ms] [ERROR] Client Error in reaching server endpoint - No response received when attempting to reach /_stcore/health @ http://localhost:8765/static/js/index.bE3scgDe.js:33
[ 1076512ms] [ERROR] Is Streamlit still running? If you accidentally stopped Streamlit, just restart it in your terminal: @ http://localhost:8765/static/js/index.bE3scgDe.js:38
[ 1076536ms] [ERROR] Failed to load resource: net::ERR_CONNECTION_REFUSED @ http://localhost:8765/_stcore/host-config:0
[ 1082395ms] [ERROR] Failed to load resource: net::ERR_CONNECTION_REFUSED @ http://localhost:8765/_stcore/health:0
[ 1082395ms] [ERROR] Client Error in reaching server endpoint - No response received when attempting to reach /_stcore/health @ http://localhost:8765/static/js/index.bE3scgDe.js:33
[ 1082396ms] [ERROR] Is Streamlit still running? If you accidentally stopped Streamlit, just restart it in your terminal: @ http://localhost:8765/static/js/index.bE3scgDe.js:38
[ 1082426ms] [ERROR] Failed to load resource: net::ERR_CONNECTION_REFUSED @ http://localhost:8765/_stcore/host-config:0
[ 1087772ms] [ERROR] Failed to load resource: net::ERR_CONNECTION_REFUSED @ http://localhost:8765/_stcore/health:0
[ 1087772ms] [ERROR] Client Error in reaching server endpoint - No response received when attempting to reach /_stcore/health @ http://localhost:8765/static/js/index.bE3scgDe.js:33
[ 1087773ms] [ERROR] Is Streamlit still running? If you accidentally stopped Streamlit, just restart it in your terminal: @ http://localhost:8765/static/js/index.bE3scgDe.js:38
[ 1087773ms] [ERROR] Failed to load resource: net::ERR_CONNECTION_REFUSED @ http://localhost:8765/_stcore/host-config:0
[ 1093281ms] [ERROR] Failed to load resource: net::ERR_CONNECTION_REFUSED @ http://localhost:8765/_stcore/health:0
[ 1093281ms] [ERROR] Client Error in reaching server endpoint - No response received when attempting to reach /_stcore/health @ http://localhost:8765/static/js/index.bE3scgDe.js:33
[ 1093281ms] [ERROR] Is Streamlit still running? If you accidentally stopped Streamlit, just restart it in your terminal: @ http://localhost:8765/static/js/index.bE3scgDe.js:38
[ 1093281ms] [ERROR] Failed to load resource: net::ERR_CONNECTION_REFUSED @ http://localhost:8765/_stcore/host-config:0
[ 1098969ms] [ERROR] Failed to load resource: net::ERR_CONNECTION_REFUSED @ http://localhost:8765/_stcore/health:0
[ 1098969ms] [ERROR] Client Error in reaching server endpoint - No response received when attempting to reach /_stcore/health @ http://localhost:8765/static/js/index.bE3scgDe.js:33
[ 1098969ms] [ERROR] Is Streamlit still running? If you accidentally stopped Streamlit, just restart it in your terminal: @ http://localhost:8765/static/js/index.bE3scgDe.js:38
[ 1098993ms] [ERROR] Failed to load resource: net::ERR_CONNECTION_REFUSED @ http://localhost:8765/_stcore/host-config:0
[ 1105303ms] [ERROR] Failed to load resource: net::ERR_CONNECTION_REFUSED @ http://localhost:8765/_stcore/health:0
[ 1105304ms] [ERROR] Client Error in reaching server endpoint - No response received when attempting to reach /_stcore/health @ http://localhost:8765/static/js/index.bE3scgDe.js:33
[ 1105304ms] [ERROR] Is Streamlit still running? If you accidentally stopped Streamlit, just restart it in your terminal: @ http://localhost:8765/static/js/index.bE3scgDe.js:38
[ 1105306ms] [ERROR] Failed to load resource: net::ERR_CONNECTION_REFUSED @ http://localhost:8765/_stcore/host-config:0
[ 1110975ms] [ERROR] Failed to load resource: net::ERR_CONNECTION_REFUSED @ http://localhost:8765/_stcore/health:0
[ 1110975ms] [ERROR] Client Error in reaching server endpoint - No response received when attempting to reach /_stcore/health @ http://localhost:8765/static/js/index.bE3scgDe.js:33
[ 1110975ms] [ERROR] Is Streamlit still running? If you accidentally stopped Streamlit, just restart it in your terminal: @ http://localhost:8765/static/js/index.bE3scgDe.js:38
[ 1110998ms] [ERROR] Failed to load resource: net::ERR_CONNECTION_REFUSED @ http://localhost:8765/_stcore/host-config:0
[ 1116291ms] [ERROR] Failed to load resource: net::ERR_CONNECTION_REFUSED @ http://localhost:8765/_stcore/health:0
[ 1116291ms] [ERROR] Client Error in reaching server endpoint - No response received when attempting to reach /_stcore/health @ http://localhost:8765/static/js/index.bE3scgDe.js:33
[ 1116291ms] [ERROR] Is Streamlit still running? If you accidentally stopped Streamlit, just restart it in your terminal: @ http://localhost:8765/static/js/index.bE3scgDe.js:38
[ 1116318ms] [ERROR] Failed to load resource: net::ERR_CONNECTION_REFUSED @ http://localhost:8765/_stcore/host-config:0
[ 1122459ms] [ERROR] Failed to load resource: net::ERR_CONNECTION_REFUSED @ http://localhost:8765/_stcore/health:0
[ 1122459ms] [ERROR] Client Error in reaching server endpoint - No response received when attempting to reach /_stcore/health @ http://localhost:8765/static/js/index.bE3scgDe.js:33
[ 1122459ms] [ERROR] Is Streamlit still running? If you accidentally stopped Streamlit, just restart it in your terminal: @ http://localhost:8765/static/js/index.bE3scgDe.js:38
[ 1122481ms] [ERROR] Failed to load resource: net::ERR_CONNECTION_REFUSED @ http://localhost:8765/_stcore/host-config:0
[ 1128681ms] [ERROR] Failed to load resource: net::ERR_CONNECTION_REFUSED @ http://localhost:8765/_stcore/health:0
[ 1128681ms] [ERROR] Client Error in reaching server endpoint - No response received when attempting to reach /_stcore/health @ http://localhost:8765/static/js/index.bE3scgDe.js:33
[ 1128681ms] [ERROR] Is Streamlit still running? If you accidentally stopped Streamlit, just restart it in your terminal: @ http://localhost:8765/static/js/index.bE3scgDe.js:38
[ 1128705ms] [ERROR] Failed to load resource: net::ERR_CONNECTION_REFUSED @ http://localhost:8765/_stcore/host-config:0
[ 1133983ms] [ERROR] Failed to load resource: net::ERR_CONNECTION_REFUSED @ http://localhost:8765/_stcore/health:0
[ 1133983ms] [ERROR] Client Error in reaching server endpoint - No response received when attempting to reach /_stcore/health @ http://localhost:8765/static/js/index.bE3scgDe.js:33
[ 1133983ms] [ERROR] Is Streamlit still running? If you accidentally stopped Streamlit, just restart it in your terminal: @ http://localhost:8765/static/js/index.bE3scgDe.js:38
[ 1134005ms] [ERROR] Failed to load resource: net::ERR_CONNECTION_REFUSED @ http://localhost:8765/_stcore/host-config:0
[ 1139814ms] [ERROR] Failed to load resource: net::ERR_CONNECTION_REFUSED @ http://localhost:8765/_stcore/health:0
[ 1139815ms] [ERROR] Client Error in reaching server endpoint - No response received when attempting to reach /_stcore/health @ http://localhost:8765/static/js/index.bE3scgDe.js:33
[ 1139815ms] [ERROR] Is Streamlit still running? If you accidentally stopped Streamlit, just restart it in your terminal: @ http://localhost:8765/static/js/index.bE3scgDe.js:38
[ 1139817ms] [ERROR] Failed to load resource: net::ERR_CONNECTION_REFUSED @ http://localhost:8765/_stcore/host-config:0
[ 1145336ms] [ERROR] Failed to load resource: net::ERR_CONNECTION_REFUSED @ http://localhost:8765/_stcore/health:0
[ 1145336ms] [ERROR] Client Error in reaching server endpoint - No response received when attempting to reach /_stcore/health @ http://localhost:8765/static/js/index.bE3scgDe.js:33
[ 1145336ms] [ERROR] Is Streamlit still running? If you accidentally stopped Streamlit, just restart it in your terminal: @ http://localhost:8765/static/js/index.bE3scgDe.js:38
[ 1145337ms] [ERROR] Failed to load resource: net::ERR_CONNECTION_REFUSED @ http://localhost:8765/_stcore/host-config:0
[ 1151401ms] [ERROR] Failed to load resource: net::ERR_CONNECTION_REFUSED @ http://localhost:8765/_stcore/health:0
[ 1151401ms] [ERROR] Client Error in reaching server endpoint - No response received when attempting to reach /_stcore/health @ http://localhost:8765/static/js/index.bE3scgDe.js:33
[ 1151401ms] [ERROR] Is Streamlit still running? If you accidentally stopped Streamlit, just restart it in your terminal: @ http://localhost:8765/static/js/index.bE3scgDe.js:38
[ 1151402ms] [ERROR] Failed to load resource: net::ERR_CONNECTION_REFUSED @ http://localhost:8765/_stcore/host-config:0
[ 1157566ms] [ERROR] Failed to load resource: net::ERR_CONNECTION_REFUSED @ http://localhost:8765/_stcore/health:0
[ 1157567ms] [ERROR] Client Error in reaching server endpoint - No response received when attempting to reach /_stcore/health @ http://localhost:8765/static/js/index.bE3scgDe.js:33
[ 1157567ms] [ERROR] Is Streamlit still running? If you accidentally stopped Streamlit, just restart it in your terminal: @ http://localhost:8765/static/js/index.bE3scgDe.js:38
[ 1157605ms] [ERROR] Failed to load resource: net::ERR_CONNECTION_REFUSED @ http://localhost:8765/_stcore/host-config:0
[ 1163520ms] [ERROR] Failed to load resource: net::ERR_CONNECTION_REFUSED @ http://localhost:8765/_stcore/health:0
[ 1163520ms] [ERROR] Client Error in reaching server endpoint - No response received when attempting to reach /_stcore/health @ http://localhost:8765/static/js/index.bE3scgDe.js:33
[ 1163521ms] [ERROR] Is Streamlit still running? If you accidentally stopped Streamlit, just restart it in your terminal: @ http://localhost:8765/static/js/index.bE3scgDe.js:38
[ 1163543ms] [ERROR] Failed to load resource: net::ERR_CONNECTION_REFUSED @ http://localhost:8765/_stcore/host-config:0
[ 1169575ms] [ERROR] Failed to load resource: net::ERR_CONNECTION_REFUSED @ http://localhost:8765/_stcore/health:0
[ 1169575ms] [ERROR] Client Error in reaching server endpoint - No response received when attempting to reach /_stcore/health @ http://localhost:8765/static/js/index.bE3scgDe.js:33
[ 1169575ms] [ERROR] Is Streamlit still running? If you accidentally stopped Streamlit, just restart it in your terminal: @ http://localhost:8765/static/js/index.bE3scgDe.js:38
[ 1169577ms] [ERROR] Failed to load resource: net::ERR_CONNECTION_REFUSED @ http://localhost:8765/_stcore/host-config:0
[ 1175282ms] [ERROR] Failed to load resource: net::ERR_CONNECTION_REFUSED @ http://localhost:8765/_stcore/health:0
[ 1175282ms] [ERROR] Client Error in reaching server endpoint - No response received when attempting to reach /_stcore/health @ http://localhost:8765/static/js/index.bE3scgDe.js:33
[ 1175282ms] [ERROR] Is Streamlit still running? If you accidentally stopped Streamlit, just restart it in your terminal: @ http://localhost:8765/static/js/index.bE3scgDe.js:38
[ 1175307ms] [ERROR] Failed to load resource: net::ERR_CONNECTION_REFUSED @ http://localhost:8765/_stcore/host-config:0
[ 1181239ms] [ERROR] Failed to load resource: net::ERR_CONNECTION_REFUSED @ http://localhost:8765/_stcore/health:0
[ 1181239ms] [ERROR] Client Error in reaching server endpoint - No response received when attempting to reach /_stcore/health @ http://localhost:8765/static/js/index.bE3scgDe.js:33
[ 1181239ms] [ERROR] Is Streamlit still running? If you accidentally stopped Streamlit, just restart it in your terminal: @ http://localhost:8765/static/js/index.bE3scgDe.js:38
[ 1181263ms] [ERROR] Failed to load resource: net::ERR_CONNECTION_REFUSED @ http://localhost:8765/_stcore/host-config:0
[ 1186620ms] [ERROR] Failed to load resource: net::ERR_CONNECTION_REFUSED @ http://localhost:8765/_stcore/health:0
[ 1186620ms] [ERROR] Client Error in reaching server endpoint - No response received when attempting to reach /_stcore/health @ http://localhost:8765/static/js/index.bE3scgDe.js:33
[ 1186620ms] [ERROR] Is Streamlit still running? If you accidentally stopped Streamlit, just restart it in your terminal: @ http://localhost:8765/static/js/index.bE3scgDe.js:38
[ 1186644ms] [ERROR] Failed to load resource: net::ERR_CONNECTION_REFUSED @ http://localhost:8765/_stcore/host-config:0
[ 1191778ms] [ERROR] Failed to load resource: net::ERR_CONNECTION_REFUSED @ http://localhost:8765/_stcore/health:0
[ 1191778ms] [ERROR] Client Error in reaching server endpoint - No response received when attempting to reach /_stcore/health @ http://localhost:8765/static/js/index.bE3scgDe.js:33
[ 1191779ms] [ERROR] Is Streamlit still running? If you accidentally stopped Streamlit, just restart it in your terminal: @ http://localhost:8765/static/js/index.bE3scgDe.js:38
[ 1191804ms] [ERROR] Failed to load resource: net::ERR_CONNECTION_REFUSED @ http://localhost:8765/_stcore/host-config:0
[ 1198047ms] [ERROR] Failed to load resource: net::ERR_CONNECTION_REFUSED @ http://localhost:8765/_stcore/health:0
[ 1198048ms] [ERROR] Client Error in reaching server endpoint - No response received when attempting to reach /_stcore/health @ http://localhost:8765/static/js/index.bE3scgDe.js:33
[ 1198048ms] [ERROR] Is Streamlit still running? If you accidentally stopped Streamlit, just restart it in your terminal: @ http://localhost:8765/static/js/index.bE3scgDe.js:38
[ 1198073ms] [ERROR] Failed to load resource: net::ERR_CONNECTION_REFUSED @ http://localhost:8765/_stcore/host-config:0
[ 1203332ms] [ERROR] Failed to load resource: net::ERR_CONNECTION_REFUSED @ http://localhost:8765/_stcore/health:0
[ 1203332ms] [ERROR] Client Error in reaching server endpoint - No response received when attempting to reach /_stcore/health @ http://localhost:8765/static/js/index.bE3scgDe.js:33
[ 1203333ms] [ERROR] Is Streamlit still running? If you accidentally stopped Streamlit, just restart it in your terminal: @ http://localhost:8765/static/js/index.bE3scgDe.js:38
[ 1203357ms] [ERROR] Failed to load resource: net::ERR_CONNECTION_REFUSED @ http://localhost:8765/_stcore/host-config:0
[ 1208949ms] [ERROR] Failed to load resource: net::ERR_CONNECTION_REFUSED @ http://localhost:8765/_stcore/health:0
[ 1208949ms] [ERROR] Client Error in reaching server endpoint - No response received when attempting to reach /_stcore/health @ http://localhost:8765/static/js/index.bE3scgDe.js:33
[ 1208949ms] [ERROR] Is Streamlit still running? If you accidentally stopped Streamlit, just restart it in your terminal: @ http://localhost:8765/static/js/index.bE3scgDe.js:38
[ 1208972ms] [ERROR] Failed to load resource: net::ERR_CONNECTION_REFUSED @ http://localhost:8765/_stcore/host-config:0
[ 1214496ms] [ERROR] Failed to load resource: net::ERR_CONNECTION_REFUSED @ http://localhost:8765/_stcore/health:0
[ 1214496ms] [ERROR] Client Error in reaching server endpoint - No response received when attempting to reach /_stcore/health @ http://localhost:8765/static/js/index.bE3scgDe.js:33
[ 1214496ms] [ERROR] Is Streamlit still running? If you accidentally stopped Streamlit, just restart it in your terminal: @ http://localhost:8765/static/js/index.bE3scgDe.js:38
[ 1214498ms] [ERROR] Failed to load resource: net::ERR_CONNECTION_REFUSED @ http://localhost:8765/_stcore/host-config:0
[ 1220099ms] [ERROR] Failed to load resource: net::ERR_CONNECTION_REFUSED @ http://localhost:8765/_stcore/health:0
[ 1220099ms] [ERROR] Client Error in reaching server endpoint - No response received when attempting to reach /_stcore/health @ http://localhost:8765/static/js/index.bE3scgDe.js:33
[ 1220099ms] [ERROR] Is Streamlit still running? If you accidentally stopped Streamlit, just restart it in your terminal: @ http://localhost:8765/static/js/index.bE3scgDe.js:38
[ 1220102ms] [ERROR] Failed to load resource: net::ERR_CONNECTION_REFUSED @ http://localhost:8765/_stcore/host-config:0
[ 1226098ms] [ERROR] Failed to load resource: net::ERR_CONNECTION_REFUSED @ http://localhost:8765/_stcore/health:0
[ 1226098ms] [ERROR] Client Error in reaching server endpoint - No response received when attempting to reach /_stcore/health @ http://localhost:8765/static/js/index.bE3scgDe.js:33
[ 1226099ms] [ERROR] Is Streamlit still running? If you accidentally stopped Streamlit, just restart it in your terminal: @ http://localhost:8765/static/js/index.bE3scgDe.js:38
[ 1226101ms] [ERROR] Failed to load resource: net::ERR_CONNECTION_REFUSED @ http://localhost:8765/_stcore/host-config:0
[ 1231775ms] [ERROR] Failed to load resource: net::ERR_CONNECTION_REFUSED @ http://localhost:8765/_stcore/health:0
[ 1231775ms] [ERROR] Client Error in reaching server endpoint - No response received when attempting to reach /_stcore/health @ http://localhost:8765/static/js/index.bE3scgDe.js:33
[ 1231775ms] [ERROR] Is Streamlit still running? If you accidentally stopped Streamlit, just restart it in your terminal: @ http://localhost:8765/static/js/index.bE3scgDe.js:38
[ 1231802ms] [ERROR] Failed to load resource: net::ERR_CONNECTION_REFUSED @ http://localhost:8765/_stcore/host-config:0
[ 1237844ms] [ERROR] Failed to load resource: net::ERR_CONNECTION_REFUSED @ http://localhost:8765/_stcore/health:0
[ 1237845ms] [ERROR] Client Error in reaching server endpoint - No response received when attempting to reach /_stcore/health @ http://localhost:8765/static/js/index.bE3scgDe.js:33
[ 1237845ms] [ERROR] Is Streamlit still running? If you accidentally stopped Streamlit, just restart it in your terminal: @ http://localhost:8765/static/js/index.bE3scgDe.js:38
[ 1237846ms] [ERROR] Failed to load resource: net::ERR_CONNECTION_REFUSED @ http://localhost:8765/_stcore/host-config:0
[ 1243802ms] [ERROR] Failed to load resource: net::ERR_CONNECTION_REFUSED @ http://localhost:8765/_stcore/health:0
[ 1243802ms] [ERROR] Client Error in reaching server endpoint - No response received when attempting to reach /_stcore/health @ http://localhost:8765/static/js/index.bE3scgDe.js:33
[ 1243802ms] [ERROR] Is Streamlit still running? If you accidentally stopped Streamlit, just restart it in your terminal: @ http://localhost:8765/static/js/index.bE3scgDe.js:38
[ 1243803ms] [ERROR] Failed to load resource: net::ERR_CONNECTION_REFUSED @ http://localhost:8765/_stcore/host-config:0
[ 1249601ms] [ERROR] Failed to load resource: net::ERR_CONNECTION_REFUSED @ http://localhost:8765/_stcore/health:0
[ 1249601ms] [ERROR] Client Error in reaching server endpoint - No response received when attempting to reach /_stcore/health @ http://localhost:8765/static/js/index.bE3scgDe.js:33
[ 1249602ms] [ERROR] Is Streamlit still running? If you accidentally stopped Streamlit, just restart it in your terminal: @ http://localhost:8765/static/js/index.bE3scgDe.js:38
[ 1249627ms] [ERROR] Failed to load resource: net::ERR_CONNECTION_REFUSED @ http://localhost:8765/_stcore/host-config:0
[ 1254935ms] [ERROR] Failed to load resource: net::ERR_CONNECTION_REFUSED @ http://localhost:8765/_stcore/health:0
[ 1254935ms] [ERROR] Client Error in reaching server endpoint - No response received when attempting to reach /_stcore/health @ http://localhost:8765/static/js/index.bE3scgDe.js:33
[ 1254935ms] [ERROR] Is Streamlit still running? If you accidentally stopped Streamlit, just restart it in your terminal: @ http://localhost:8765/static/js/index.bE3scgDe.js:38
[ 1254937ms] [ERROR] Failed to load resource: net::ERR_CONNECTION_REFUSED @ http://localhost:8765/_stcore/host-config:0
[ 1260656ms] [ERROR] Failed to load resource: net::ERR_CONNECTION_REFUSED @ http://localhost:8765/_stcore/health:0
[ 1260656ms] [ERROR] Client Error in reaching server endpoint - No response received when attempting to reach /_stcore/health @ http://localhost:8765/static/js/index.bE3scgDe.js:33
[ 1260657ms] [ERROR] Is Streamlit still running? If you accidentally stopped Streamlit, just restart it in your terminal: @ http://localhost:8765/static/js/index.bE3scgDe.js:38
[ 1260680ms] [ERROR] Failed to load resource: net::ERR_CONNECTION_REFUSED @ http://localhost:8765/_stcore/host-config:0
[ 1266474ms] [ERROR] Failed to load resource: net::ERR_CONNECTION_REFUSED @ http://localhost:8765/_stcore/health:0
[ 1266474ms] [ERROR] Client Error in reaching server endpoint - No response received when attempting to reach /_stcore/health @ http://localhost:8765/static/js/index.bE3scgDe.js:33
[ 1266474ms] [ERROR] Is Streamlit still running? If you accidentally stopped Streamlit, just restart it in your terminal: @ http://localhost:8765/static/js/index.bE3scgDe.js:38
[ 1266498ms] [ERROR] Failed to load resource: net::ERR_CONNECTION_REFUSED @ http://localhost:8765/_stcore/host-config:0
[ 1272497ms] [ERROR] Failed to load resource: net::ERR_CONNECTION_REFUSED @ http://localhost:8765/_stcore/health:0
[ 1272497ms] [ERROR] Client Error in reaching server endpoint - No response received when attempting to reach /_stcore/health @ http://localhost:8765/static/js/index.bE3scgDe.js:33
[ 1272497ms] [ERROR] Is Streamlit still running? If you accidentally stopped Streamlit, just restart it in your terminal: @ http://localhost:8765/static/js/index.bE3scgDe.js:38
[ 1272521ms] [ERROR] Failed to load resource: net::ERR_CONNECTION_REFUSED @ http://localhost:8765/_stcore/host-config:0
[ 1278783ms] [ERROR] Failed to load resource: net::ERR_CONNECTION_REFUSED @ http://localhost:8765/_stcore/health:0
[ 1278783ms] [ERROR] Client Error in reaching server endpoint - No response received when attempting to reach /_stcore/health @ http://localhost:8765/static/js/index.bE3scgDe.js:33
[ 1278784ms] [ERROR] Is Streamlit still running? If you accidentally stopped Streamlit, just restart it in your terminal: @ http://localhost:8765/static/js/index.bE3scgDe.js:38
[ 1278786ms] [ERROR] Failed to load resource: net::ERR_CONNECTION_REFUSED @ http://localhost:8765/_stcore/host-config:0
[ 1284680ms] [ERROR] Failed to load resource: net::ERR_CONNECTION_REFUSED @ http://localhost:8765/_stcore/health:0
[ 1284680ms] [ERROR] Client Error in reaching server endpoint - No response received when attempting to reach /_stcore/health @ http://localhost:8765/static/js/index.bE3scgDe.js:33
[ 1284681ms] [ERROR] Is Streamlit still running? If you accidentally stopped Streamlit, just restart it in your terminal: @ http://localhost:8765/static/js/index.bE3scgDe.js:38
[ 1284704ms] [ERROR] Failed to load resource: net::ERR_CONNECTION_REFUSED @ http://localhost:8765/_stcore/host-config:0
[ 1290164ms] [ERROR] Failed to load resource: net::ERR_CONNECTION_REFUSED @ http://localhost:8765/_stcore/health:0
[ 1290165ms] [ERROR] Client Error in reaching server endpoint - No response received when attempting to reach /_stcore/health @ http://localhost:8765/static/js/index.bE3scgDe.js:33
[ 1290165ms] [ERROR] Is Streamlit still running? If you accidentally stopped Streamlit, just restart it in your terminal: @ http://localhost:8765/static/js/index.bE3scgDe.js:38
[ 1290188ms] [ERROR] Failed to load resource: net::ERR_CONNECTION_REFUSED @ http://localhost:8765/_stcore/host-config:0
[ 1295965ms] [ERROR] Failed to load resource: net::ERR_CONNECTION_REFUSED @ http://localhost:8765/_stcore/health:0
[ 1295965ms] [ERROR] Client Error in reaching server endpoint - No response received when attempting to reach /_stcore/health @ http://localhost:8765/static/js/index.bE3scgDe.js:33
[ 1295966ms] [ERROR] Is Streamlit still running? If you accidentally stopped Streamlit, just restart it in your terminal: @ http://localhost:8765/static/js/index.bE3scgDe.js:38
[ 1295968ms] [ERROR] Failed to load resource: net::ERR_CONNECTION_REFUSED @ http://localhost:8765/_stcore/host-config:0
[ 1301313ms] [ERROR] Failed to load resource: net::ERR_CONNECTION_REFUSED @ http://localhost:8765/_stcore/health:0
[ 1301313ms] [ERROR] Client Error in reaching server endpoint - No response received when attempting to reach /_stcore/health @ http://localhost:8765/static/js/index.bE3scgDe.js:33
[ 1301313ms] [ERROR] Is Streamlit still running? If you accidentally stopped Streamlit, just restart it in your terminal: @ http://localhost:8765/static/js/index.bE3scgDe.js:38
[ 1301340ms] [ERROR] Failed to load resource: net::ERR_CONNECTION_REFUSED @ http://localhost:8765/_stcore/host-config:0
[ 1307113ms] [ERROR] Failed to load resource: net::ERR_CONNECTION_REFUSED @ http://localhost:8765/_stcore/health:0
[ 1307113ms] [ERROR] Client Error in reaching server endpoint - No response received when attempting to reach /_stcore/health @ http://localhost:8765/static/js/index.bE3scgDe.js:33
[ 1307113ms] [ERROR] Is Streamlit still running? If you accidentally stopped Streamlit, just restart it in your terminal: @ http://localhost:8765/static/js/index.bE3scgDe.js:38
[ 1307138ms] [ERROR] Failed to load resource: net::ERR_CONNECTION_REFUSED @ http://localhost:8765/_stcore/host-config:0
[ 1312897ms] [ERROR] Failed to load resource: net::ERR_CONNECTION_REFUSED @ http://localhost:8765/_stcore/health:0
[ 1312898ms] [ERROR] Client Error in reaching server endpoint - No response received when attempting to reach /_stcore/health @ http://localhost:8765/static/js/index.bE3scgDe.js:33
[ 1312898ms] [ERROR] Is Streamlit still running? If you accidentally stopped Streamlit, just restart it in your terminal: @ http://localhost:8765/static/js/index.bE3scgDe.js:38
[ 1312922ms] [ERROR] Failed to load resource: net::ERR_CONNECTION_REFUSED @ http://localhost:8765/_stcore/host-config:0
[ 1318547ms] [ERROR] Failed to load resource: net::ERR_CONNECTION_REFUSED @ http://localhost:8765/_stcore/health:0
[ 1318547ms] [ERROR] Client Error in reaching server endpoint - No response received when attempting to reach /_stcore/health @ http://localhost:8765/static/js/index.bE3scgDe.js:33
[ 1318547ms] [ERROR] Is Streamlit still running? If you accidentally stopped Streamlit, just restart it in your terminal: @ http://localhost:8765/static/js/index.bE3scgDe.js:38
[ 1318571ms] [ERROR] Failed to load resource: net::ERR_CONNECTION_REFUSED @ http://localhost:8765/_stcore/host-config:0
[ 1323801ms] [ERROR] Failed to load resource: net::ERR_CONNECTION_REFUSED @ http://localhost:8765/_stcore/health:0
[ 1323801ms] [ERROR] Client Error in reaching server endpoint - No response received when attempting to reach /_stcore/health @ http://localhost:8765/static/js/index.bE3scgDe.js:33
[ 1323801ms] [ERROR] Is Streamlit still running? If you accidentally stopped Streamlit, just restart it in your terminal: @ http://localhost:8765/static/js/index.bE3scgDe.js:38
[ 1323826ms] [ERROR] Failed to load resource: net::ERR_CONNECTION_REFUSED @ http://localhost:8765/_stcore/host-config:0
[ 1329744ms] [ERROR] Failed to load resource: net::ERR_CONNECTION_REFUSED @ http://localhost:8765/_stcore/health:0
[ 1329744ms] [ERROR] Client Error in reaching server endpoint - No response received when attempting to reach /_stcore/health @ http://localhost:8765/static/js/index.bE3scgDe.js:33
[ 1329744ms] [ERROR] Is Streamlit still running? If you accidentally stopped Streamlit, just restart it in your terminal: @ http://localhost:8765/static/js/index.bE3scgDe.js:38
[ 1329767ms] [ERROR] Failed to load resource: net::ERR_CONNECTION_REFUSED @ http://localhost:8765/_stcore/host-config:0
[ 1334900ms] [ERROR] Failed to load resource: net::ERR_CONNECTION_REFUSED @ http://localhost:8765/_stcore/health:0
[ 1334900ms] [ERROR] Client Error in reaching server endpoint - No response received when attempting to reach /_stcore/health @ http://localhost:8765/static/js/index.bE3scgDe.js:33
[ 1334900ms] [ERROR] Is Streamlit still running? If you accidentally stopped Streamlit, just restart it in your terminal: @ http://localhost:8765/static/js/index.bE3scgDe.js:38
[ 1334924ms] [ERROR] Failed to load resource: net::ERR_CONNECTION_REFUSED @ http://localhost:8765/_stcore/host-config:0
[ 1340232ms] [ERROR] Failed to load resource: net::ERR_CONNECTION_REFUSED @ http://localhost:8765/_stcore/health:0
[ 1340232ms] [ERROR] Client Error in reaching server endpoint - No response received when attempting to reach /_stcore/health @ http://localhost:8765/static/js/index.bE3scgDe.js:33
[ 1340232ms] [ERROR] Is Streamlit still running? If you accidentally stopped Streamlit, just restart it in your terminal: @ http://localhost:8765/static/js/index.bE3scgDe.js:38
[ 1340255ms] [ERROR] Failed to load resource: net::ERR_CONNECTION_REFUSED @ http://localhost:8765/_stcore/host-config:0
[ 1345761ms] [ERROR] Failed to load resource: net::ERR_CONNECTION_REFUSED @ http://localhost:8765/_stcore/health:0
[ 1345761ms] [ERROR] Client Error in reaching server endpoint - No response received when attempting to reach /_stcore/health @ http://localhost:8765/static/js/index.bE3scgDe.js:33
[ 1345761ms] [ERROR] Is Streamlit still running? If you accidentally stopped Streamlit, just restart it in your terminal: @ http://localhost:8765/static/js/index.bE3scgDe.js:38
[ 1345786ms] [ERROR] Failed to load resource: net::ERR_CONNECTION_REFUSED @ http://localhost:8765/_stcore/host-config:0
[ 1351474ms] [ERROR] Failed to load resource: net::ERR_CONNECTION_REFUSED @ http://localhost:8765/_stcore/health:0
[ 1351474ms] [ERROR] Client Error in reaching server endpoint - No response received when attempting to reach /_stcore/health @ http://localhost:8765/static/js/index.bE3scgDe.js:33
[ 1351475ms] [ERROR] Is Streamlit still running? If you accidentally stopped Streamlit, just restart it in your terminal: @ http://localhost:8765/static/js/index.bE3scgDe.js:38
[ 1351495ms] [ERROR] Failed to load resource: net::ERR_CONNECTION_REFUSED @ http://localhost:8765/_stcore/host-config:0
[ 1357682ms] [ERROR] Failed to load resource: net::ERR_CONNECTION_REFUSED @ http://localhost:8765/_stcore/health:0
[ 1357682ms] [ERROR] Client Error in reaching server endpoint - No response received when attempting to reach /_stcore/health @ http://localhost:8765/static/js/index.bE3scgDe.js:33
[ 1357682ms] [ERROR] Is Streamlit still running? If you accidentally stopped Streamlit, just restart it in your terminal: @ http://localhost:8765/static/js/index.bE3scgDe.js:38
[ 1357709ms] [ERROR] Failed to load resource: net::ERR_CONNECTION_REFUSED @ http://localhost:8765/_stcore/host-config:0
[ 1363454ms] [ERROR] Failed to load resource: net::ERR_CONNECTION_REFUSED @ http://localhost:8765/_stcore/health:0
[ 1363454ms] [ERROR] Client Error in reaching server endpoint - No response received when attempting to reach /_stcore/health @ http://localhost:8765/static/js/index.bE3scgDe.js:33
[ 1363454ms] [ERROR] Is Streamlit still running? If you accidentally stopped Streamlit, just restart it in your terminal: @ http://localhost:8765/static/js/index.bE3scgDe.js:38
[ 1363477ms] [ERROR] Failed to load resource: net::ERR_CONNECTION_REFUSED @ http://localhost:8765/_stcore/host-config:0
[ 1368862ms] [ERROR] Failed to load resource: net::ERR_CONNECTION_REFUSED @ http://localhost:8765/_stcore/health:0
[ 1368862ms] [ERROR] Client Error in reaching server endpoint - No response received when attempting to reach /_stcore/health @ http://localhost:8765/static/js/index.bE3scgDe.js:33
[ 1368862ms] [ERROR] Is Streamlit still running? If you accidentally stopped Streamlit, just restart it in your terminal: @ http://localhost:8765/static/js/index.bE3scgDe.js:38
[ 1368887ms] [ERROR] Failed to load resource: net::ERR_CONNECTION_REFUSED @ http://localhost:8765/_stcore/host-config:0
[ 1374351ms] [ERROR] Failed to load resource: net::ERR_CONNECTION_REFUSED @ http://localhost:8765/_stcore/health:0
[ 1374351ms] [ERROR] Client Error in reaching server endpoint - No response received when attempting to reach /_stcore/health @ http://localhost:8765/static/js/index.bE3scgDe.js:33
[ 1374351ms] [ERROR] Is Streamlit still running? If you accidentally stopped Streamlit, just restart it in your terminal: @ http://localhost:8765/static/js/index.bE3scgDe.js:38
[ 1374353ms] [ERROR] Failed to load resource: net::ERR_CONNECTION_REFUSED @ http://localhost:8765/_stcore/host-config:0
[ 1379572ms] [ERROR] Failed to load resource: net::ERR_CONNECTION_REFUSED @ http://localhost:8765/_stcore/health:0
[ 1379572ms] [ERROR] Client Error in reaching server endpoint - No response received when attempting to reach /_stcore/health @ http://localhost:8765/static/js/index.bE3scgDe.js:33
[ 1379573ms] [ERROR] Is Streamlit still running? If you accidentally stopped Streamlit, just restart it in your terminal: @ http://localhost:8765/static/js/index.bE3scgDe.js:38
[ 1379595ms] [ERROR] Failed to load resource: net::ERR_CONNECTION_REFUSED @ http://localhost:8765/_stcore/host-config:0
[ 1385436ms] [ERROR] Failed to load resource: net::ERR_CONNECTION_REFUSED @ http://localhost:8765/_stcore/health:0
[ 1385437ms] [ERROR] Client Error in reaching server endpoint - No response received when attempting to reach /_stcore/health @ http://localhost:8765/static/js/index.bE3scgDe.js:33
[ 1385437ms] [ERROR] Is Streamlit still running? If you accidentally stopped Streamlit, just restart it in your terminal: @ http://localhost:8765/static/js/index.bE3scgDe.js:38
[ 1385469ms] [ERROR] Failed to load resource: net::ERR_CONNECTION_REFUSED @ http://localhost:8765/_stcore/host-config:0
[ 1391551ms] [ERROR] Failed to load resource: net::ERR_CONNECTION_REFUSED @ http://localhost:8765/_stcore/health:0
[ 1391551ms] [ERROR] Client Error in reaching server endpoint - No response received when attempting to reach /_stcore/health @ http://localhost:8765/static/js/index.bE3scgDe.js:33
[ 1391552ms] [ERROR] Is Streamlit still running? If you accidentally stopped Streamlit, just restart it in your terminal: @ http://localhost:8765/static/js/index.bE3scgDe.js:38
[ 1391575ms] [ERROR] Failed to load resource: net::ERR_CONNECTION_REFUSED @ http://localhost:8765/_stcore/host-config:0
[ 1397479ms] [ERROR] Failed to load resource: net::ERR_CONNECTION_REFUSED @ http://localhost:8765/_stcore/health:0
[ 1397479ms] [ERROR] Client Error in reaching server endpoint - No response received when attempting to reach /_stcore/health @ http://localhost:8765/static/js/index.bE3scgDe.js:33
[ 1397480ms] [ERROR] Is Streamlit still running? If you accidentally stopped Streamlit, just restart it in your terminal: @ http://localhost:8765/static/js/index.bE3scgDe.js:38
[ 1397507ms] [ERROR] Failed to load resource: net::ERR_CONNECTION_REFUSED @ http://localhost:8765/_stcore/host-config:0
[ 1403167ms] [ERROR] Failed to load resource: net::ERR_CONNECTION_REFUSED @ http://localhost:8765/_stcore/health:0
[ 1403167ms] [ERROR] Client Error in reaching server endpoint - No response received when attempting to reach /_stcore/health @ http://localhost:8765/static/js/index.bE3scgDe.js:33
[ 1403167ms] [ERROR] Is Streamlit still running? If you accidentally stopped Streamlit, just restart it in your terminal: @ http://localhost:8765/static/js/index.bE3scgDe.js:38
[ 1403192ms] [ERROR] Failed to load resource: net::ERR_CONNECTION_REFUSED @ http://localhost:8765/_stcore/host-config:0
[ 1408721ms] [ERROR] Failed to load resource: net::ERR_CONNECTION_REFUSED @ http://localhost:8765/_stcore/health:0
[ 1408722ms] [ERROR] Client Error in reaching server endpoint - No response received when attempting to reach /_stcore/health @ http://localhost:8765/static/js/index.bE3scgDe.js:33
[ 1408722ms] [ERROR] Is Streamlit still running? If you accidentally stopped Streamlit, just restart it in your terminal: @ http://localhost:8765/static/js/index.bE3scgDe.js:38
[ 1408722ms] [ERROR] Failed to load resource: net::ERR_CONNECTION_REFUSED @ http://localhost:8765/_stcore/host-config:0
[ 1414318ms] [ERROR] Failed to load resource: net::ERR_CONNECTION_REFUSED @ http://localhost:8765/_stcore/health:0
[ 1414318ms] [ERROR] Client Error in reaching server endpoint - No response received when attempting to reach /_stcore/health @ http://localhost:8765/static/js/index.bE3scgDe.js:33
[ 1414318ms] [ERROR] Is Streamlit still running? If you accidentally stopped Streamlit, just restart it in your terminal: @ http://localhost:8765/static/js/index.bE3scgDe.js:38
[ 1414319ms] [ERROR] Failed to load resource: net::ERR_CONNECTION_REFUSED @ http://localhost:8765/_stcore/host-config:0
[ 1419743ms] [ERROR] Failed to load resource: net::ERR_CONNECTION_REFUSED @ http://localhost:8765/_stcore/health:0
[ 1419743ms] [ERROR] Client Error in reaching server endpoint - No response received when attempting to reach /_stcore/health @ http://localhost:8765/static/js/index.bE3scgDe.js:33
[ 1419743ms] [ERROR] Is Streamlit still running? If you accidentally stopped Streamlit, just restart it in your terminal: @ http://localhost:8765/static/js/index.bE3scgDe.js:38
[ 1419769ms] [ERROR] Failed to load resource: net::ERR_CONNECTION_REFUSED @ http://localhost:8765/_stcore/host-config:0
[ 1425401ms] [ERROR] Failed to load resource: net::ERR_CONNECTION_REFUSED @ http://localhost:8765/_stcore/health:0
[ 1425401ms] [ERROR] Client Error in reaching server endpoint - No response received when attempting to reach /_stcore/health @ http://localhost:8765/static/js/index.bE3scgDe.js:33
[ 1425402ms] [ERROR] Is Streamlit still running? If you accidentally stopped Streamlit, just restart it in your terminal: @ http://localhost:8765/static/js/index.bE3scgDe.js:38
[ 1425425ms] [ERROR] Failed to load resource: net::ERR_CONNECTION_REFUSED @ http://localhost:8765/_stcore/host-config:0
[ 1430732ms] [ERROR] Failed to load resource: net::ERR_CONNECTION_REFUSED @ http://localhost:8765/_stcore/health:0
[ 1430732ms] [ERROR] Client Error in reaching server endpoint - No response received when attempting to reach /_stcore/health @ http://localhost:8765/static/js/index.bE3scgDe.js:33
[ 1430732ms] [ERROR] Is Streamlit still running? If you accidentally stopped Streamlit, just restart it in your terminal: @ http://localhost:8765/static/js/index.bE3scgDe.js:38
[ 1430757ms] [ERROR] Failed to load resource: net::ERR_CONNECTION_REFUSED @ http://localhost:8765/_stcore/host-config:0
[ 1436519ms] [ERROR] Failed to load resource: net::ERR_CONNECTION_REFUSED @ http://localhost:8765/_stcore/health:0
[ 1436519ms] [ERROR] Client Error in reaching server endpoint - No response received when attempting to reach /_stcore/health @ http://localhost:8765/static/js/index.bE3scgDe.js:33
[ 1436519ms] [ERROR] Is Streamlit still running? If you accidentally stopped Streamlit, just restart it in your terminal: @ http://localhost:8765/static/js/index.bE3scgDe.js:38
[ 1436543ms] [ERROR] Failed to load resource: net::ERR_CONNECTION_REFUSED @ http://localhost:8765/_stcore/host-config:0
[ 1441928ms] [ERROR] Failed to load resource: net::ERR_CONNECTION_REFUSED @ http://localhost:8765/_stcore/health:0
[ 1441929ms] [ERROR] Client Error in reaching server endpoint - No response received when attempting to reach /_stcore/health @ http://localhost:8765/static/js/index.bE3scgDe.js:33
[ 1441929ms] [ERROR] Is Streamlit still running? If you accidentally stopped Streamlit, just restart it in your terminal: @ http://localhost:8765/static/js/index.bE3scgDe.js:38
[ 1441952ms] [ERROR] Failed to load resource: net::ERR_CONNECTION_REFUSED @ http://localhost:8765/_stcore/host-config:0
[ 1447982ms] [ERROR] Failed to load resource: net::ERR_CONNECTION_REFUSED @ http://localhost:8765/_stcore/health:0
[ 1447983ms] [ERROR] Client Error in reaching server endpoint - No response received when attempting to reach /_stcore/health @ http://localhost:8765/static/js/index.bE3scgDe.js:33
[ 1447983ms] [ERROR] Is Streamlit still running? If you accidentally stopped Streamlit, just restart it in your terminal: @ http://localhost:8765/static/js/index.bE3scgDe.js:38
[ 1448015ms] [ERROR] Failed to load resource: net::ERR_CONNECTION_REFUSED @ http://localhost:8765/_stcore/host-config:0
[ 1454178ms] [ERROR] Failed to load resource: net::ERR_CONNECTION_REFUSED @ http://localhost:8765/_stcore/health:0
[ 1454178ms] [ERROR] Client Error in reaching server endpoint - No response received when attempting to reach /_stcore/health @ http://localhost:8765/static/js/index.bE3scgDe.js:33
[ 1454178ms] [ERROR] Is Streamlit still running? If you accidentally stopped Streamlit, just restart it in your terminal: @ http://localhost:8765/static/js/index.bE3scgDe.js:38
[ 1454179ms] [ERROR] Failed to load resource: net::ERR_CONNECTION_REFUSED @ http://localhost:8765/_stcore/host-config:0
[ 1459349ms] [ERROR] Failed to load resource: net::ERR_CONNECTION_REFUSED @ http://localhost:8765/_stcore/health:0
[ 1459350ms] [ERROR] Client Error in reaching server endpoint - No response received when attempting to reach /_stcore/health @ http://localhost:8765/static/js/index.bE3scgDe.js:33
[ 1459350ms] [ERROR] Is Streamlit still running? If you accidentally stopped Streamlit, just restart it in your terminal: @ http://localhost:8765/static/js/index.bE3scgDe.js:38
[ 1459373ms] [ERROR] Failed to load resource: net::ERR_CONNECTION_REFUSED @ http://localhost:8765/_stcore/host-config:0
[ 1464918ms] [ERROR] Failed to load resource: net::ERR_CONNECTION_REFUSED @ http://localhost:8765/_stcore/health:0
[ 1464918ms] [ERROR] Client Error in reaching server endpoint - No response received when attempting to reach /_stcore/health @ http://localhost:8765/static/js/index.bE3scgDe.js:33
[ 1464918ms] [ERROR] Is Streamlit still running? If you accidentally stopped Streamlit, just restart it in your terminal: @ http://localhost:8765/static/js/index.bE3scgDe.js:38
[ 1464940ms] [ERROR] Failed to load resource: net::ERR_CONNECTION_REFUSED @ http://localhost:8765/_stcore/host-config:0
[ 1470320ms] [ERROR] Failed to load resource: net::ERR_CONNECTION_REFUSED @ http://localhost:8765/_stcore/health:0
[ 1470320ms] [ERROR] Client Error in reaching server endpoint - No response received when attempting to reach /_stcore/health @ http://localhost:8765/static/js/index.bE3scgDe.js:33
[ 1470320ms] [ERROR] Is Streamlit still running? If you accidentally stopped Streamlit, just restart it in your terminal: @ http://localhost:8765/static/js/index.bE3scgDe.js:38
[ 1470343ms] [ERROR] Failed to load resource: net::ERR_CONNECTION_REFUSED @ http://localhost:8765/_stcore/host-config:0
[ 1475605ms] [ERROR] Failed to load resource: net::ERR_CONNECTION_REFUSED @ http://localhost:8765/_stcore/health:0
[ 1475605ms] [ERROR] Client Error in reaching server endpoint - No response received when attempting to reach /_stcore/health @ http://localhost:8765/static/js/index.bE3scgDe.js:33
[ 1475606ms] [ERROR] Is Streamlit still running? If you accidentally stopped Streamlit, just restart it in your terminal: @ http://localhost:8765/static/js/index.bE3scgDe.js:38
[ 1475628ms] [ERROR] Failed to load resource: net::ERR_CONNECTION_REFUSED @ http://localhost:8765/_stcore/host-config:0
[ 1481110ms] [ERROR] Failed to load resource: net::ERR_CONNECTION_REFUSED @ http://localhost:8765/_stcore/health:0
[ 1481110ms] [ERROR] Client Error in reaching server endpoint - No response received when attempting to reach /_stcore/health @ http://localhost:8765/static/js/index.bE3scgDe.js:33
[ 1481110ms] [ERROR] Is Streamlit still running? If you accidentally stopped Streamlit, just restart it in your terminal: @ http://localhost:8765/static/js/index.bE3scgDe.js:38
[ 1481134ms] [ERROR] Failed to load resource: net::ERR_CONNECTION_REFUSED @ http://localhost:8765/_stcore/host-config:0
[ 1487101ms] [ERROR] Failed to load resource: net::ERR_CONNECTION_REFUSED @ http://localhost:8765/_stcore/health:0
[ 1487102ms] [ERROR] Client Error in reaching server endpoint - No response received when attempting to reach /_stcore/health @ http://localhost:8765/static/js/index.bE3scgDe.js:33
[ 1487102ms] [ERROR] Is Streamlit still running? If you accidentally stopped Streamlit, just restart it in your terminal: @ http://localhost:8765/static/js/index.bE3scgDe.js:38
[ 1487125ms] [ERROR] Failed to load resource: net::ERR_CONNECTION_REFUSED @ http://localhost:8765/_stcore/host-config:0
[ 1492570ms] [ERROR] Failed to load resource: net::ERR_CONNECTION_REFUSED @ http://localhost:8765/_stcore/health:0
[ 1492570ms] [ERROR] Client Error in reaching server endpoint - No response received when attempting to reach /_stcore/health @ http://localhost:8765/static/js/index.bE3scgDe.js:33
[ 1492571ms] [ERROR] Is Streamlit still running? If you accidentally stopped Streamlit, just restart it in your terminal: @ http://localhost:8765/static/js/index.bE3scgDe.js:38
[ 1492596ms] [ERROR] Failed to load resource: net::ERR_CONNECTION_REFUSED @ http://localhost:8765/_stcore/host-config:0
[ 1498500ms] [ERROR] Failed to load resource: net::ERR_CONNECTION_REFUSED @ http://localhost:8765/_stcore/health:0
[ 1498500ms] [ERROR] Client Error in reaching server endpoint - No response received when attempting to reach /_stcore/health @ http://localhost:8765/static/js/index.bE3scgDe.js:33
[ 1498500ms] [ERROR] Is Streamlit still running? If you accidentally stopped Streamlit, just restart it in your terminal: @ http://localhost:8765/static/js/index.bE3scgDe.js:38
[ 1498526ms] [ERROR] Failed to load resource: net::ERR_CONNECTION_REFUSED @ http://localhost:8765/_stcore/host-config:0
[ 1503847ms] [ERROR] Failed to load resource: net::ERR_CONNECTION_REFUSED @ http://localhost:8765/_stcore/health:0
[ 1503847ms] [ERROR] Client Error in reaching server endpoint - No response received when attempting to reach /_stcore/health @ http://localhost:8765/static/js/index.bE3scgDe.js:33
[ 1503847ms] [ERROR] Is Streamlit still running? If you accidentally stopped Streamlit, just restart it in your terminal: @ http://localhost:8765/static/js/index.bE3scgDe.js:38
[ 1503874ms] [ERROR] Failed to load resource: net::ERR_CONNECTION_REFUSED @ http://localhost:8765/_stcore/host-config:0
[ 1509496ms] [ERROR] Failed to load resource: net::ERR_CONNECTION_REFUSED @ http://localhost:8765/_stcore/health:0
[ 1509496ms] [ERROR] Client Error in reaching server endpoint - No response received when attempting to reach /_stcore/health @ http://localhost:8765/static/js/index.bE3scgDe.js:33
[ 1509497ms] [ERROR] Is Streamlit still running? If you accidentally stopped Streamlit, just restart it in your terminal: @ http://localhost:8765/static/js/index.bE3scgDe.js:38
[ 1509536ms] [ERROR] Failed to load resource: net::ERR_CONNECTION_REFUSED @ http://localhost:8765/_stcore/host-config:0
[ 1515513ms] [ERROR] Failed to load resource: net::ERR_CONNECTION_REFUSED @ http://localhost:8765/_stcore/health:0
[ 1515513ms] [ERROR] Client Error in reaching server endpoint - No response received when attempting to reach /_stcore/health @ http://localhost:8765/static/js/index.bE3scgDe.js:33
[ 1515513ms] [ERROR] Is Streamlit still running? If you accidentally stopped Streamlit, just restart it in your terminal: @ http://localhost:8765/static/js/index.bE3scgDe.js:38
[ 1515535ms] [ERROR] Failed to load resource: net::ERR_CONNECTION_REFUSED @ http://localhost:8765/_stcore/host-config:0
[ 1521340ms] [ERROR] Failed to load resource: net::ERR_CONNECTION_REFUSED @ http://localhost:8765/_stcore/health:0
[ 1521340ms] [ERROR] Client Error in reaching server endpoint - No response received when attempting to reach /_stcore/health @ http://localhost:8765/static/js/index.bE3scgDe.js:33
[ 1521341ms] [ERROR] Is Streamlit still running? If you accidentally stopped Streamlit, just restart it in your terminal: @ http://localhost:8765/static/js/index.bE3scgDe.js:38
[ 1521343ms] [ERROR] Failed to load resource: net::ERR_CONNECTION_REFUSED @ http://localhost:8765/_stcore/host-config:0
[ 1527568ms] [ERROR] Failed to load resource: net::ERR_CONNECTION_REFUSED @ http://localhost:8765/_stcore/health:0
[ 1527568ms] [ERROR] Client Error in reaching server endpoint - No response received when attempting to reach /_stcore/health @ http://localhost:8765/static/js/index.bE3scgDe.js:33
[ 1527568ms] [ERROR] Is Streamlit still running? If you accidentally stopped Streamlit, just restart it in your terminal: @ http://localhost:8765/static/js/index.bE3scgDe.js:38
[ 1527592ms] [ERROR] Failed to load resource: net::ERR_CONNECTION_REFUSED @ http://localhost:8765/_stcore/host-config:0
[ 1532996ms] [ERROR] Failed to load resource: net::ERR_CONNECTION_REFUSED @ http://localhost:8765/_stcore/health:0
[ 1532996ms] [ERROR] Client Error in reaching server endpoint - No response received when attempting to reach /_stcore/health @ http://localhost:8765/static/js/index.bE3scgDe.js:33
[ 1532997ms] [ERROR] Is Streamlit still running? If you accidentally stopped Streamlit, just restart it in your terminal: @ http://localhost:8765/static/js/index.bE3scgDe.js:38
[ 1533020ms] [ERROR] Failed to load resource: net::ERR_CONNECTION_REFUSED @ http://localhost:8765/_stcore/host-config:0
[ 1538375ms] [ERROR] Failed to load resource: net::ERR_CONNECTION_REFUSED @ http://localhost:8765/_stcore/health:0
[ 1538375ms] [ERROR] Client Error in reaching server endpoint - No response received when attempting to reach /_stcore/health @ http://localhost:8765/static/js/index.bE3scgDe.js:33
[ 1538375ms] [ERROR] Is Streamlit still running? If you accidentally stopped Streamlit, just restart it in your terminal: @ http://localhost:8765/static/js/index.bE3scgDe.js:38
[ 1538398ms] [ERROR] Failed to load resource: net::ERR_CONNECTION_REFUSED @ http://localhost:8765/_stcore/host-config:0
[ 1543642ms] [ERROR] Failed to load resource: net::ERR_CONNECTION_REFUSED @ http://localhost:8765/_stcore/health:0
[ 1543642ms] [ERROR] Client Error in reaching server endpoint - No response received when attempting to reach /_stcore/health @ http://localhost:8765/static/js/index.bE3scgDe.js:33
[ 1543642ms] [ERROR] Is Streamlit still running? If you accidentally stopped Streamlit, just restart it in your terminal: @ http://localhost:8765/static/js/index.bE3scgDe.js:38
[ 1543666ms] [ERROR] Failed to load resource: net::ERR_CONNECTION_REFUSED @ http://localhost:8765/_stcore/host-config:0
[ 1549961ms] [ERROR] Failed to load resource: net::ERR_CONNECTION_REFUSED @ http://localhost:8765/_stcore/health:0
[ 1549962ms] [ERROR] Client Error in reaching server endpoint - No response received when attempting to reach /_stcore/health @ http://localhost:8765/static/js/index.bE3scgDe.js:33
[ 1549962ms] [ERROR] Is Streamlit still running? If you accidentally stopped Streamlit, just restart it in your terminal: @ http://localhost:8765/static/js/index.bE3scgDe.js:38
[ 1549964ms] [ERROR] Failed to load resource: net::ERR_CONNECTION_REFUSED @ http://localhost:8765/_stcore/host-config:0
[ 1556061ms] [ERROR] Failed to load resource: net::ERR_CONNECTION_REFUSED @ http://localhost:8765/_stcore/health:0
[ 1556062ms] [ERROR] Client Error in reaching server endpoint - No response received when attempting to reach /_stcore/health @ http://localhost:8765/static/js/index.bE3scgDe.js:33
[ 1556062ms] [ERROR] Is Streamlit still running? If you accidentally stopped Streamlit, just restart it in your terminal: @ http://localhost:8765/static/js/index.bE3scgDe.js:38
[ 1556084ms] [ERROR] Failed to load resource: net::ERR_CONNECTION_REFUSED @ http://localhost:8765/_stcore/host-config:0
[ 1561594ms] [ERROR] Failed to load resource: net::ERR_CONNECTION_REFUSED @ http://localhost:8765/_stcore/health:0
[ 1561594ms] [ERROR] Client Error in reaching server endpoint - No response received when attempting to reach /_stcore/health @ http://localhost:8765/static/js/index.bE3scgDe.js:33
[ 1561594ms] [ERROR] Is Streamlit still running? If you accidentally stopped Streamlit, just restart it in your terminal: @ http://localhost:8765/static/js/index.bE3scgDe.js:38
[ 1561620ms] [ERROR] Failed to load resource: net::ERR_CONNECTION_REFUSED @ http://localhost:8765/_stcore/host-config:0
[ 1566925ms] [ERROR] Failed to load resource: net::ERR_CONNECTION_REFUSED @ http://localhost:8765/_stcore/health:0
[ 1566925ms] [ERROR] Client Error in reaching server endpoint - No response received when attempting to reach /_stcore/health @ http://localhost:8765/static/js/index.bE3scgDe.js:33
[ 1566926ms] [ERROR] Is Streamlit still running? If you accidentally stopped Streamlit, just restart it in your terminal: @ http://localhost:8765/static/js/index.bE3scgDe.js:38
[ 1566949ms] [ERROR] Failed to load resource: net::ERR_CONNECTION_REFUSED @ http://localhost:8765/_stcore/host-config:0
[ 1572399ms] [ERROR] Failed to load resource: net::ERR_CONNECTION_REFUSED @ http://localhost:8765/_stcore/health:0
[ 1572399ms] [ERROR] Client Error in reaching server endpoint - No response received when attempting to reach /_stcore/health @ http://localhost:8765/static/js/index.bE3scgDe.js:33
[ 1572400ms] [ERROR] Is Streamlit still running? If you accidentally stopped Streamlit, just restart it in your terminal: @ http://localhost:8765/static/js/index.bE3scgDe.js:38
[ 1572422ms] [ERROR] Failed to load resource: net::ERR_CONNECTION_REFUSED @ http://localhost:8765/_stcore/host-config:0
[ 1577730ms] [ERROR] Failed to load resource: net::ERR_CONNECTION_REFUSED @ http://localhost:8765/_stcore/health:0
[ 1577731ms] [ERROR] Client Error in reaching server endpoint - No response received when attempting to reach /_stcore/health @ http://localhost:8765/static/js/index.bE3scgDe.js:33
[ 1577731ms] [ERROR] Is Streamlit still running? If you accidentally stopped Streamlit, just restart it in your terminal: @ http://localhost:8765/static/js/index.bE3scgDe.js:38
[ 1577733ms] [ERROR] Failed to load resource: net::ERR_CONNECTION_REFUSED @ http://localhost:8765/_stcore/host-config:0
[ 1583597ms] [ERROR] Failed to load resource: net::ERR_CONNECTION_REFUSED @ http://localhost:8765/_stcore/health:0
[ 1583597ms] [ERROR] Client Error in reaching server endpoint - No response received when attempting to reach /_stcore/health @ http://localhost:8765/static/js/index.bE3scgDe.js:33
[ 1583598ms] [ERROR] Is Streamlit still running? If you accidentally stopped Streamlit, just restart it in your terminal: @ http://localhost:8765/static/js/index.bE3scgDe.js:38
[ 1583620ms] [ERROR] Failed to load resource: net::ERR_CONNECTION_REFUSED @ http://localhost:8765/_stcore/host-config:0
[ 1588953ms] [ERROR] Failed to load resource: net::ERR_CONNECTION_REFUSED @ http://localhost:8765/_stcore/health:0
[ 1588953ms] [ERROR] Client Error in reaching server endpoint - No response received when attempting to reach /_stcore/health @ http://localhost:8765/static/js/index.bE3scgDe.js:33
[ 1588954ms] [ERROR] Is Streamlit still running? If you accidentally stopped Streamlit, just restart it in your terminal: @ http://localhost:8765/static/js/index.bE3scgDe.js:38
[ 1588977ms] [ERROR] Failed to load resource: net::ERR_CONNECTION_REFUSED @ http://localhost:8765/_stcore/host-config:0
[ 1594571ms] [ERROR] Failed to load resource: net::ERR_CONNECTION_REFUSED @ http://localhost:8765/_stcore/health:0
[ 1594571ms] [ERROR] Client Error in reaching server endpoint - No response received when attempting to reach /_stcore/health @ http://localhost:8765/static/js/index.bE3scgDe.js:33
[ 1594571ms] [ERROR] Is Streamlit still running? If you accidentally stopped Streamlit, just restart it in your terminal: @ http://localhost:8765/static/js/index.bE3scgDe.js:38
[ 1594598ms] [ERROR] Failed to load resource: net::ERR_CONNECTION_REFUSED @ http://localhost:8765/_stcore/host-config:0
[ 1600778ms] [ERROR] Failed to load resource: net::ERR_CONNECTION_REFUSED @ http://localhost:8765/_stcore/health:0
[ 1600779ms] [ERROR] Client Error in reaching server endpoint - No response received when attempting to reach /_stcore/health @ http://localhost:8765/static/js/index.bE3scgDe.js:33
[ 1600779ms] [ERROR] Is Streamlit still running? If you accidentally stopped Streamlit, just restart it in your terminal: @ http://localhost:8765/static/js/index.bE3scgDe.js:38
[ 1600810ms] [ERROR] Failed to load resource: net::ERR_CONNECTION_REFUSED @ http://localhost:8765/_stcore/host-config:0
[ 1606514ms] [ERROR] Failed to load resource: net::ERR_CONNECTION_REFUSED @ http://localhost:8765/_stcore/health:0
[ 1606514ms] [ERROR] Client Error in reaching server endpoint - No response received when attempting to reach /_stcore/health @ http://localhost:8765/static/js/index.bE3scgDe.js:33
[ 1606515ms] [ERROR] Is Streamlit still running? If you accidentally stopped Streamlit, just restart it in your terminal: @ http://localhost:8765/static/js/index.bE3scgDe.js:38
[ 1606539ms] [ERROR] Failed to load resource: net::ERR_CONNECTION_REFUSED @ http://localhost:8765/_stcore/host-config:0
[ 1612178ms] [ERROR] Failed to load resource: net::ERR_CONNECTION_REFUSED @ http://localhost:8765/_stcore/health:0
[ 1612179ms] [ERROR] Client Error in reaching server endpoint - No response received when attempting to reach /_stcore/health @ http://localhost:8765/static/js/index.bE3scgDe.js:33
[ 1612179ms] [ERROR] Is Streamlit still running? If you accidentally stopped Streamlit, just restart it in your terminal: @ http://localhost:8765/static/js/index.bE3scgDe.js:38
[ 1612204ms] [ERROR] Failed to load resource: net::ERR_CONNECTION_REFUSED @ http://localhost:8765/_stcore/host-config:0
[ 1617337ms] [ERROR] Failed to load resource: net::ERR_CONNECTION_REFUSED @ http://localhost:8765/_stcore/health:0
[ 1617337ms] [ERROR] Client Error in reaching server endpoint - No response received when attempting to reach /_stcore/health @ http://localhost:8765/static/js/index.bE3scgDe.js:33
[ 1617337ms] [ERROR] Is Streamlit still running? If you accidentally stopped Streamlit, just restart it in your terminal: @ http://localhost:8765/static/js/index.bE3scgDe.js:38
[ 1617340ms] [ERROR] Failed to load resource: net::ERR_CONNECTION_REFUSED @ http://localhost:8765/_stcore/host-config:0
[ 1623170ms] [ERROR] Failed to load resource: net::ERR_CONNECTION_REFUSED @ http://localhost:8765/_stcore/health:0
[ 1623171ms] [ERROR] Client Error in reaching server endpoint - No response received when attempting to reach /_stcore/health @ http://localhost:8765/static/js/index.bE3scgDe.js:33
[ 1623171ms] [ERROR] Is Streamlit still running? If you accidentally stopped Streamlit, just restart it in your terminal: @ http://localhost:8765/static/js/index.bE3scgDe.js:38
[ 1623198ms] [ERROR] Failed to load resource: net::ERR_CONNECTION_REFUSED @ http://localhost:8765/_stcore/host-config:0
[ 1628812ms] [ERROR] Failed to load resource: net::ERR_CONNECTION_REFUSED @ http://localhost:8765/_stcore/health:0
[ 1628813ms] [ERROR] Client Error in reaching server endpoint - No response received when attempting to reach /_stcore/health @ http://localhost:8765/static/js/index.bE3scgDe.js:33
[ 1628813ms] [ERROR] Is Streamlit still running? If you accidentally stopped Streamlit, just restart it in your terminal: @ http://localhost:8765/static/js/index.bE3scgDe.js:38
[ 1628835ms] [ERROR] Failed to load resource: net::ERR_CONNECTION_REFUSED @ http://localhost:8765/_stcore/host-config:0
[ 1634540ms] [ERROR] Failed to load resource: net::ERR_CONNECTION_REFUSED @ http://localhost:8765/_stcore/health:0
[ 1634541ms] [ERROR] Client Error in reaching server endpoint - No response received when attempting to reach /_stcore/health @ http://localhost:8765/static/js/index.bE3scgDe.js:33
[ 1634541ms] [ERROR] Is Streamlit still running? If you accidentally stopped Streamlit, just restart it in your terminal: @ http://localhost:8765/static/js/index.bE3scgDe.js:38
[ 1634563ms] [ERROR] Failed to load resource: net::ERR_CONNECTION_REFUSED @ http://localhost:8765/_stcore/host-config:0
[ 1640390ms] [ERROR] Failed to load resource: net::ERR_CONNECTION_REFUSED @ http://localhost:8765/_stcore/health:0
[ 1640391ms] [ERROR] Client Error in reaching server endpoint - No response received when attempting to reach /_stcore/health @ http://localhost:8765/static/js/index.bE3scgDe.js:33
[ 1640391ms] [ERROR] Is Streamlit still running? If you accidentally stopped Streamlit, just restart it in your terminal: @ http://localhost:8765/static/js/index.bE3scgDe.js:38
[ 1640415ms] [ERROR] Failed to load resource: net::ERR_CONNECTION_REFUSED @ http://localhost:8765/_stcore/host-config:0
[ 1646518ms] [ERROR] Failed to load resource: net::ERR_CONNECTION_REFUSED @ http://localhost:8765/_stcore/health:0
[ 1646519ms] [ERROR] Client Error in reaching server endpoint - No response received when attempting to reach /_stcore/health @ http://localhost:8765/static/js/index.bE3scgDe.js:33
[ 1646519ms] [ERROR] Is Streamlit still running? If you accidentally stopped Streamlit, just restart it in your terminal: @ http://localhost:8765/static/js/index.bE3scgDe.js:38
[ 1646522ms] [ERROR] Failed to load resource: net::ERR_CONNECTION_REFUSED @ http://localhost:8765/_stcore/host-config:0
[ 1652542ms] [ERROR] Failed to load resource: net::ERR_CONNECTION_REFUSED @ http://localhost:8765/_stcore/health:0
[ 1652542ms] [ERROR] Client Error in reaching server endpoint - No response received when attempting to reach /_stcore/health @ http://localhost:8765/static/js/index.bE3scgDe.js:33
[ 1652543ms] [ERROR] Is Streamlit still running? If you accidentally stopped Streamlit, just restart it in your terminal: @ http://localhost:8765/static/js/index.bE3scgDe.js:38
[ 1652565ms] [ERROR] Failed to load resource: net::ERR_CONNECTION_REFUSED @ http://localhost:8765/_stcore/host-config:0
[ 1657728ms] [ERROR] Failed to load resource: net::ERR_CONNECTION_REFUSED @ http://localhost:8765/_stcore/health:0
[ 1657728ms] [ERROR] Client Error in reaching server endpoint - No response received when attempting to reach /_stcore/health @ http://localhost:8765/static/js/index.bE3scgDe.js:33
[ 1657729ms] [ERROR] Is Streamlit still running? If you accidentally stopped Streamlit, just restart it in your terminal: @ http://localhost:8765/static/js/index.bE3scgDe.js:38
[ 1657751ms] [ERROR] Failed to load resource: net::ERR_CONNECTION_REFUSED @ http://localhost:8765/_stcore/host-config:0
[ 1664031ms] [ERROR] Failed to load resource: net::ERR_CONNECTION_REFUSED @ http://localhost:8765/_stcore/health:0
[ 1664031ms] [ERROR] Client Error in reaching server endpoint - No response received when attempting to reach /_stcore/health @ http://localhost:8765/static/js/index.bE3scgDe.js:33
[ 1664031ms] [ERROR] Is Streamlit still running? If you accidentally stopped Streamlit, just restart it in your terminal: @ http://localhost:8765/static/js/index.bE3scgDe.js:38
[ 1664053ms] [ERROR] Failed to load resource: net::ERR_CONNECTION_REFUSED @ http://localhost:8765/_stcore/host-config:0
[ 1669944ms] [ERROR] Failed to load resource: net::ERR_CONNECTION_REFUSED @ http://localhost:8765/_stcore/health:0
[ 1669944ms] [ERROR] Client Error in reaching server endpoint - No response received when attempting to reach /_stcore/health @ http://localhost:8765/static/js/index.bE3scgDe.js:33
[ 1669945ms] [ERROR] Is Streamlit still running? If you accidentally stopped Streamlit, just restart it in your terminal: @ http://localhost:8765/static/js/index.bE3scgDe.js:38
[ 1669970ms] [ERROR] Failed to load resource: net::ERR_CONNECTION_REFUSED @ http://localhost:8765/_stcore/host-config:0
[ 1675960ms] [ERROR] Failed to load resource: net::ERR_CONNECTION_REFUSED @ http://localhost:8765/_stcore/health:0
[ 1675961ms] [ERROR] Client Error in reaching server endpoint - No response received when attempting to reach /_stcore/health @ http://localhost:8765/static/js/index.bE3scgDe.js:33
[ 1675961ms] [ERROR] Is Streamlit still running? If you accidentally stopped Streamlit, just restart it in your terminal: @ http://localhost:8765/static/js/index.bE3scgDe.js:38
[ 1675984ms] [ERROR] Failed to load resource: net::ERR_CONNECTION_REFUSED @ http://localhost:8765/_stcore/host-config:0
[ 1681153ms] [ERROR] Failed to load resource: net::ERR_CONNECTION_REFUSED @ http://localhost:8765/_stcore/health:0
[ 1681154ms] [ERROR] Client Error in reaching server endpoint - No response received when attempting to reach /_stcore/health @ http://localhost:8765/static/js/index.bE3scgDe.js:33
[ 1681154ms] [ERROR] Is Streamlit still running? If you accidentally stopped Streamlit, just restart it in your terminal: @ http://localhost:8765/static/js/index.bE3scgDe.js:38
[ 1681178ms] [ERROR] Failed to load resource: net::ERR_CONNECTION_REFUSED @ http://localhost:8765/_stcore/host-config:0
[ 1686830ms] [ERROR] Failed to load resource: net::ERR_CONNECTION_REFUSED @ http://localhost:8765/_stcore/health:0
[ 1686830ms] [ERROR] Client Error in reaching server endpoint - No response received when attempting to reach /_stcore/health @ http://localhost:8765/static/js/index.bE3scgDe.js:33
[ 1686831ms] [ERROR] Is Streamlit still running? If you accidentally stopped Streamlit, just restart it in your terminal: @ http://localhost:8765/static/js/index.bE3scgDe.js:38
[ 1686857ms] [ERROR] Failed to load resource: net::ERR_CONNECTION_REFUSED @ http://localhost:8765/_stcore/host-config:0
[ 1692112ms] [ERROR] Failed to load resource: net::ERR_CONNECTION_REFUSED @ http://localhost:8765/_stcore/health:0
[ 1692112ms] [ERROR] Client Error in reaching server endpoint - No response received when attempting to reach /_stcore/health @ http://localhost:8765/static/js/index.bE3scgDe.js:33
[ 1692113ms] [ERROR] Is Streamlit still running? If you accidentally stopped Streamlit, just restart it in your terminal: @ http://localhost:8765/static/js/index.bE3scgDe.js:38
[ 1692115ms] [ERROR] Failed to load resource: net::ERR_CONNECTION_REFUSED @ http://localhost:8765/_stcore/host-config:0
[ 1697898ms] [ERROR] Failed to load resource: net::ERR_CONNECTION_REFUSED @ http://localhost:8765/_stcore/health:0
[ 1697899ms] [ERROR] Client Error in reaching server endpoint - No response received when attempting to reach /_stcore/health @ http://localhost:8765/static/js/index.bE3scgDe.js:33
[ 1697899ms] [ERROR] Is Streamlit still running? If you accidentally stopped Streamlit, just restart it in your terminal: @ http://localhost:8765/static/js/index.bE3scgDe.js:38
[ 1697926ms] [ERROR] Failed to load resource: net::ERR_CONNECTION_REFUSED @ http://localhost:8765/_stcore/host-config:0
[ 1703230ms] [ERROR] Failed to load resource: net::ERR_CONNECTION_REFUSED @ http://localhost:8765/_stcore/health:0
[ 1703230ms] [ERROR] Client Error in reaching server endpoint - No response received when attempting to reach /_stcore/health @ http://localhost:8765/static/js/index.bE3scgDe.js:33
[ 1703231ms] [ERROR] Is Streamlit still running? If you accidentally stopped Streamlit, just restart it in your terminal: @ http://localhost:8765/static/js/index.bE3scgDe.js:38
[ 1703231ms] [ERROR] Failed to load resource: net::ERR_CONNECTION_REFUSED @ http://localhost:8765/_stcore/host-config:0
[ 1709189ms] [ERROR] Failed to load resource: net::ERR_CONNECTION_REFUSED @ http://localhost:8765/_stcore/health:0
[ 1709190ms] [ERROR] Client Error in reaching server endpoint - No response received when attempting to reach /_stcore/health @ http://localhost:8765/static/js/index.bE3scgDe.js:33
[ 1709190ms] [ERROR] Is Streamlit still running? If you accidentally stopped Streamlit, just restart it in your terminal: @ http://localhost:8765/static/js/index.bE3scgDe.js:38
[ 1709191ms] [ERROR] Failed to load resource: net::ERR_CONNECTION_REFUSED @ http://localhost:8765/_stcore/host-config:0
[ 1714647ms] [ERROR] Failed to load resource: net::ERR_CONNECTION_REFUSED @ http://localhost:8765/_stcore/health:0
[ 1714647ms] [ERROR] Client Error in reaching server endpoint - No response received when attempting to reach /_stcore/health @ http://localhost:8765/static/js/index.bE3scgDe.js:33
[ 1714647ms] [ERROR] Is Streamlit still running? If you accidentally stopped Streamlit, just restart it in your terminal: @ http://localhost:8765/static/js/index.bE3scgDe.js:38
[ 1714671ms] [ERROR] Failed to load resource: net::ERR_CONNECTION_REFUSED @ http://localhost:8765/_stcore/host-config:0
[ 1719868ms] [ERROR] Failed to load resource: net::ERR_CONNECTION_REFUSED @ http://localhost:8765/_stcore/health:0
[ 1719868ms] [ERROR] Client Error in reaching server endpoint - No response received when attempting to reach /_stcore/health @ http://localhost:8765/static/js/index.bE3scgDe.js:33
[ 1719868ms] [ERROR] Is Streamlit still running? If you accidentally stopped Streamlit, just restart it in your terminal: @ http://localhost:8765/static/js/index.bE3scgDe.js:38
[ 1719870ms] [ERROR] Failed to load resource: net::ERR_CONNECTION_REFUSED @ http://localhost:8765/_stcore/host-config:0
[ 1725024ms] [ERROR] Failed to load resource: net::ERR_CONNECTION_REFUSED @ http://localhost:8765/_stcore/health:0
[ 1725024ms] [ERROR] Client Error in reaching server endpoint - No response received when attempting to reach /_stcore/health @ http://localhost:8765/static/js/index.bE3scgDe.js:33
[ 1725024ms] [ERROR] Is Streamlit still running? If you accidentally stopped Streamlit, just restart it in your terminal: @ http://localhost:8765/static/js/index.bE3scgDe.js:38
[ 1725044ms] [ERROR] Failed to load resource: net::ERR_CONNECTION_REFUSED @ http://localhost:8765/_stcore/host-config:0
[ 1730939ms] [ERROR] Failed to load resource: net::ERR_CONNECTION_REFUSED @ http://localhost:8765/_stcore/health:0
[ 1730939ms] [ERROR] Client Error in reaching server endpoint - No response received when attempting to reach /_stcore/health @ http://localhost:8765/static/js/index.bE3scgDe.js:33
[ 1730939ms] [ERROR] Is Streamlit still running? If you accidentally stopped Streamlit, just restart it in your terminal: @ http://localhost:8765/static/js/index.bE3scgDe.js:38
[ 1730963ms] [ERROR] Failed to load resource: net::ERR_CONNECTION_REFUSED @ http://localhost:8765/_stcore/host-config:0
[ 1736501ms] [ERROR] Failed to load resource: net::ERR_CONNECTION_REFUSED @ http://localhost:8765/_stcore/health:0
[ 1736501ms] [ERROR] Client Error in reaching server endpoint - No response received when attempting to reach /_stcore/health @ http://localhost:8765/static/js/index.bE3scgDe.js:33
[ 1736501ms] [ERROR] Is Streamlit still running? If you accidentally stopped Streamlit, just restart it in your terminal: @ http://localhost:8765/static/js/index.bE3scgDe.js:38
[ 1736522ms] [ERROR] Failed to load resource: net::ERR_CONNECTION_REFUSED @ http://localhost:8765/_stcore/host-config:0
[ 1742368ms] [ERROR] Failed to load resource: net::ERR_CONNECTION_REFUSED @ http://localhost:8765/_stcore/health:0
[ 1742368ms] [ERROR] Client Error in reaching server endpoint - No response received when attempting to reach /_stcore/health @ http://localhost:8765/static/js/index.bE3scgDe.js:33
[ 1742368ms] [ERROR] Is Streamlit still running? If you accidentally stopped Streamlit, just restart it in your terminal: @ http://localhost:8765/static/js/index.bE3scgDe.js:38
[ 1742396ms] [ERROR] Failed to load resource: net::ERR_CONNECTION_REFUSED @ http://localhost:8765/_stcore/host-config:0
[ 1748571ms] [ERROR] Failed to load resource: net::ERR_CONNECTION_REFUSED @ http://localhost:8765/_stcore/health:0
[ 1748571ms] [ERROR] Client Error in reaching server endpoint - No response received when attempting to reach /_stcore/health @ http://localhost:8765/static/js/index.bE3scgDe.js:33
[ 1748571ms] [ERROR] Is Streamlit still running? If you accidentally stopped Streamlit, just restart it in your terminal: @ http://localhost:8765/static/js/index.bE3scgDe.js:38
[ 1748595ms] [ERROR] Failed to load resource: net::ERR_CONNECTION_REFUSED @ http://localhost:8765/_stcore/host-config:0
[ 1754500ms] [ERROR] Failed to load resource: net::ERR_CONNECTION_REFUSED @ http://localhost:8765/_stcore/health:0
[ 1754500ms] [ERROR] Client Error in reaching server endpoint - No response received when attempting to reach /_stcore/health @ http://localhost:8765/static/js/index.bE3scgDe.js:33
[ 1754500ms] [ERROR] Is Streamlit still running? If you accidentally stopped Streamlit, just restart it in your terminal: @ http://localhost:8765/static/js/index.bE3scgDe.js:38
[ 1754523ms] [ERROR] Failed to load resource: net::ERR_CONNECTION_REFUSED @ http://localhost:8765/_stcore/host-config:0
[ 1760636ms] [ERROR] Failed to load resource: net::ERR_CONNECTION_REFUSED @ http://localhost:8765/_stcore/health:0
[ 1760636ms] [ERROR] Client Error in reaching server endpoint - No response received when attempting to reach /_stcore/health @ http://localhost:8765/static/js/index.bE3scgDe.js:33
[ 1760636ms] [ERROR] Is Streamlit still running? If you accidentally stopped Streamlit, just restart it in your terminal: @ http://localhost:8765/static/js/index.bE3scgDe.js:38
[ 1760638ms] [ERROR] Failed to load resource: net::ERR_CONNECTION_REFUSED @ http://localhost:8765/_stcore/host-config:0
[ 1766014ms] [ERROR] Failed to load resource: net::ERR_CONNECTION_REFUSED @ http://localhost:8765/_stcore/health:0
[ 1766014ms] [ERROR] Client Error in reaching server endpoint - No response received when attempting to reach /_stcore/health @ http://localhost:8765/static/js/index.bE3scgDe.js:33
[ 1766014ms] [ERROR] Is Streamlit still running? If you accidentally stopped Streamlit, just restart it in your terminal: @ http://localhost:8765/static/js/index.bE3scgDe.js:38
[ 1766016ms] [ERROR] Failed to load resource: net::ERR_CONNECTION_REFUSED @ http://localhost:8765/_stcore/host-config:0
[ 1772318ms] [ERROR] Failed to load resource: net::ERR_CONNECTION_REFUSED @ http://localhost:8765/_stcore/health:0
[ 1772318ms] [ERROR] Client Error in reaching server endpoint - No response received when attempting to reach /_stcore/health @ http://localhost:8765/static/js/index.bE3scgDe.js:33
[ 1772319ms] [ERROR] Is Streamlit still running? If you accidentally stopped Streamlit, just restart it in your terminal: @ http://localhost:8765/static/js/index.bE3scgDe.js:38
[ 1772321ms] [ERROR] Failed to load resource: net::ERR_CONNECTION_REFUSED @ http://localhost:8765/_stcore/host-config:0
[ 1778507ms] [ERROR] Failed to load resource: net::ERR_CONNECTION_REFUSED @ http://localhost:8765/_stcore/health:0
[ 1778507ms] [ERROR] Client Error in reaching server endpoint - No response received when attempting to reach /_stcore/health @ http://localhost:8765/static/js/index.bE3scgDe.js:33
[ 1778508ms] [ERROR] Is Streamlit still running? If you accidentally stopped Streamlit, just restart it in your terminal: @ http://localhost:8765/static/js/index.bE3scgDe.js:38
[ 1778510ms] [ERROR] Failed to load resource: net::ERR_CONNECTION_REFUSED @ http://localhost:8765/_stcore/host-config:0
[ 1784136ms] [ERROR] Failed to load resource: net::ERR_CONNECTION_REFUSED @ http://localhost:8765/_stcore/health:0
[ 1784136ms] [ERROR] Client Error in reaching server endpoint - No response received when attempting to reach /_stcore/health @ http://localhost:8765/static/js/index.bE3scgDe.js:33
[ 1784136ms] [ERROR] Is Streamlit still running? If you accidentally stopped Streamlit, just restart it in your terminal: @ http://localhost:8765/static/js/index.bE3scgDe.js:38
[ 1784159ms] [ERROR] Failed to load resource: net::ERR_CONNECTION_REFUSED @ http://localhost:8765/_stcore/host-config:0
[ 1789909ms] [ERROR] Failed to load resource: net::ERR_CONNECTION_REFUSED @ http://localhost:8765/_stcore/health:0
[ 1789909ms] [ERROR] Client Error in reaching server endpoint - No response received when attempting to reach /_stcore/health @ http://localhost:8765/static/js/index.bE3scgDe.js:33
[ 1789909ms] [ERROR] Is Streamlit still running? If you accidentally stopped Streamlit, just restart it in your terminal: @ http://localhost:8765/static/js/index.bE3scgDe.js:38
[ 1789933ms] [ERROR] Failed to load resource: net::ERR_CONNECTION_REFUSED @ http://localhost:8765/_stcore/host-config:0
[ 1795237ms] [ERROR] Failed to load resource: net::ERR_CONNECTION_REFUSED @ http://localhost:8765/_stcore/health:0
[ 1795237ms] [ERROR] Client Error in reaching server endpoint - No response received when attempting to reach /_stcore/health @ http://localhost:8765/static/js/index.bE3scgDe.js:33
[ 1795237ms] [ERROR] Is Streamlit still running? If you accidentally stopped Streamlit, just restart it in your terminal: @ http://localhost:8765/static/js/index.bE3scgDe.js:38
[ 1795265ms] [ERROR] Failed to load resource: net::ERR_CONNECTION_REFUSED @ http://localhost:8765/_stcore/host-config:0
[ 1801496ms] [ERROR] Failed to load resource: net::ERR_CONNECTION_REFUSED @ http://localhost:8765/_stcore/health:0
[ 1801496ms] [ERROR] Client Error in reaching server endpoint - No response received when attempting to reach /_stcore/health @ http://localhost:8765/static/js/index.bE3scgDe.js:33
[ 1801497ms] [ERROR] Is Streamlit still running? If you accidentally stopped Streamlit, just restart it in your terminal: @ http://localhost:8765/static/js/index.bE3scgDe.js:38
[ 1801520ms] [ERROR] Failed to load resource: net::ERR_CONNECTION_REFUSED @ http://localhost:8765/_stcore/host-config:0
[ 1807330ms] [ERROR] Failed to load resource: net::ERR_CONNECTION_REFUSED @ http://localhost:8765/_stcore/health:0
[ 1807330ms] [ERROR] Client Error in reaching server endpoint - No response received when attempting to reach /_stcore/health @ http://localhost:8765/static/js/index.bE3scgDe.js:33
[ 1807330ms] [ERROR] Is Streamlit still running? If you accidentally stopped Streamlit, just restart it in your terminal: @ http://localhost:8765/static/js/index.bE3scgDe.js:38
[ 1807332ms] [ERROR] Failed to load resource: net::ERR_CONNECTION_REFUSED @ http://localhost:8765/_stcore/host-config:0
[ 1813586ms] [ERROR] Failed to load resource: net::ERR_CONNECTION_REFUSED @ http://localhost:8765/_stcore/health:0
[ 1813586ms] [ERROR] Client Error in reaching server endpoint - No response received when attempting to reach /_stcore/health @ http://localhost:8765/static/js/index.bE3scgDe.js:33
[ 1813586ms] [ERROR] Is Streamlit still running? If you accidentally stopped Streamlit, just restart it in your terminal: @ http://localhost:8765/static/js/index.bE3scgDe.js:38
[ 1813611ms] [ERROR] Failed to load resource: net::ERR_CONNECTION_REFUSED @ http://localhost:8765/_stcore/host-config:0
[ 1819102ms] [ERROR] Failed to load resource: net::ERR_CONNECTION_REFUSED @ http://localhost:8765/_stcore/health:0
[ 1819102ms] [ERROR] Client Error in reaching server endpoint - No response received when attempting to reach /_stcore/health @ http://localhost:8765/static/js/index.bE3scgDe.js:33
[ 1819103ms] [ERROR] Is Streamlit still running? If you accidentally stopped Streamlit, just restart it in your terminal: @ http://localhost:8765/static/js/index.bE3scgDe.js:38
[ 1819125ms] [ERROR] Failed to load resource: net::ERR_CONNECTION_REFUSED @ http://localhost:8765/_stcore/host-config:0
[ 1824966ms] [ERROR] Failed to load resource: net::ERR_CONNECTION_REFUSED @ http://localhost:8765/_stcore/health:0
[ 1824966ms] [ERROR] Client Error in reaching server endpoint - No response received when attempting to reach /_stcore/health @ http://localhost:8765/static/js/index.bE3scgDe.js:33
[ 1824966ms] [ERROR] Is Streamlit still running? If you accidentally stopped Streamlit, just restart it in your terminal: @ http://localhost:8765/static/js/index.bE3scgDe.js:38
[ 1824968ms] [ERROR] Failed to load resource: net::ERR_CONNECTION_REFUSED @ http://localhost:8765/_stcore/host-config:0
[ 1831194ms] [ERROR] Failed to load resource: net::ERR_CONNECTION_REFUSED @ http://localhost:8765/_stcore/health:0
[ 1831194ms] [ERROR] Client Error in reaching server endpoint - No response received when attempting to reach /_stcore/health @ http://localhost:8765/static/js/index.bE3scgDe.js:33
[ 1831195ms] [ERROR] Is Streamlit still running? If you accidentally stopped Streamlit, just restart it in your terminal: @ http://localhost:8765/static/js/index.bE3scgDe.js:38
[ 1831218ms] [ERROR] Failed to load resource: net::ERR_CONNECTION_REFUSED @ http://localhost:8765/_stcore/host-config:0
[ 1836542ms] [ERROR] Failed to load resource: net::ERR_CONNECTION_REFUSED @ http://localhost:8765/_stcore/health:0
[ 1836542ms] [ERROR] Client Error in reaching server endpoint - No response received when attempting to reach /_stcore/health @ http://localhost:8765/static/js/index.bE3scgDe.js:33
[ 1836542ms] [ERROR] Is Streamlit still running? If you accidentally stopped Streamlit, just restart it in your terminal: @ http://localhost:8765/static/js/index.bE3scgDe.js:38
[ 1836576ms] [ERROR] Failed to load resource: net::ERR_CONNECTION_REFUSED @ http://localhost:8765/_stcore/host-config:0
[ 1842057ms] [ERROR] Failed to load resource: net::ERR_CONNECTION_REFUSED @ http://localhost:8765/_stcore/health:0
[ 1842057ms] [ERROR] Client Error in reaching server endpoint - No response received when attempting to reach /_stcore/health @ http://localhost:8765/static/js/index.bE3scgDe.js:33
[ 1842057ms] [ERROR] Is Streamlit still running? If you accidentally stopped Streamlit, just restart it in your terminal: @ http://localhost:8765/static/js/index.bE3scgDe.js:38
[ 1842082ms] [ERROR] Failed to load resource: net::ERR_CONNECTION_REFUSED @ http://localhost:8765/_stcore/host-config:0
[ 1847518ms] [ERROR] Failed to load resource: net::ERR_CONNECTION_REFUSED @ http://localhost:8765/_stcore/health:0
[ 1847518ms] [ERROR] Client Error in reaching server endpoint - No response received when attempting to reach /_stcore/health @ http://localhost:8765/static/js/index.bE3scgDe.js:33
[ 1847519ms] [ERROR] Is Streamlit still running? If you accidentally stopped Streamlit, just restart it in your terminal: @ http://localhost:8765/static/js/index.bE3scgDe.js:38
[ 1847544ms] [ERROR] Failed to load resource: net::ERR_CONNECTION_REFUSED @ http://localhost:8765/_stcore/host-config:0
[ 1853689ms] [ERROR] Failed to load resource: net::ERR_CONNECTION_REFUSED @ http://localhost:8765/_stcore/health:0
[ 1853690ms] [ERROR] Client Error in reaching server endpoint - No response received when attempting to reach /_stcore/health @ http://localhost:8765/static/js/index.bE3scgDe.js:33
[ 1853690ms] [ERROR] Is Streamlit still running? If you accidentally stopped Streamlit, just restart it in your terminal: @ http://localhost:8765/static/js/index.bE3scgDe.js:38
[ 1853691ms] [ERROR] Failed to load resource: net::ERR_CONNECTION_REFUSED @ http://localhost:8765/_stcore/host-config:0
[ 1859556ms] [ERROR] Failed to load resource: net::ERR_CONNECTION_REFUSED @ http://localhost:8765/_stcore/health:0
[ 1859556ms] [ERROR] Client Error in reaching server endpoint - No response received when attempting to reach /_stcore/health @ http://localhost:8765/static/js/index.bE3scgDe.js:33
[ 1859556ms] [ERROR] Is Streamlit still running? If you accidentally stopped Streamlit, just restart it in your terminal: @ http://localhost:8765/static/js/index.bE3scgDe.js:38
[ 1859558ms] [ERROR] Failed to load resource: net::ERR_CONNECTION_REFUSED @ http://localhost:8765/_stcore/host-config:0
[ 1865795ms] [ERROR] Failed to load resource: net::ERR_CONNECTION_REFUSED @ http://localhost:8765/_stcore/health:0
[ 1865795ms] [ERROR] Client Error in reaching server endpoint - No response received when attempting to reach /_stcore/health @ http://localhost:8765/static/js/index.bE3scgDe.js:33
[ 1865795ms] [ERROR] Is Streamlit still running? If you accidentally stopped Streamlit, just restart it in your terminal: @ http://localhost:8765/static/js/index.bE3scgDe.js:38
[ 1865819ms] [ERROR] Failed to load resource: net::ERR_CONNECTION_REFUSED @ http://localhost:8765/_stcore/host-config:0
[ 1871285ms] [ERROR] Failed to load resource: net::ERR_CONNECTION_REFUSED @ http://localhost:8765/_stcore/health:0
[ 1871285ms] [ERROR] Client Error in reaching server endpoint - No response received when attempting to reach /_stcore/health @ http://localhost:8765/static/js/index.bE3scgDe.js:33
[ 1871286ms] [ERROR] Is Streamlit still running? If you accidentally stopped Streamlit, just restart it in your terminal: @ http://localhost:8765/static/js/index.bE3scgDe.js:38
[ 1871309ms] [ERROR] Failed to load resource: net::ERR_CONNECTION_REFUSED @ http://localhost:8765/_stcore/host-config:0
[ 1877309ms] [ERROR] Failed to load resource: net::ERR_CONNECTION_REFUSED @ http://localhost:8765/_stcore/health:0
[ 1877310ms] [ERROR] Client Error in reaching server endpoint - No response received when attempting to reach /_stcore/health @ http://localhost:8765/static/js/index.bE3scgDe.js:33
[ 1877310ms] [ERROR] Is Streamlit still running? If you accidentally stopped Streamlit, just restart it in your terminal: @ http://localhost:8765/static/js/index.bE3scgDe.js:38
[ 1877334ms] [ERROR] Failed to load resource: net::ERR_CONNECTION_REFUSED @ http://localhost:8765/_stcore/host-config:0
[ 1883595ms] [ERROR] Failed to load resource: net::ERR_CONNECTION_REFUSED @ http://localhost:8765/_stcore/health:0
[ 1883595ms] [ERROR] Client Error in reaching server endpoint - No response received when attempting to reach /_stcore/health @ http://localhost:8765/static/js/index.bE3scgDe.js:33
[ 1883595ms] [ERROR] Is Streamlit still running? If you accidentally stopped Streamlit, just restart it in your terminal: @ http://localhost:8765/static/js/index.bE3scgDe.js:38
[ 1883596ms] [ERROR] Failed to load resource: net::ERR_CONNECTION_REFUSED @ http://localhost:8765/_stcore/host-config:0
[ 1889898ms] [ERROR] Failed to load resource: net::ERR_CONNECTION_REFUSED @ http://localhost:8765/_stcore/health:0
[ 1889898ms] [ERROR] Client Error in reaching server endpoint - No response received when attempting to reach /_stcore/health @ http://localhost:8765/static/js/index.bE3scgDe.js:33
[ 1889898ms] [ERROR] Is Streamlit still running? If you accidentally stopped Streamlit, just restart it in your terminal: @ http://localhost:8765/static/js/index.bE3scgDe.js:38
[ 1889899ms] [ERROR] Failed to load resource: net::ERR_CONNECTION_REFUSED @ http://localhost:8765/_stcore/host-config:0
[ 1895604ms] [ERROR] Failed to load resource: net::ERR_CONNECTION_REFUSED @ http://localhost:8765/_stcore/health:0
[ 1895604ms] [ERROR] Client Error in reaching server endpoint - No response received when attempting to reach /_stcore/health @ http://localhost:8765/static/js/index.bE3scgDe.js:33
[ 1895604ms] [ERROR] Is Streamlit still running? If you accidentally stopped Streamlit, just restart it in your terminal: @ http://localhost:8765/static/js/index.bE3scgDe.js:38
[ 1895627ms] [ERROR] Failed to load resource: net::ERR_CONNECTION_REFUSED @ http://localhost:8765/_stcore/host-config:0
[ 1901828ms] [ERROR] Failed to load resource: net::ERR_CONNECTION_REFUSED @ http://localhost:8765/_stcore/health:0
[ 1901828ms] [ERROR] Client Error in reaching server endpoint - No response received when attempting to reach /_stcore/health @ http://localhost:8765/static/js/index.bE3scgDe.js:33
[ 1901828ms] [ERROR] Is Streamlit still running? If you accidentally stopped Streamlit, just restart it in your terminal: @ http://localhost:8765/static/js/index.bE3scgDe.js:38
[ 1901830ms] [ERROR] Failed to load resource: net::ERR_CONNECTION_REFUSED @ http://localhost:8765/_stcore/host-config:0
[ 1907803ms] [ERROR] Failed to load resource: net::ERR_CONNECTION_REFUSED @ http://localhost:8765/_stcore/health:0
[ 1907803ms] [ERROR] Client Error in reaching server endpoint - No response received when attempting to reach /_stcore/health @ http://localhost:8765/static/js/index.bE3scgDe.js:33
[ 1907804ms] [ERROR] Is Streamlit still running? If you accidentally stopped Streamlit, just restart it in your terminal: @ http://localhost:8765/static/js/index.bE3scgDe.js:38
[ 1907826ms] [ERROR] Failed to load resource: net::ERR_CONNECTION_REFUSED @ http://localhost:8765/_stcore/host-config:0
[ 1913290ms] [ERROR] Failed to load resource: net::ERR_CONNECTION_REFUSED @ http://localhost:8765/_stcore/health:0
[ 1913290ms] [ERROR] Client Error in reaching server endpoint - No response received when attempting to reach /_stcore/health @ http://localhost:8765/static/js/index.bE3scgDe.js:33
[ 1913291ms] [ERROR] Is Streamlit still running? If you accidentally stopped Streamlit, just restart it in your terminal: @ http://localhost:8765/static/js/index.bE3scgDe.js:38
[ 1913315ms] [ERROR] Failed to load resource: net::ERR_CONNECTION_REFUSED @ http://localhost:8765/_stcore/host-config:0
[ 1919140ms] [ERROR] Failed to load resource: net::ERR_CONNECTION_REFUSED @ http://localhost:8765/_stcore/health:0
[ 1919140ms] [ERROR] Client Error in reaching server endpoint - No response received when attempting to reach /_stcore/health @ http://localhost:8765/static/js/index.bE3scgDe.js:33
[ 1919140ms] [ERROR] Is Streamlit still running? If you accidentally stopped Streamlit, just restart it in your terminal: @ http://localhost:8765/static/js/index.bE3scgDe.js:38
[ 1919163ms] [ERROR] Failed to load resource: net::ERR_CONNECTION_REFUSED @ http://localhost:8765/_stcore/host-config:0
[ 1924767ms] [ERROR] Failed to load resource: net::ERR_CONNECTION_REFUSED @ http://localhost:8765/_stcore/health:0
[ 1924767ms] [ERROR] Client Error in reaching server endpoint - No response received when attempting to reach /_stcore/health @ http://localhost:8765/static/js/index.bE3scgDe.js:33
[ 1924768ms] [ERROR] Is Streamlit still running? If you accidentally stopped Streamlit, just restart it in your terminal: @ http://localhost:8765/static/js/index.bE3scgDe.js:38
[ 1924791ms] [ERROR] Failed to load resource: net::ERR_CONNECTION_REFUSED @ http://localhost:8765/_stcore/host-config:0
[ 1930974ms] [ERROR] Failed to load resource: net::ERR_CONNECTION_REFUSED @ http://localhost:8765/_stcore/health:0
[ 1930975ms] [ERROR] Client Error in reaching server endpoint - No response received when attempting to reach /_stcore/health @ http://localhost:8765/static/js/index.bE3scgDe.js:33
[ 1930975ms] [ERROR] Is Streamlit still running? If you accidentally stopped Streamlit, just restart it in your terminal: @ http://localhost:8765/static/js/index.bE3scgDe.js:38
[ 1930999ms] [ERROR] Failed to load resource: net::ERR_CONNECTION_REFUSED @ http://localhost:8765/_stcore/host-config:0
[ 1937245ms] [ERROR] Failed to load resource: net::ERR_CONNECTION_REFUSED @ http://localhost:8765/_stcore/health:0
[ 1937245ms] [ERROR] Client Error in reaching server endpoint - No response received when attempting to reach /_stcore/health @ http://localhost:8765/static/js/index.bE3scgDe.js:33
[ 1937245ms] [ERROR] Is Streamlit still running? If you accidentally stopped Streamlit, just restart it in your terminal: @ http://localhost:8765/static/js/index.bE3scgDe.js:38
[ 1937268ms] [ERROR] Failed to load resource: net::ERR_CONNECTION_REFUSED @ http://localhost:8765/_stcore/host-config:0
[ 1943492ms] [ERROR] Failed to load resource: net::ERR_CONNECTION_REFUSED @ http://localhost:8765/_stcore/health:0
[ 1943493ms] [ERROR] Client Error in reaching server endpoint - No response received when attempting to reach /_stcore/health @ http://localhost:8765/static/js/index.bE3scgDe.js:33
[ 1943493ms] [ERROR] Is Streamlit still running? If you accidentally stopped Streamlit, just restart it in your terminal: @ http://localhost:8765/static/js/index.bE3scgDe.js:38
[ 1943493ms] [ERROR] Failed to load resource: net::ERR_CONNECTION_REFUSED @ http://localhost:8765/_stcore/host-config:0
[ 1948810ms] [ERROR] Failed to load resource: net::ERR_CONNECTION_REFUSED @ http://localhost:8765/_stcore/health:0
[ 1948810ms] [ERROR] Client Error in reaching server endpoint - No response received when attempting to reach /_stcore/health @ http://localhost:8765/static/js/index.bE3scgDe.js:33
[ 1948810ms] [ERROR] Is Streamlit still running? If you accidentally stopped Streamlit, just restart it in your terminal: @ http://localhost:8765/static/js/index.bE3scgDe.js:38
[ 1948833ms] [ERROR] Failed to load resource: net::ERR_CONNECTION_REFUSED @ http://localhost:8765/_stcore/host-config:0
[ 1953979ms] [ERROR] Failed to load resource: net::ERR_CONNECTION_REFUSED @ http://localhost:8765/_stcore/health:0
[ 1953980ms] [ERROR] Client Error in reaching server endpoint - No response received when attempting to reach /_stcore/health @ http://localhost:8765/static/js/index.bE3scgDe.js:33
[ 1953980ms] [ERROR] Is Streamlit still running? If you accidentally stopped Streamlit, just restart it in your terminal: @ http://localhost:8765/static/js/index.bE3scgDe.js:38
[ 1953980ms] [ERROR] Failed to load resource: net::ERR_CONNECTION_REFUSED @ http://localhost:8765/_stcore/host-config:0
[ 1960059ms] [ERROR] Failed to load resource: net::ERR_CONNECTION_REFUSED @ http://localhost:8765/_stcore/health:0
[ 1960060ms] [ERROR] Client Error in reaching server endpoint - No response received when attempting to reach /_stcore/health @ http://localhost:8765/static/js/index.bE3scgDe.js:33
[ 1960060ms] [ERROR] Is Streamlit still running? If you accidentally stopped Streamlit, just restart it in your terminal: @ http://localhost:8765/static/js/index.bE3scgDe.js:38
[ 1960083ms] [ERROR] Failed to load resource: net::ERR_CONNECTION_REFUSED @ http://localhost:8765/_stcore/host-config:0
[ 1965565ms] [ERROR] Failed to load resource: net::ERR_CONNECTION_REFUSED @ http://localhost:8765/_stcore/health:0
[ 1965566ms] [ERROR] Client Error in reaching server endpoint - No response received when attempting to reach /_stcore/health @ http://localhost:8765/static/js/index.bE3scgDe.js:33
[ 1965566ms] [ERROR] Is Streamlit still running? If you accidentally stopped Streamlit, just restart it in your terminal: @ http://localhost:8765/static/js/index.bE3scgDe.js:38
[ 1965588ms] [ERROR] Failed to load resource: net::ERR_CONNECTION_REFUSED @ http://localhost:8765/_stcore/host-config:0
[ 1971446ms] [ERROR] Failed to load resource: net::ERR_CONNECTION_REFUSED @ http://localhost:8765/_stcore/health:0
[ 1971446ms] [ERROR] Client Error in reaching server endpoint - No response received when attempting to reach /_stcore/health @ http://localhost:8765/static/js/index.bE3scgDe.js:33
[ 1971447ms] [ERROR] Is Streamlit still running? If you accidentally stopped Streamlit, just restart it in your terminal: @ http://localhost:8765/static/js/index.bE3scgDe.js:38
[ 1971470ms] [ERROR] Failed to load resource: net::ERR_CONNECTION_REFUSED @ http://localhost:8765/_stcore/host-config:0
[ 1977387ms] [ERROR] Failed to load resource: net::ERR_CONNECTION_REFUSED @ http://localhost:8765/_stcore/health:0
[ 1977387ms] [ERROR] Client Error in reaching server endpoint - No response received when attempting to reach /_stcore/health @ http://localhost:8765/static/js/index.bE3scgDe.js:33
[ 1977388ms] [ERROR] Is Streamlit still running? If you accidentally stopped Streamlit, just restart it in your terminal: @ http://localhost:8765/static/js/index.bE3scgDe.js:38
[ 1977390ms] [ERROR] Failed to load resource: net::ERR_CONNECTION_REFUSED @ http://localhost:8765/_stcore/host-config:0
[ 1982809ms] [ERROR] Failed to load resource: net::ERR_CONNECTION_REFUSED @ http://localhost:8765/_stcore/health:0
[ 1982809ms] [ERROR] Client Error in reaching server endpoint - No response received when attempting to reach /_stcore/health @ http://localhost:8765/static/js/index.bE3scgDe.js:33
[ 1982810ms] [ERROR] Is Streamlit still running? If you accidentally stopped Streamlit, just restart it in your terminal: @ http://localhost:8765/static/js/index.bE3scgDe.js:38
[ 1982836ms] [ERROR] Failed to load resource: net::ERR_CONNECTION_REFUSED @ http://localhost:8765/_stcore/host-config:0
[ 1987989ms] [ERROR] Failed to load resource: net::ERR_CONNECTION_REFUSED @ http://localhost:8765/_stcore/health:0
[ 1987990ms] [ERROR] Client Error in reaching server endpoint - No response received when attempting to reach /_stcore/health @ http://localhost:8765/static/js/index.bE3scgDe.js:33
[ 1987990ms] [ERROR] Is Streamlit still running? If you accidentally stopped Streamlit, just restart it in your terminal: @ http://localhost:8765/static/js/index.bE3scgDe.js:38
[ 1988017ms] [ERROR] Failed to load resource: net::ERR_CONNECTION_REFUSED @ http://localhost:8765/_stcore/host-config:0
[ 1994085ms] [ERROR] Failed to load resource: net::ERR_CONNECTION_REFUSED @ http://localhost:8765/_stcore/health:0
[ 1994086ms] [ERROR] Client Error in reaching server endpoint - No response received when attempting to reach /_stcore/health @ http://localhost:8765/static/js/index.bE3scgDe.js:33
[ 1994086ms] [ERROR] Is Streamlit still running? If you accidentally stopped Streamlit, just restart it in your terminal: @ http://localhost:8765/static/js/index.bE3scgDe.js:38
[ 1994088ms] [ERROR] Failed to load resource: net::ERR_CONNECTION_REFUSED @ http://localhost:8765/_stcore/host-config:0
[ 1999496ms] [ERROR] Failed to load resource: net::ERR_CONNECTION_REFUSED @ http://localhost:8765/_stcore/health:0
[ 1999497ms] [ERROR] Client Error in reaching server endpoint - No response received when attempting to reach /_stcore/health @ http://localhost:8765/static/js/index.bE3scgDe.js:33
[ 1999497ms] [ERROR] Is Streamlit still running? If you accidentally stopped Streamlit, just restart it in your terminal: @ http://localhost:8765/static/js/index.bE3scgDe.js:38
[ 1999519ms] [ERROR] Failed to load resource: net::ERR_CONNECTION_REFUSED @ http://localhost:8765/_stcore/host-config:0
[ 2005569ms] [ERROR] Failed to load resource: net::ERR_CONNECTION_REFUSED @ http://localhost:8765/_stcore/health:0
[ 2005569ms] [ERROR] Client Error in reaching server endpoint - No response received when attempting to reach /_stcore/health @ http://localhost:8765/static/js/index.bE3scgDe.js:33
[ 2005569ms] [ERROR] Is Streamlit still running? If you accidentally stopped Streamlit, just restart it in your terminal: @ http://localhost:8765/static/js/index.bE3scgDe.js:38
[ 2005597ms] [ERROR] Failed to load resource: net::ERR_CONNECTION_REFUSED @ http://localhost:8765/_stcore/host-config:0
[ 2011413ms] [ERROR] Failed to load resource: net::ERR_CONNECTION_REFUSED @ http://localhost:8765/_stcore/health:0
[ 2011413ms] [ERROR] Client Error in reaching server endpoint - No response received when attempting to reach /_stcore/health @ http://localhost:8765/static/js/index.bE3scgDe.js:33
[ 2011413ms] [ERROR] Is Streamlit still running? If you accidentally stopped Streamlit, just restart it in your terminal: @ http://localhost:8765/static/js/index.bE3scgDe.js:38
[ 2011415ms] [ERROR] Failed to load resource: net::ERR_CONNECTION_REFUSED @ http://localhost:8765/_stcore/host-config:0
[ 2017234ms] [ERROR] Failed to load resource: net::ERR_CONNECTION_REFUSED @ http://localhost:8765/_stcore/health:0
[ 2017234ms] [ERROR] Client Error in reaching server endpoint - No response received when attempting to reach /_stcore/health @ http://localhost:8765/static/js/index.bE3scgDe.js:33
[ 2017234ms] [ERROR] Is Streamlit still running? If you accidentally stopped Streamlit, just restart it in your terminal: @ http://localhost:8765/static/js/index.bE3scgDe.js:38
[ 2017237ms] [ERROR] Failed to load resource: net::ERR_CONNECTION_REFUSED @ http://localhost:8765/_stcore/host-config:0
[ 2022438ms] [ERROR] Failed to load resource: net::ERR_CONNECTION_REFUSED @ http://localhost:8765/_stcore/health:0
[ 2022438ms] [ERROR] Client Error in reaching server endpoint - No response received when attempting to reach /_stcore/health @ http://localhost:8765/static/js/index.bE3scgDe.js:33
[ 2022438ms] [ERROR] Is Streamlit still running? If you accidentally stopped Streamlit, just restart it in your terminal: @ http://localhost:8765/static/js/index.bE3scgDe.js:38
[ 2022463ms] [ERROR] Failed to load resource: net::ERR_CONNECTION_REFUSED @ http://localhost:8765/_stcore/host-config:0
[ 2027953ms] [ERROR] Failed to load resource: net::ERR_CONNECTION_REFUSED @ http://localhost:8765/_stcore/health:0
[ 2027953ms] [ERROR] Client Error in reaching server endpoint - No response received when attempting to reach /_stcore/health @ http://localhost:8765/static/js/index.bE3scgDe.js:33
[ 2027954ms] [ERROR] Is Streamlit still running? If you accidentally stopped Streamlit, just restart it in your terminal: @ http://localhost:8765/static/js/index.bE3scgDe.js:38
[ 2027954ms] [ERROR] Failed to load resource: net::ERR_CONNECTION_REFUSED @ http://localhost:8765/_stcore/host-config:0
[ 2033556ms] [ERROR] Failed to load resource: net::ERR_CONNECTION_REFUSED @ http://localhost:8765/_stcore/health:0
[ 2033556ms] [ERROR] Client Error in reaching server endpoint - No response received when attempting to reach /_stcore/health @ http://localhost:8765/static/js/index.bE3scgDe.js:33
[ 2033556ms] [ERROR] Is Streamlit still running? If you accidentally stopped Streamlit, just restart it in your terminal: @ http://localhost:8765/static/js/index.bE3scgDe.js:38
[ 2033579ms] [ERROR] Failed to load resource: net::ERR_CONNECTION_REFUSED @ http://localhost:8765/_stcore/host-config:0
[ 2039102ms] [ERROR] Failed to load resource: net::ERR_CONNECTION_REFUSED @ http://localhost:8765/_stcore/health:0
[ 2039102ms] [ERROR] Client Error in reaching server endpoint - No response received when attempting to reach /_stcore/health @ http://localhost:8765/static/js/index.bE3scgDe.js:33
[ 2039102ms] [ERROR] Is Streamlit still running? If you accidentally stopped Streamlit, just restart it in your terminal: @ http://localhost:8765/static/js/index.bE3scgDe.js:38
[ 2039126ms] [ERROR] Failed to load resource: net::ERR_CONNECTION_REFUSED @ http://localhost:8765/_stcore/host-config:0
[ 2045173ms] [ERROR] Failed to load resource: net::ERR_CONNECTION_REFUSED @ http://localhost:8765/_stcore/health:0
[ 2045173ms] [ERROR] Client Error in reaching server endpoint - No response received when attempting to reach /_stcore/health @ http://localhost:8765/static/js/index.bE3scgDe.js:33
[ 2045173ms] [ERROR] Is Streamlit still running? If you accidentally stopped Streamlit, just restart it in your terminal: @ http://localhost:8765/static/js/index.bE3scgDe.js:38
[ 2045194ms] [ERROR] Failed to load resource: net::ERR_CONNECTION_REFUSED @ http://localhost:8765/_stcore/host-config:0
[ 2050988ms] [ERROR] Failed to load resource: net::ERR_CONNECTION_REFUSED @ http://localhost:8765/_stcore/health:0
[ 2050988ms] [ERROR] Client Error in reaching server endpoint - No response received when attempting to reach /_stcore/health @ http://localhost:8765/static/js/index.bE3scgDe.js:33
[ 2050988ms] [ERROR] Is Streamlit still running? If you accidentally stopped Streamlit, just restart it in your terminal: @ http://localhost:8765/static/js/index.bE3scgDe.js:38
[ 2051009ms] [ERROR] Failed to load resource: net::ERR_CONNECTION_REFUSED @ http://localhost:8765/_stcore/host-config:0
[ 2056227ms] [ERROR] Failed to load resource: net::ERR_CONNECTION_REFUSED @ http://localhost:8765/_stcore/health:0
[ 2056227ms] [ERROR] Client Error in reaching server endpoint - No response received when attempting to reach /_stcore/health @ http://localhost:8765/static/js/index.bE3scgDe.js:33
[ 2056227ms] [ERROR] Is Streamlit still running? If you accidentally stopped Streamlit, just restart it in your terminal: @ http://localhost:8765/static/js/index.bE3scgDe.js:38
[ 2056250ms] [ERROR] Failed to load resource: net::ERR_CONNECTION_REFUSED @ http://localhost:8765/_stcore/host-config:0
[ 2062281ms] [ERROR] Failed to load resource: net::ERR_CONNECTION_REFUSED @ http://localhost:8765/_stcore/health:0
[ 2062281ms] [ERROR] Client Error in reaching server endpoint - No response received when attempting to reach /_stcore/health @ http://localhost:8765/static/js/index.bE3scgDe.js:33
[ 2062282ms] [ERROR] Is Streamlit still running? If you accidentally stopped Streamlit, just restart it in your terminal: @ http://localhost:8765/static/js/index.bE3scgDe.js:38
[ 2062314ms] [ERROR] Failed to load resource: net::ERR_CONNECTION_REFUSED @ http://localhost:8765/_stcore/host-config:0
[ 2067940ms] [ERROR] Failed to load resource: net::ERR_CONNECTION_REFUSED @ http://localhost:8765/_stcore/health:0
[ 2067941ms] [ERROR] Client Error in reaching server endpoint - No response received when attempting to reach /_stcore/health @ http://localhost:8765/static/js/index.bE3scgDe.js:33
[ 2067941ms] [ERROR] Is Streamlit still running? If you accidentally stopped Streamlit, just restart it in your terminal: @ http://localhost:8765/static/js/index.bE3scgDe.js:38
[ 2067941ms] [ERROR] Failed to load resource: net::ERR_CONNECTION_REFUSED @ http://localhost:8765/_stcore/host-config:0
[ 2073913ms] [ERROR] Failed to load resource: net::ERR_CONNECTION_REFUSED @ http://localhost:8765/_stcore/health:0
[ 2073913ms] [ERROR] Client Error in reaching server endpoint - No response received when attempting to reach /_stcore/health @ http://localhost:8765/static/js/index.bE3scgDe.js:33
[ 2073913ms] [ERROR] Is Streamlit still running? If you accidentally stopped Streamlit, just restart it in your terminal: @ http://localhost:8765/static/js/index.bE3scgDe.js:38
[ 2073944ms] [ERROR] Failed to load resource: net::ERR_CONNECTION_REFUSED @ http://localhost:8765/_stcore/host-config:0
[ 2079994ms] [ERROR] Failed to load resource: net::ERR_CONNECTION_REFUSED @ http://localhost:8765/_stcore/health:0
[ 2079994ms] [ERROR] Client Error in reaching server endpoint - No response received when attempting to reach /_stcore/health @ http://localhost:8765/static/js/index.bE3scgDe.js:33
[ 2079995ms] [ERROR] Is Streamlit still running? If you accidentally stopped Streamlit, just restart it in your terminal: @ http://localhost:8765/static/js/index.bE3scgDe.js:38
[ 2080019ms] [ERROR] Failed to load resource: net::ERR_CONNECTION_REFUSED @ http://localhost:8765/_stcore/host-config:0
[ 2085517ms] [ERROR] Failed to load resource: net::ERR_CONNECTION_REFUSED @ http://localhost:8765/_stcore/health:0
[ 2085517ms] [ERROR] Client Error in reaching server endpoint - No response received when attempting to reach /_stcore/health @ http://localhost:8765/static/js/index.bE3scgDe.js:33
[ 2085518ms] [ERROR] Is Streamlit still running? If you accidentally stopped Streamlit, just restart it in your terminal: @ http://localhost:8765/static/js/index.bE3scgDe.js:38
[ 2085520ms] [ERROR] Failed to load resource: net::ERR_CONNECTION_REFUSED @ http://localhost:8765/_stcore/host-config:0
[ 2090911ms] [ERROR] Failed to load resource: net::ERR_CONNECTION_REFUSED @ http://localhost:8765/_stcore/health:0
[ 2090911ms] [ERROR] Client Error in reaching server endpoint - No response received when attempting to reach /_stcore/health @ http://localhost:8765/static/js/index.bE3scgDe.js:33
[ 2090912ms] [ERROR] Is Streamlit still running? If you accidentally stopped Streamlit, just restart it in your terminal: @ http://localhost:8765/static/js/index.bE3scgDe.js:38
[ 2090914ms] [ERROR] Failed to load resource: net::ERR_CONNECTION_REFUSED @ http://localhost:8765/_stcore/host-config:0
[ 2096253ms] [ERROR] Failed to load resource: net::ERR_CONNECTION_REFUSED @ http://localhost:8765/_stcore/health:0
[ 2096254ms] [ERROR] Client Error in reaching server endpoint - No response received when attempting to reach /_stcore/health @ http://localhost:8765/static/js/index.bE3scgDe.js:33
[ 2096254ms] [ERROR] Is Streamlit still running? If you accidentally stopped Streamlit, just restart it in your terminal: @ http://localhost:8765/static/js/index.bE3scgDe.js:38
[ 2096277ms] [ERROR] Failed to load resource: net::ERR_CONNECTION_REFUSED @ http://localhost:8765/_stcore/host-config:0
[ 2102164ms] [ERROR] Failed to load resource: net::ERR_CONNECTION_REFUSED @ http://localhost:8765/_stcore/health:0
[ 2102165ms] [ERROR] Client Error in reaching server endpoint - No response received when attempting to reach /_stcore/health @ http://localhost:8765/static/js/index.bE3scgDe.js:33
[ 2102165ms] [ERROR] Is Streamlit still running? If you accidentally stopped Streamlit, just restart it in your terminal: @ http://localhost:8765/static/js/index.bE3scgDe.js:38
[ 2102189ms] [ERROR] Failed to load resource: net::ERR_CONNECTION_REFUSED @ http://localhost:8765/_stcore/host-config:0
[ 2107982ms] [ERROR] Failed to load resource: net::ERR_CONNECTION_REFUSED @ http://localhost:8765/_stcore/health:0
[ 2107983ms] [ERROR] Client Error in reaching server endpoint - No response received when attempting to reach /_stcore/health @ http://localhost:8765/static/js/index.bE3scgDe.js:33
[ 2107983ms] [ERROR] Is Streamlit still running? If you accidentally stopped Streamlit, just restart it in your terminal: @ http://localhost:8765/static/js/index.bE3scgDe.js:38
[ 2108009ms] [ERROR] Failed to load resource: net::ERR_CONNECTION_REFUSED @ http://localhost:8765/_stcore/host-config:0
[ 2113163ms] [ERROR] Failed to load resource: net::ERR_CONNECTION_REFUSED @ http://localhost:8765/_stcore/health:0
[ 2113163ms] [ERROR] Client Error in reaching server endpoint - No response received when attempting to reach /_stcore/health @ http://localhost:8765/static/js/index.bE3scgDe.js:33
[ 2113163ms] [ERROR] Is Streamlit still running? If you accidentally stopped Streamlit, just restart it in your terminal: @ http://localhost:8765/static/js/index.bE3scgDe.js:38
[ 2113164ms] [ERROR] Failed to load resource: net::ERR_CONNECTION_REFUSED @ http://localhost:8765/_stcore/host-config:0
[ 2118805ms] [ERROR] Failed to load resource: net::ERR_CONNECTION_REFUSED @ http://localhost:8765/_stcore/health:0
[ 2118805ms] [ERROR] Client Error in reaching server endpoint - No response received when attempting to reach /_stcore/health @ http://localhost:8765/static/js/index.bE3scgDe.js:33
[ 2118806ms] [ERROR] Is Streamlit still running? If you accidentally stopped Streamlit, just restart it in your terminal: @ http://localhost:8765/static/js/index.bE3scgDe.js:38
[ 2118831ms] [ERROR] Failed to load resource: net::ERR_CONNECTION_REFUSED @ http://localhost:8765/_stcore/host-config:0
[ 2124071ms] [ERROR] Failed to load resource: net::ERR_CONNECTION_REFUSED @ http://localhost:8765/_stcore/health:0
[ 2124071ms] [ERROR] Client Error in reaching server endpoint - No response received when attempting to reach /_stcore/health @ http://localhost:8765/static/js/index.bE3scgDe.js:33
[ 2124072ms] [ERROR] Is Streamlit still running? If you accidentally stopped Streamlit, just restart it in your terminal: @ http://localhost:8765/static/js/index.bE3scgDe.js:38
[ 2124073ms] [ERROR] Failed to load resource: net::ERR_CONNECTION_REFUSED @ http://localhost:8765/_stcore/host-config:0
[ 2130080ms] [ERROR] Failed to load resource: net::ERR_CONNECTION_REFUSED @ http://localhost:8765/_stcore/health:0
[ 2130080ms] [ERROR] Client Error in reaching server endpoint - No response received when attempting to reach /_stcore/health @ http://localhost:8765/static/js/index.bE3scgDe.js:33
[ 2130080ms] [ERROR] Is Streamlit still running? If you accidentally stopped Streamlit, just restart it in your terminal: @ http://localhost:8765/static/js/index.bE3scgDe.js:38
[ 2130082ms] [ERROR] Failed to load resource: net::ERR_CONNECTION_REFUSED @ http://localhost:8765/_stcore/host-config:0
[ 2136049ms] [ERROR] Failed to load resource: net::ERR_CONNECTION_REFUSED @ http://localhost:8765/_stcore/health:0
[ 2136050ms] [ERROR] Client Error in reaching server endpoint - No response received when attempting to reach /_stcore/health @ http://localhost:8765/static/js/index.bE3scgDe.js:33
[ 2136050ms] [ERROR] Is Streamlit still running? If you accidentally stopped Streamlit, just restart it in your terminal: @ http://localhost:8765/static/js/index.bE3scgDe.js:38
[ 2136052ms] [ERROR] Failed to load resource: net::ERR_CONNECTION_REFUSED @ http://localhost:8765/_stcore/host-config:0
[ 2142382ms] [ERROR] Failed to load resource: net::ERR_CONNECTION_REFUSED @ http://localhost:8765/_stcore/health:0
[ 2142383ms] [ERROR] Client Error in reaching server endpoint - No response received when attempting to reach /_stcore/health @ http://localhost:8765/static/js/index.bE3scgDe.js:33
[ 2142383ms] [ERROR] Is Streamlit still running? If you accidentally stopped Streamlit, just restart it in your terminal: @ http://localhost:8765/static/js/index.bE3scgDe.js:38
[ 2142409ms] [ERROR] Failed to load resource: net::ERR_CONNECTION_REFUSED @ http://localhost:8765/_stcore/host-config:0
[ 2148534ms] [ERROR] Failed to load resource: net::ERR_CONNECTION_REFUSED @ http://localhost:8765/_stcore/health:0
[ 2148534ms] [ERROR] Client Error in reaching server endpoint - No response received when attempting to reach /_stcore/health @ http://localhost:8765/static/js/index.bE3scgDe.js:33
[ 2148535ms] [ERROR] Is Streamlit still running? If you accidentally stopped Streamlit, just restart it in your terminal: @ http://localhost:8765/static/js/index.bE3scgDe.js:38
[ 2148561ms] [ERROR] Failed to load resource: net::ERR_CONNECTION_REFUSED @ http://localhost:8765/_stcore/host-config:0
[ 2154270ms] [ERROR] Failed to load resource: net::ERR_CONNECTION_REFUSED @ http://localhost:8765/_stcore/health:0
[ 2154270ms] [ERROR] Client Error in reaching server endpoint - No response received when attempting to reach /_stcore/health @ http://localhost:8765/static/js/index.bE3scgDe.js:33
[ 2154271ms] [ERROR] Is Streamlit still running? If you accidentally stopped Streamlit, just restart it in your terminal: @ http://localhost:8765/static/js/index.bE3scgDe.js:38
[ 2154272ms] [ERROR] Failed to load resource: net::ERR_CONNECTION_REFUSED @ http://localhost:8765/_stcore/host-config:0
[ 2160118ms] [ERROR] Failed to load resource: net::ERR_CONNECTION_REFUSED @ http://localhost:8765/_stcore/health:0
[ 2160118ms] [ERROR] Client Error in reaching server endpoint - No response received when attempting to reach /_stcore/health @ http://localhost:8765/static/js/index.bE3scgDe.js:33
[ 2160119ms] [ERROR] Is Streamlit still running? If you accidentally stopped Streamlit, just restart it in your terminal: @ http://localhost:8765/static/js/index.bE3scgDe.js:38
[ 2160143ms] [ERROR] Failed to load resource: net::ERR_CONNECTION_REFUSED @ http://localhost:8765/_stcore/host-config:0
[ 2165761ms] [ERROR] Failed to load resource: net::ERR_CONNECTION_REFUSED @ http://localhost:8765/_stcore/health:0
[ 2165761ms] [ERROR] Client Error in reaching server endpoint - No response received when attempting to reach /_stcore/health @ http://localhost:8765/static/js/index.bE3scgDe.js:33
[ 2165762ms] [ERROR] Is Streamlit still running? If you accidentally stopped Streamlit, just restart it in your terminal: @ http://localhost:8765/static/js/index.bE3scgDe.js:38
[ 2165764ms] [ERROR] Failed to load resource: net::ERR_CONNECTION_REFUSED @ http://localhost:8765/_stcore/host-config:0
[ 2171298ms] [ERROR] Failed to load resource: net::ERR_CONNECTION_REFUSED @ http://localhost:8765/_stcore/health:0
[ 2171299ms] [ERROR] Client Error in reaching server endpoint - No response received when attempting to reach /_stcore/health @ http://localhost:8765/static/js/index.bE3scgDe.js:33
[ 2171299ms] [ERROR] Is Streamlit still running? If you accidentally stopped Streamlit, just restart it in your terminal: @ http://localhost:8765/static/js/index.bE3scgDe.js:38
[ 2171322ms] [ERROR] Failed to load resource: net::ERR_CONNECTION_REFUSED @ http://localhost:8765/_stcore/host-config:0
[ 2176693ms] [ERROR] Failed to load resource: net::ERR_CONNECTION_REFUSED @ http://localhost:8765/_stcore/health:0
[ 2176694ms] [ERROR] Client Error in reaching server endpoint - No response received when attempting to reach /_stcore/health @ http://localhost:8765/static/js/index.bE3scgDe.js:33
[ 2176694ms] [ERROR] Is Streamlit still running? If you accidentally stopped Streamlit, just restart it in your terminal: @ http://localhost:8765/static/js/index.bE3scgDe.js:38
[ 2176696ms] [ERROR] Failed to load resource: net::ERR_CONNECTION_REFUSED @ http://localhost:8765/_stcore/host-config:0
[ 2182131ms] [ERROR] Failed to load resource: net::ERR_CONNECTION_REFUSED @ http://localhost:8765/_stcore/health:0
[ 2182131ms] [ERROR] Client Error in reaching server endpoint - No response received when attempting to reach /_stcore/health @ http://localhost:8765/static/js/index.bE3scgDe.js:33
[ 2182131ms] [ERROR] Is Streamlit still running? If you accidentally stopped Streamlit, just restart it in your terminal: @ http://localhost:8765/static/js/index.bE3scgDe.js:38
[ 2182153ms] [ERROR] Failed to load resource: net::ERR_CONNECTION_REFUSED @ http://localhost:8765/_stcore/host-config:0
[ 2187964ms] [ERROR] Failed to load resource: net::ERR_CONNECTION_REFUSED @ http://localhost:8765/_stcore/health:0
[ 2187964ms] [ERROR] Client Error in reaching server endpoint - No response received when attempting to reach /_stcore/health @ http://localhost:8765/static/js/index.bE3scgDe.js:33
[ 2187964ms] [ERROR] Is Streamlit still running? If you accidentally stopped Streamlit, just restart it in your terminal: @ http://localhost:8765/static/js/index.bE3scgDe.js:38
[ 2187988ms] [ERROR] Failed to load resource: net::ERR_CONNECTION_REFUSED @ http://localhost:8765/_stcore/host-config:0
[ 2193984ms] [ERROR] Failed to load resource: net::ERR_CONNECTION_REFUSED @ http://localhost:8765/_stcore/health:0
[ 2193985ms] [ERROR] Client Error in reaching server endpoint - No response received when attempting to reach /_stcore/health @ http://localhost:8765/static/js/index.bE3scgDe.js:33
[ 2193985ms] [ERROR] Is Streamlit still running? If you accidentally stopped Streamlit, just restart it in your terminal: @ http://localhost:8765/static/js/index.bE3scgDe.js:38
[ 2194007ms] [ERROR] Failed to load resource: net::ERR_CONNECTION_REFUSED @ http://localhost:8765/_stcore/host-config:0
[ 2200256ms] [ERROR] Failed to load resource: net::ERR_CONNECTION_REFUSED @ http://localhost:8765/_stcore/health:0
[ 2200257ms] [ERROR] Client Error in reaching server endpoint - No response received when attempting to reach /_stcore/health @ http://localhost:8765/static/js/index.bE3scgDe.js:33
[ 2200257ms] [ERROR] Is Streamlit still running? If you accidentally stopped Streamlit, just restart it in your terminal: @ http://localhost:8765/static/js/index.bE3scgDe.js:38
[ 2200286ms] [ERROR] Failed to load resource: net::ERR_CONNECTION_REFUSED @ http://localhost:8765/_stcore/host-config:0
[ 2205542ms] [ERROR] Failed to load resource: net::ERR_CONNECTION_REFUSED @ http://localhost:8765/_stcore/health:0
[ 2205542ms] [ERROR] Client Error in reaching server endpoint - No response received when attempting to reach /_stcore/health @ http://localhost:8765/static/js/index.bE3scgDe.js:33
[ 2205543ms] [ERROR] Is Streamlit still running? If you accidentally stopped Streamlit, just restart it in your terminal: @ http://localhost:8765/static/js/index.bE3scgDe.js:38
[ 2205544ms] [ERROR] Failed to load resource: net::ERR_CONNECTION_REFUSED @ http://localhost:8765/_stcore/host-config:0
[ 2211566ms] [ERROR] Failed to load resource: net::ERR_CONNECTION_REFUSED @ http://localhost:8765/_stcore/health:0
[ 2211566ms] [ERROR] Client Error in reaching server endpoint - No response received when attempting to reach /_stcore/health @ http://localhost:8765/static/js/index.bE3scgDe.js:33
[ 2211566ms] [ERROR] Is Streamlit still running? If you accidentally stopped Streamlit, just restart it in your terminal: @ http://localhost:8765/static/js/index.bE3scgDe.js:38
[ 2211592ms] [ERROR] Failed to load resource: net::ERR_CONNECTION_REFUSED @ http://localhost:8765/_stcore/host-config:0
[ 2217542ms] [ERROR] Failed to load resource: net::ERR_CONNECTION_REFUSED @ http://localhost:8765/_stcore/health:0
[ 2217542ms] [ERROR] Client Error in reaching server endpoint - No response received when attempting to reach /_stcore/health @ http://localhost:8765/static/js/index.bE3scgDe.js:33
[ 2217542ms] [ERROR] Is Streamlit still running? If you accidentally stopped Streamlit, just restart it in your terminal: @ http://localhost:8765/static/js/index.bE3scgDe.js:38
[ 2217545ms] [ERROR] Failed to load resource: net::ERR_CONNECTION_REFUSED @ http://localhost:8765/_stcore/host-config:0
[ 2223863ms] [ERROR] Failed to load resource: net::ERR_CONNECTION_REFUSED @ http://localhost:8765/_stcore/health:0
[ 2223863ms] [ERROR] Client Error in reaching server endpoint - No response received when attempting to reach /_stcore/health @ http://localhost:8765/static/js/index.bE3scgDe.js:33
[ 2223863ms] [ERROR] Is Streamlit still running? If you accidentally stopped Streamlit, just restart it in your terminal: @ http://localhost:8765/static/js/index.bE3scgDe.js:38
[ 2223890ms] [ERROR] Failed to load resource: net::ERR_CONNECTION_REFUSED @ http://localhost:8765/_stcore/host-config:0
[ 2229533ms] [ERROR] Failed to load resource: net::ERR_CONNECTION_REFUSED @ http://localhost:8765/_stcore/health:0
[ 2229533ms] [ERROR] Client Error in reaching server endpoint - No response received when attempting to reach /_stcore/health @ http://localhost:8765/static/js/index.bE3scgDe.js:33
[ 2229533ms] [ERROR] Is Streamlit still running? If you accidentally stopped Streamlit, just restart it in your terminal: @ http://localhost:8765/static/js/index.bE3scgDe.js:38
[ 2229557ms] [ERROR] Failed to load resource: net::ERR_CONNECTION_REFUSED @ http://localhost:8765/_stcore/host-config:0
[ 2235077ms] [ERROR] Failed to load resource: net::ERR_CONNECTION_REFUSED @ http://localhost:8765/_stcore/health:0
[ 2235077ms] [ERROR] Client Error in reaching server endpoint - No response received when attempting to reach /_stcore/health @ http://localhost:8765/static/js/index.bE3scgDe.js:33
[ 2235078ms] [ERROR] Is Streamlit still running? If you accidentally stopped Streamlit, just restart it in your terminal: @ http://localhost:8765/static/js/index.bE3scgDe.js:38
[ 2235100ms] [ERROR] Failed to load resource: net::ERR_CONNECTION_REFUSED @ http://localhost:8765/_stcore/host-config:0
[ 2240291ms] [ERROR] Failed to load resource: net::ERR_CONNECTION_REFUSED @ http://localhost:8765/_stcore/health:0
[ 2240291ms] [ERROR] Client Error in reaching server endpoint - No response received when attempting to reach /_stcore/health @ http://localhost:8765/static/js/index.bE3scgDe.js:33
[ 2240291ms] [ERROR] Is Streamlit still running? If you accidentally stopped Streamlit, just restart it in your terminal: @ http://localhost:8765/static/js/index.bE3scgDe.js:38
[ 2240314ms] [ERROR] Failed to load resource: net::ERR_CONNECTION_REFUSED @ http://localhost:8765/_stcore/host-config:0
[ 2246627ms] [ERROR] Failed to load resource: net::ERR_CONNECTION_REFUSED @ http://localhost:8765/_stcore/health:0
[ 2246627ms] [ERROR] Client Error in reaching server endpoint - No response received when attempting to reach /_stcore/health @ http://localhost:8765/static/js/index.bE3scgDe.js:33
[ 2246627ms] [ERROR] Is Streamlit still running? If you accidentally stopped Streamlit, just restart it in your terminal: @ http://localhost:8765/static/js/index.bE3scgDe.js:38
[ 2246651ms] [ERROR] Failed to load resource: net::ERR_CONNECTION_REFUSED @ http://localhost:8765/_stcore/host-config:0
[ 2252959ms] [ERROR] Failed to load resource: net::ERR_CONNECTION_REFUSED @ http://localhost:8765/_stcore/health:0
[ 2252959ms] [ERROR] Client Error in reaching server endpoint - No response received when attempting to reach /_stcore/health @ http://localhost:8765/static/js/index.bE3scgDe.js:33
[ 2252959ms] [ERROR] Is Streamlit still running? If you accidentally stopped Streamlit, just restart it in your terminal: @ http://localhost:8765/static/js/index.bE3scgDe.js:38
[ 2252962ms] [ERROR] Failed to load resource: net::ERR_CONNECTION_REFUSED @ http://localhost:8765/_stcore/host-config:0
[ 2258305ms] [ERROR] Failed to load resource: net::ERR_CONNECTION_REFUSED @ http://localhost:8765/_stcore/health:0
[ 2258305ms] [ERROR] Client Error in reaching server endpoint - No response received when attempting to reach /_stcore/health @ http://localhost:8765/static/js/index.bE3scgDe.js:33
[ 2258306ms] [ERROR] Is Streamlit still running? If you accidentally stopped Streamlit, just restart it in your terminal: @ http://localhost:8765/static/js/index.bE3scgDe.js:38
[ 2258329ms] [ERROR] Failed to load resource: net::ERR_CONNECTION_REFUSED @ http://localhost:8765/_stcore/host-config:0
[ 2264261ms] [ERROR] Failed to load resource: net::ERR_CONNECTION_REFUSED @ http://localhost:8765/_stcore/health:0
[ 2264262ms] [ERROR] Client Error in reaching server endpoint - No response received when attempting to reach /_stcore/health @ http://localhost:8765/static/js/index.bE3scgDe.js:33
[ 2264262ms] [ERROR] Is Streamlit still running? If you accidentally stopped Streamlit, just restart it in your terminal: @ http://localhost:8765/static/js/index.bE3scgDe.js:38
[ 2264263ms] [ERROR] Failed to load resource: net::ERR_CONNECTION_REFUSED @ http://localhost:8765/_stcore/host-config:0
[ 2270599ms] [ERROR] Failed to load resource: net::ERR_CONNECTION_REFUSED @ http://localhost:8765/_stcore/health:0
[ 2270599ms] [ERROR] Client Error in reaching server endpoint - No response received when attempting to reach /_stcore/health @ http://localhost:8765/static/js/index.bE3scgDe.js:33
[ 2270600ms] [ERROR] Is Streamlit still running? If you accidentally stopped Streamlit, just restart it in your terminal: @ http://localhost:8765/static/js/index.bE3scgDe.js:38
[ 2270602ms] [ERROR] Failed to load resource: net::ERR_CONNECTION_REFUSED @ http://localhost:8765/_stcore/host-config:0
[ 2276242ms] [ERROR] Failed to load resource: net::ERR_CONNECTION_REFUSED @ http://localhost:8765/_stcore/health:0
[ 2276242ms] [ERROR] Client Error in reaching server endpoint - No response received when attempting to reach /_stcore/health @ http://localhost:8765/static/js/index.bE3scgDe.js:33
[ 2276242ms] [ERROR] Is Streamlit still running? If you accidentally stopped Streamlit, just restart it in your terminal: @ http://localhost:8765/static/js/index.bE3scgDe.js:38
[ 2276244ms] [ERROR] Failed to load resource: net::ERR_CONNECTION_REFUSED @ http://localhost:8765/_stcore/host-config:0
[ 2281935ms] [ERROR] Failed to load resource: net::ERR_CONNECTION_REFUSED @ http://localhost:8765/_stcore/health:0
[ 2281936ms] [ERROR] Client Error in reaching server endpoint - No response received when attempting to reach /_stcore/health @ http://localhost:8765/static/js/index.bE3scgDe.js:33
[ 2281936ms] [ERROR] Is Streamlit still running? If you accidentally stopped Streamlit, just restart it in your terminal: @ http://localhost:8765/static/js/index.bE3scgDe.js:38
[ 2281959ms] [ERROR] Failed to load resource: net::ERR_CONNECTION_REFUSED @ http://localhost:8765/_stcore/host-config:0
[ 2288069ms] [ERROR] Failed to load resource: net::ERR_CONNECTION_REFUSED @ http://localhost:8765/_stcore/health:0
[ 2288069ms] [ERROR] Client Error in reaching server endpoint - No response received when attempting to reach /_stcore/health @ http://localhost:8765/static/js/index.bE3scgDe.js:33
[ 2288069ms] [ERROR] Is Streamlit still running? If you accidentally stopped Streamlit, just restart it in your terminal: @ http://localhost:8765/static/js/index.bE3scgDe.js:38
[ 2288093ms] [ERROR] Failed to load resource: net::ERR_CONNECTION_REFUSED @ http://localhost:8765/_stcore/host-config:0
[ 2293710ms] [ERROR] Failed to load resource: net::ERR_CONNECTION_REFUSED @ http://localhost:8765/_stcore/health:0
[ 2293711ms] [ERROR] Client Error in reaching server endpoint - No response received when attempting to reach /_stcore/health @ http://localhost:8765/static/js/index.bE3scgDe.js:33
[ 2293711ms] [ERROR] Is Streamlit still running? If you accidentally stopped Streamlit, just restart it in your terminal: @ http://localhost:8765/static/js/index.bE3scgDe.js:38
[ 2293711ms] [ERROR] Failed to load resource: net::ERR_CONNECTION_REFUSED @ http://localhost:8765/_stcore/host-config:0
[ 2299791ms] [ERROR] Failed to load resource: net::ERR_CONNECTION_REFUSED @ http://localhost:8765/_stcore/health:0
[ 2299791ms] [ERROR] Client Error in reaching server endpoint - No response received when attempting to reach /_stcore/health @ http://localhost:8765/static/js/index.bE3scgDe.js:33
[ 2299792ms] [ERROR] Is Streamlit still running? If you accidentally stopped Streamlit, just restart it in your terminal: @ http://localhost:8765/static/js/index.bE3scgDe.js:38
[ 2299817ms] [ERROR] Failed to load resource: net::ERR_CONNECTION_REFUSED @ http://localhost:8765/_stcore/host-config:0
[ 2305749ms] [ERROR] Failed to load resource: net::ERR_CONNECTION_REFUSED @ http://localhost:8765/_stcore/health:0
[ 2305749ms] [ERROR] Client Error in reaching server endpoint - No response received when attempting to reach /_stcore/health @ http://localhost:8765/static/js/index.bE3scgDe.js:33
[ 2305750ms] [ERROR] Is Streamlit still running? If you accidentally stopped Streamlit, just restart it in your terminal: @ http://localhost:8765/static/js/index.bE3scgDe.js:38
[ 2305775ms] [ERROR] Failed to load resource: net::ERR_CONNECTION_REFUSED @ http://localhost:8765/_stcore/host-config:0
[ 2311550ms] [ERROR] Failed to load resource: net::ERR_CONNECTION_REFUSED @ http://localhost:8765/_stcore/health:0
[ 2311550ms] [ERROR] Client Error in reaching server endpoint - No response received when attempting to reach /_stcore/health @ http://localhost:8765/static/js/index.bE3scgDe.js:33
[ 2311550ms] [ERROR] Is Streamlit still running? If you accidentally stopped Streamlit, just restart it in your terminal: @ http://localhost:8765/static/js/index.bE3scgDe.js:38
[ 2311576ms] [ERROR] Failed to load resource: net::ERR_CONNECTION_REFUSED @ http://localhost:8765/_stcore/host-config:0
[ 2317511ms] [ERROR] Failed to load resource: net::ERR_CONNECTION_REFUSED @ http://localhost:8765/_stcore/health:0
[ 2317511ms] [ERROR] Client Error in reaching server endpoint - No response received when attempting to reach /_stcore/health @ http://localhost:8765/static/js/index.bE3scgDe.js:33
[ 2317512ms] [ERROR] Is Streamlit still running? If you accidentally stopped Streamlit, just restart it in your terminal: @ http://localhost:8765/static/js/index.bE3scgDe.js:38
[ 2317539ms] [ERROR] Failed to load resource: net::ERR_CONNECTION_REFUSED @ http://localhost:8765/_stcore/host-config:0
[ 2323671ms] [ERROR] Failed to load resource: net::ERR_CONNECTION_REFUSED @ http://localhost:8765/_stcore/health:0
[ 2323671ms] [ERROR] Client Error in reaching server endpoint - No response received when attempting to reach /_stcore/health @ http://localhost:8765/static/js/index.bE3scgDe.js:33
[ 2323671ms] [ERROR] Is Streamlit still running? If you accidentally stopped Streamlit, just restart it in your terminal: @ http://localhost:8765/static/js/index.bE3scgDe.js:38
[ 2323694ms] [ERROR] Failed to load resource: net::ERR_CONNECTION_REFUSED @ http://localhost:8765/_stcore/host-config:0
[ 2329645ms] [ERROR] Failed to load resource: net::ERR_CONNECTION_REFUSED @ http://localhost:8765/_stcore/health:0
[ 2329645ms] [ERROR] Client Error in reaching server endpoint - No response received when attempting to reach /_stcore/health @ http://localhost:8765/static/js/index.bE3scgDe.js:33
[ 2329645ms] [ERROR] Is Streamlit still running? If you accidentally stopped Streamlit, just restart it in your terminal: @ http://localhost:8765/static/js/index.bE3scgDe.js:38
[ 2329667ms] [ERROR] Failed to load resource: net::ERR_CONNECTION_REFUSED @ http://localhost:8765/_stcore/host-config:0
[ 2335117ms] [ERROR] Failed to load resource: net::ERR_CONNECTION_REFUSED @ http://localhost:8765/_stcore/health:0
[ 2335117ms] [ERROR] Client Error in reaching server endpoint - No response received when attempting to reach /_stcore/health @ http://localhost:8765/static/js/index.bE3scgDe.js:33
[ 2335118ms] [ERROR] Is Streamlit still running? If you accidentally stopped Streamlit, just restart it in your terminal: @ http://localhost:8765/static/js/index.bE3scgDe.js:38
[ 2335142ms] [ERROR] Failed to load resource: net::ERR_CONNECTION_REFUSED @ http://localhost:8765/_stcore/host-config:0
[ 2340684ms] [ERROR] Failed to load resource: net::ERR_CONNECTION_REFUSED @ http://localhost:8765/_stcore/health:0
[ 2340684ms] [ERROR] Client Error in reaching server endpoint - No response received when attempting to reach /_stcore/health @ http://localhost:8765/static/js/index.bE3scgDe.js:33
[ 2340684ms] [ERROR] Is Streamlit still running? If you accidentally stopped Streamlit, just restart it in your terminal: @ http://localhost:8765/static/js/index.bE3scgDe.js:38
[ 2340686ms] [ERROR] Failed to load resource: net::ERR_CONNECTION_REFUSED @ http://localhost:8765/_stcore/host-config:0
[ 2346144ms] [ERROR] Failed to load resource: net::ERR_CONNECTION_REFUSED @ http://localhost:8765/_stcore/health:0
[ 2346144ms] [ERROR] Client Error in reaching server endpoint - No response received when attempting to reach /_stcore/health @ http://localhost:8765/static/js/index.bE3scgDe.js:33
[ 2346144ms] [ERROR] Is Streamlit still running? If you accidentally stopped Streamlit, just restart it in your terminal: @ http://localhost:8765/static/js/index.bE3scgDe.js:38
[ 2346167ms] [ERROR] Failed to load resource: net::ERR_CONNECTION_REFUSED @ http://localhost:8765/_stcore/host-config:0
[ 2351537ms] [ERROR] Failed to load resource: net::ERR_CONNECTION_REFUSED @ http://localhost:8765/_stcore/health:0
[ 2351537ms] [ERROR] Client Error in reaching server endpoint - No response received when attempting to reach /_stcore/health @ http://localhost:8765/static/js/index.bE3scgDe.js:33
[ 2351537ms] [ERROR] Is Streamlit still running? If you accidentally stopped Streamlit, just restart it in your terminal: @ http://localhost:8765/static/js/index.bE3scgDe.js:38
[ 2351559ms] [ERROR] Failed to load resource: net::ERR_CONNECTION_REFUSED @ http://localhost:8765/_stcore/host-config:0
[ 2357714ms] [ERROR] Failed to load resource: net::ERR_CONNECTION_REFUSED @ http://localhost:8765/_stcore/health:0
[ 2357714ms] [ERROR] Client Error in reaching server endpoint - No response received when attempting to reach /_stcore/health @ http://localhost:8765/static/js/index.bE3scgDe.js:33
[ 2357714ms] [ERROR] Is Streamlit still running? If you accidentally stopped Streamlit, just restart it in your terminal: @ http://localhost:8765/static/js/index.bE3scgDe.js:38
[ 2357737ms] [ERROR] Failed to load resource: net::ERR_CONNECTION_REFUSED @ http://localhost:8765/_stcore/host-config:0
[ 2362966ms] [ERROR] Failed to load resource: net::ERR_CONNECTION_REFUSED @ http://localhost:8765/_stcore/health:0
[ 2362966ms] [ERROR] Client Error in reaching server endpoint - No response received when attempting to reach /_stcore/health @ http://localhost:8765/static/js/index.bE3scgDe.js:33
[ 2362966ms] [ERROR] Is Streamlit still running? If you accidentally stopped Streamlit, just restart it in your terminal: @ http://localhost:8765/static/js/index.bE3scgDe.js:38
[ 2362990ms] [ERROR] Failed to load resource: net::ERR_CONNECTION_REFUSED @ http://localhost:8765/_stcore/host-config:0
[ 2368878ms] [ERROR] Failed to load resource: net::ERR_CONNECTION_REFUSED @ http://localhost:8765/_stcore/health:0
[ 2368878ms] [ERROR] Client Error in reaching server endpoint - No response received when attempting to reach /_stcore/health @ http://localhost:8765/static/js/index.bE3scgDe.js:33
[ 2368878ms] [ERROR] Is Streamlit still running? If you accidentally stopped Streamlit, just restart it in your terminal: @ http://localhost:8765/static/js/index.bE3scgDe.js:38
[ 2368903ms] [ERROR] Failed to load resource: net::ERR_CONNECTION_REFUSED @ http://localhost:8765/_stcore/host-config:0
[ 2374504ms] [ERROR] Failed to load resource: net::ERR_CONNECTION_REFUSED @ http://localhost:8765/_stcore/health:0
[ 2374504ms] [ERROR] Client Error in reaching server endpoint - No response received when attempting to reach /_stcore/health @ http://localhost:8765/static/js/index.bE3scgDe.js:33
[ 2374504ms] [ERROR] Is Streamlit still running? If you accidentally stopped Streamlit, just restart it in your terminal: @ http://localhost:8765/static/js/index.bE3scgDe.js:38
[ 2374527ms] [ERROR] Failed to load resource: net::ERR_CONNECTION_REFUSED @ http://localhost:8765/_stcore/host-config:0
[ 2380057ms] [ERROR] Failed to load resource: net::ERR_CONNECTION_REFUSED @ http://localhost:8765/_stcore/health:0
[ 2380058ms] [ERROR] Client Error in reaching server endpoint - No response received when attempting to reach /_stcore/health @ http://localhost:8765/static/js/index.bE3scgDe.js:33
[ 2380058ms] [ERROR] Is Streamlit still running? If you accidentally stopped Streamlit, just restart it in your terminal: @ http://localhost:8765/static/js/index.bE3scgDe.js:38
[ 2380081ms] [ERROR] Failed to load resource: net::ERR_CONNECTION_REFUSED @ http://localhost:8765/_stcore/host-config:0
[ 2385905ms] [ERROR] Failed to load resource: net::ERR_CONNECTION_REFUSED @ http://localhost:8765/_stcore/health:0
[ 2385906ms] [ERROR] Client Error in reaching server endpoint - No response received when attempting to reach /_stcore/health @ http://localhost:8765/static/js/index.bE3scgDe.js:33
[ 2385906ms] [ERROR] Is Streamlit still running? If you accidentally stopped Streamlit, just restart it in your terminal: @ http://localhost:8765/static/js/index.bE3scgDe.js:38
[ 2385928ms] [ERROR] Failed to load resource: net::ERR_CONNECTION_REFUSED @ http://localhost:8765/_stcore/host-config:0
[ 2391110ms] [ERROR] Failed to load resource: net::ERR_CONNECTION_REFUSED @ http://localhost:8765/_stcore/health:0
[ 2391110ms] [ERROR] Client Error in reaching server endpoint - No response received when attempting to reach /_stcore/health @ http://localhost:8765/static/js/index.bE3scgDe.js:33
[ 2391111ms] [ERROR] Is Streamlit still running? If you accidentally stopped Streamlit, just restart it in your terminal: @ http://localhost:8765/static/js/index.bE3scgDe.js:38
[ 2391135ms] [ERROR] Failed to load resource: net::ERR_CONNECTION_REFUSED @ http://localhost:8765/_stcore/host-config:0
[ 2396346ms] [ERROR] Failed to load resource: net::ERR_CONNECTION_REFUSED @ http://localhost:8765/_stcore/health:0
[ 2396346ms] [ERROR] Client Error in reaching server endpoint - No response received when attempting to reach /_stcore/health @ http://localhost:8765/static/js/index.bE3scgDe.js:33
[ 2396347ms] [ERROR] Is Streamlit still running? If you accidentally stopped Streamlit, just restart it in your terminal: @ http://localhost:8765/static/js/index.bE3scgDe.js:38
[ 2396371ms] [ERROR] Failed to load resource: net::ERR_CONNECTION_REFUSED @ http://localhost:8765/_stcore/host-config:0
[ 2402212ms] [ERROR] Failed to load resource: net::ERR_CONNECTION_REFUSED @ http://localhost:8765/_stcore/health:0
[ 2402212ms] [ERROR] Client Error in reaching server endpoint - No response received when attempting to reach /_stcore/health @ http://localhost:8765/static/js/index.bE3scgDe.js:33
[ 2402212ms] [ERROR] Is Streamlit still running? If you accidentally stopped Streamlit, just restart it in your terminal: @ http://localhost:8765/static/js/index.bE3scgDe.js:38
[ 2402235ms] [ERROR] Failed to load resource: net::ERR_CONNECTION_REFUSED @ http://localhost:8765/_stcore/host-config:0
[ 2408529ms] [ERROR] Failed to load resource: net::ERR_CONNECTION_REFUSED @ http://localhost:8765/_stcore/health:0
[ 2408529ms] [ERROR] Client Error in reaching server endpoint - No response received when attempting to reach /_stcore/health @ http://localhost:8765/static/js/index.bE3scgDe.js:33
[ 2408530ms] [ERROR] Is Streamlit still running? If you accidentally stopped Streamlit, just restart it in your terminal: @ http://localhost:8765/static/js/index.bE3scgDe.js:38
[ 2408553ms] [ERROR] Failed to load resource: net::ERR_CONNECTION_REFUSED @ http://localhost:8765/_stcore/host-config:0
[ 2414345ms] [ERROR] Failed to load resource: net::ERR_CONNECTION_REFUSED @ http://localhost:8765/_stcore/health:0
[ 2414345ms] [ERROR] Client Error in reaching server endpoint - No response received when attempting to reach /_stcore/health @ http://localhost:8765/static/js/index.bE3scgDe.js:33
[ 2414345ms] [ERROR] Is Streamlit still running? If you accidentally stopped Streamlit, just restart it in your terminal: @ http://localhost:8765/static/js/index.bE3scgDe.js:38
[ 2414368ms] [ERROR] Failed to load resource: net::ERR_CONNECTION_REFUSED @ http://localhost:8765/_stcore/host-config:0
[ 2420480ms] [ERROR] Failed to load resource: net::ERR_CONNECTION_REFUSED @ http://localhost:8765/_stcore/health:0
[ 2420480ms] [ERROR] Client Error in reaching server endpoint - No response received when attempting to reach /_stcore/health @ http://localhost:8765/static/js/index.bE3scgDe.js:33
[ 2420480ms] [ERROR] Is Streamlit still running? If you accidentally stopped Streamlit, just restart it in your terminal: @ http://localhost:8765/static/js/index.bE3scgDe.js:38
[ 2420504ms] [ERROR] Failed to load resource: net::ERR_CONNECTION_REFUSED @ http://localhost:8765/_stcore/host-config:0
[ 2426720ms] [ERROR] Failed to load resource: net::ERR_CONNECTION_REFUSED @ http://localhost:8765/_stcore/health:0
[ 2426720ms] [ERROR] Client Error in reaching server endpoint - No response received when attempting to reach /_stcore/health @ http://localhost:8765/static/js/index.bE3scgDe.js:33
[ 2426720ms] [ERROR] Is Streamlit still running? If you accidentally stopped Streamlit, just restart it in your terminal: @ http://localhost:8765/static/js/index.bE3scgDe.js:38
[ 2426742ms] [ERROR] Failed to load resource: net::ERR_CONNECTION_REFUSED @ http://localhost:8765/_stcore/host-config:0
[ 2432128ms] [ERROR] Failed to load resource: net::ERR_CONNECTION_REFUSED @ http://localhost:8765/_stcore/health:0
[ 2432128ms] [ERROR] Client Error in reaching server endpoint - No response received when attempting to reach /_stcore/health @ http://localhost:8765/static/js/index.bE3scgDe.js:33
[ 2432128ms] [ERROR] Is Streamlit still running? If you accidentally stopped Streamlit, just restart it in your terminal: @ http://localhost:8765/static/js/index.bE3scgDe.js:38
[ 2432151ms] [ERROR] Failed to load resource: net::ERR_CONNECTION_REFUSED @ http://localhost:8765/_stcore/host-config:0
[ 2438133ms] [ERROR] Failed to load resource: net::ERR_CONNECTION_REFUSED @ http://localhost:8765/_stcore/health:0
[ 2438133ms] [ERROR] Client Error in reaching server endpoint - No response received when attempting to reach /_stcore/health @ http://localhost:8765/static/js/index.bE3scgDe.js:33
[ 2438134ms] [ERROR] Is Streamlit still running? If you accidentally stopped Streamlit, just restart it in your terminal: @ http://localhost:8765/static/js/index.bE3scgDe.js:38
[ 2438136ms] [ERROR] Failed to load resource: net::ERR_CONNECTION_REFUSED @ http://localhost:8765/_stcore/host-config:0
[ 2443637ms] [ERROR] Failed to load resource: net::ERR_CONNECTION_REFUSED @ http://localhost:8765/_stcore/health:0
[ 2443637ms] [ERROR] Client Error in reaching server endpoint - No response received when attempting to reach /_stcore/health @ http://localhost:8765/static/js/index.bE3scgDe.js:33
[ 2443638ms] [ERROR] Is Streamlit still running? If you accidentally stopped Streamlit, just restart it in your terminal: @ http://localhost:8765/static/js/index.bE3scgDe.js:38
[ 2443638ms] [ERROR] Failed to load resource: net::ERR_CONNECTION_REFUSED @ http://localhost:8765/_stcore/host-config:0
[ 2449125ms] [ERROR] Failed to load resource: net::ERR_CONNECTION_REFUSED @ http://localhost:8765/_stcore/health:0
[ 2449126ms] [ERROR] Client Error in reaching server endpoint - No response received when attempting to reach /_stcore/health @ http://localhost:8765/static/js/index.bE3scgDe.js:33
[ 2449126ms] [ERROR] Is Streamlit still running? If you accidentally stopped Streamlit, just restart it in your terminal: @ http://localhost:8765/static/js/index.bE3scgDe.js:38
[ 2449128ms] [ERROR] Failed to load resource: net::ERR_CONNECTION_REFUSED @ http://localhost:8765/_stcore/host-config:0
[ 2454285ms] [ERROR] Failed to load resource: net::ERR_CONNECTION_REFUSED @ http://localhost:8765/_stcore/health:0
[ 2454286ms] [ERROR] Client Error in reaching server endpoint - No response received when attempting to reach /_stcore/health @ http://localhost:8765/static/js/index.bE3scgDe.js:33
[ 2454286ms] [ERROR] Is Streamlit still running? If you accidentally stopped Streamlit, just restart it in your terminal: @ http://localhost:8765/static/js/index.bE3scgDe.js:38
[ 2454288ms] [ERROR] Failed to load resource: net::ERR_CONNECTION_REFUSED @ http://localhost:8765/_stcore/host-config:0
[ 2460494ms] [ERROR] Failed to load resource: net::ERR_CONNECTION_REFUSED @ http://localhost:8765/_stcore/health:0
[ 2460494ms] [ERROR] Client Error in reaching server endpoint - No response received when attempting to reach /_stcore/health @ http://localhost:8765/static/js/index.bE3scgDe.js:33
[ 2460494ms] [ERROR] Is Streamlit still running? If you accidentally stopped Streamlit, just restart it in your terminal: @ http://localhost:8765/static/js/index.bE3scgDe.js:38
[ 2460519ms] [ERROR] Failed to load resource: net::ERR_CONNECTION_REFUSED @ http://localhost:8765/_stcore/host-config:0
[ 2466682ms] [ERROR] Failed to load resource: net::ERR_CONNECTION_REFUSED @ http://localhost:8765/_stcore/health:0
[ 2466682ms] [ERROR] Client Error in reaching server endpoint - No response received when attempting to reach /_stcore/health @ http://localhost:8765/static/js/index.bE3scgDe.js:33
[ 2466682ms] [ERROR] Is Streamlit still running? If you accidentally stopped Streamlit, just restart it in your terminal: @ http://localhost:8765/static/js/index.bE3scgDe.js:38
[ 2466683ms] [ERROR] Failed to load resource: net::ERR_CONNECTION_REFUSED @ http://localhost:8765/_stcore/host-config:0
[ 2472660ms] [ERROR] Failed to load resource: net::ERR_CONNECTION_REFUSED @ http://localhost:8765/_stcore/health:0
[ 2472660ms] [ERROR] Client Error in reaching server endpoint - No response received when attempting to reach /_stcore/health @ http://localhost:8765/static/js/index.bE3scgDe.js:33
[ 2472660ms] [ERROR] Is Streamlit still running? If you accidentally stopped Streamlit, just restart it in your terminal: @ http://localhost:8765/static/js/index.bE3scgDe.js:38
[ 2472683ms] [ERROR] Failed to load resource: net::ERR_CONNECTION_REFUSED @ http://localhost:8765/_stcore/host-config:0
[ 2478397ms] [ERROR] Failed to load resource: net::ERR_CONNECTION_REFUSED @ http://localhost:8765/_stcore/health:0
[ 2478397ms] [ERROR] Client Error in reaching server endpoint - No response received when attempting to reach /_stcore/health @ http://localhost:8765/static/js/index.bE3scgDe.js:33
[ 2478398ms] [ERROR] Is Streamlit still running? If you accidentally stopped Streamlit, just restart it in your terminal: @ http://localhost:8765/static/js/index.bE3scgDe.js:38
[ 2478423ms] [ERROR] Failed to load resource: net::ERR_CONNECTION_REFUSED @ http://localhost:8765/_stcore/host-config:0
[ 2484213ms] [ERROR] Failed to load resource: net::ERR_CONNECTION_REFUSED @ http://localhost:8765/_stcore/health:0
[ 2484213ms] [ERROR] Client Error in reaching server endpoint - No response received when attempting to reach /_stcore/health @ http://localhost:8765/static/js/index.bE3scgDe.js:33
[ 2484213ms] [ERROR] Is Streamlit still running? If you accidentally stopped Streamlit, just restart it in your terminal: @ http://localhost:8765/static/js/index.bE3scgDe.js:38
[ 2484215ms] [ERROR] Failed to load resource: net::ERR_CONNECTION_REFUSED @ http://localhost:8765/_stcore/host-config:0
[ 2490221ms] [ERROR] Failed to load resource: net::ERR_CONNECTION_REFUSED @ http://localhost:8765/_stcore/health:0
[ 2490222ms] [ERROR] Client Error in reaching server endpoint - No response received when attempting to reach /_stcore/health @ http://localhost:8765/static/js/index.bE3scgDe.js:33
[ 2490222ms] [ERROR] Is Streamlit still running? If you accidentally stopped Streamlit, just restart it in your terminal: @ http://localhost:8765/static/js/index.bE3scgDe.js:38
[ 2490224ms] [ERROR] Failed to load resource: net::ERR_CONNECTION_REFUSED @ http://localhost:8765/_stcore/host-config:0
[ 2495713ms] [ERROR] Failed to load resource: net::ERR_CONNECTION_REFUSED @ http://localhost:8765/_stcore/health:0
[ 2495713ms] [ERROR] Client Error in reaching server endpoint - No response received when attempting to reach /_stcore/health @ http://localhost:8765/static/js/index.bE3scgDe.js:33
[ 2495713ms] [ERROR] Is Streamlit still running? If you accidentally stopped Streamlit, just restart it in your terminal: @ http://localhost:8765/static/js/index.bE3scgDe.js:38
[ 2495734ms] [ERROR] Failed to load resource: net::ERR_CONNECTION_REFUSED @ http://localhost:8765/_stcore/host-config:0
[ 2501466ms] [ERROR] Failed to load resource: net::ERR_CONNECTION_REFUSED @ http://localhost:8765/_stcore/health:0
[ 2501466ms] [ERROR] Client Error in reaching server endpoint - No response received when attempting to reach /_stcore/health @ http://localhost:8765/static/js/index.bE3scgDe.js:33
[ 2501466ms] [ERROR] Is Streamlit still running? If you accidentally stopped Streamlit, just restart it in your terminal: @ http://localhost:8765/static/js/index.bE3scgDe.js:38
[ 2501491ms] [ERROR] Failed to load resource: net::ERR_CONNECTION_REFUSED @ http://localhost:8765/_stcore/host-config:0
[ 2507330ms] [ERROR] Failed to load resource: net::ERR_CONNECTION_REFUSED @ http://localhost:8765/_stcore/health:0
[ 2507330ms] [ERROR] Client Error in reaching server endpoint - No response received when attempting to reach /_stcore/health @ http://localhost:8765/static/js/index.bE3scgDe.js:33
[ 2507331ms] [ERROR] Is Streamlit still running? If you accidentally stopped Streamlit, just restart it in your terminal: @ http://localhost:8765/static/js/index.bE3scgDe.js:38
[ 2507354ms] [ERROR] Failed to load resource: net::ERR_CONNECTION_REFUSED @ http://localhost:8765/_stcore/host-config:0
[ 2513095ms] [ERROR] Failed to load resource: net::ERR_CONNECTION_REFUSED @ http://localhost:8765/_stcore/health:0
[ 2513095ms] [ERROR] Client Error in reaching server endpoint - No response received when attempting to reach /_stcore/health @ http://localhost:8765/static/js/index.bE3scgDe.js:33
[ 2513096ms] [ERROR] Is Streamlit still running? If you accidentally stopped Streamlit, just restart it in your terminal: @ http://localhost:8765/static/js/index.bE3scgDe.js:38
[ 2513121ms] [ERROR] Failed to load resource: net::ERR_CONNECTION_REFUSED @ http://localhost:8765/_stcore/host-config:0
[ 2518789ms] [ERROR] Failed to load resource: net::ERR_CONNECTION_REFUSED @ http://localhost:8765/_stcore/health:0
[ 2518789ms] [ERROR] Client Error in reaching server endpoint - No response received when attempting to reach /_stcore/health @ http://localhost:8765/static/js/index.bE3scgDe.js:33
[ 2518790ms] [ERROR] Is Streamlit still running? If you accidentally stopped Streamlit, just restart it in your terminal: @ http://localhost:8765/static/js/index.bE3scgDe.js:38
[ 2518814ms] [ERROR] Failed to load resource: net::ERR_CONNECTION_REFUSED @ http://localhost:8765/_stcore/host-config:0
[ 2524908ms] [ERROR] Failed to load resource: net::ERR_CONNECTION_REFUSED @ http://localhost:8765/_stcore/health:0
[ 2524908ms] [ERROR] Client Error in reaching server endpoint - No response received when attempting to reach /_stcore/health @ http://localhost:8765/static/js/index.bE3scgDe.js:33
[ 2524908ms] [ERROR] Is Streamlit still running? If you accidentally stopped Streamlit, just restart it in your terminal: @ http://localhost:8765/static/js/index.bE3scgDe.js:38
[ 2524932ms] [ERROR] Failed to load resource: net::ERR_CONNECTION_REFUSED @ http://localhost:8765/_stcore/host-config:0
[ 2530240ms] [ERROR] Failed to load resource: net::ERR_CONNECTION_REFUSED @ http://localhost:8765/_stcore/health:0
[ 2530240ms] [ERROR] Client Error in reaching server endpoint - No response received when attempting to reach /_stcore/health @ http://localhost:8765/static/js/index.bE3scgDe.js:33
[ 2530240ms] [ERROR] Is Streamlit still running? If you accidentally stopped Streamlit, just restart it in your terminal: @ http://localhost:8765/static/js/index.bE3scgDe.js:38
[ 2530261ms] [ERROR] Failed to load resource: net::ERR_CONNECTION_REFUSED @ http://localhost:8765/_stcore/host-config:0
[ 2536056ms] [ERROR] Failed to load resource: net::ERR_CONNECTION_REFUSED @ http://localhost:8765/_stcore/health:0
[ 2536056ms] [ERROR] Client Error in reaching server endpoint - No response received when attempting to reach /_stcore/health @ http://localhost:8765/static/js/index.bE3scgDe.js:33
[ 2536056ms] [ERROR] Is Streamlit still running? If you accidentally stopped Streamlit, just restart it in your terminal: @ http://localhost:8765/static/js/index.bE3scgDe.js:38
[ 2536057ms] [ERROR] Failed to load resource: net::ERR_CONNECTION_REFUSED @ http://localhost:8765/_stcore/host-config:0
[ 2541230ms] [ERROR] Failed to load resource: net::ERR_CONNECTION_REFUSED @ http://localhost:8765/_stcore/health:0
[ 2541230ms] [ERROR] Client Error in reaching server endpoint - No response received when attempting to reach /_stcore/health @ http://localhost:8765/static/js/index.bE3scgDe.js:33
[ 2541230ms] [ERROR] Is Streamlit still running? If you accidentally stopped Streamlit, just restart it in your terminal: @ http://localhost:8765/static/js/index.bE3scgDe.js:38
[ 2541231ms] [ERROR] Failed to load resource: net::ERR_CONNECTION_REFUSED @ http://localhost:8765/_stcore/host-config:0
[ 2546855ms] [ERROR] Failed to load resource: net::ERR_CONNECTION_REFUSED @ http://localhost:8765/_stcore/health:0
[ 2546855ms] [ERROR] Client Error in reaching server endpoint - No response received when attempting to reach /_stcore/health @ http://localhost:8765/static/js/index.bE3scgDe.js:33
[ 2546855ms] [ERROR] Is Streamlit still running? If you accidentally stopped Streamlit, just restart it in your terminal: @ http://localhost:8765/static/js/index.bE3scgDe.js:38
[ 2546856ms] [ERROR] Failed to load resource: net::ERR_CONNECTION_REFUSED @ http://localhost:8765/_stcore/host-config:0
[ 2552656ms] [ERROR] Failed to load resource: net::ERR_CONNECTION_REFUSED @ http://localhost:8765/_stcore/health:0
[ 2552657ms] [ERROR] Client Error in reaching server endpoint - No response received when attempting to reach /_stcore/health @ http://localhost:8765/static/js/index.bE3scgDe.js:33
[ 2552657ms] [ERROR] Is Streamlit still running? If you accidentally stopped Streamlit, just restart it in your terminal: @ http://localhost:8765/static/js/index.bE3scgDe.js:38
[ 2552659ms] [ERROR] Failed to load resource: net::ERR_CONNECTION_REFUSED @ http://localhost:8765/_stcore/host-config:0
[ 2558318ms] [ERROR] Failed to load resource: net::ERR_CONNECTION_REFUSED @ http://localhost:8765/_stcore/health:0
[ 2558319ms] [ERROR] Client Error in reaching server endpoint - No response received when attempting to reach /_stcore/health @ http://localhost:8765/static/js/index.bE3scgDe.js:33
[ 2558319ms] [ERROR] Is Streamlit still running? If you accidentally stopped Streamlit, just restart it in your terminal: @ http://localhost:8765/static/js/index.bE3scgDe.js:38
[ 2558343ms] [ERROR] Failed to load resource: net::ERR_CONNECTION_REFUSED @ http://localhost:8765/_stcore/host-config:0
[ 2564307ms] [ERROR] Failed to load resource: net::ERR_CONNECTION_REFUSED @ http://localhost:8765/_stcore/health:0
[ 2564307ms] [ERROR] Client Error in reaching server endpoint - No response received when attempting to reach /_stcore/health @ http://localhost:8765/static/js/index.bE3scgDe.js:33
[ 2564307ms] [ERROR] Is Streamlit still running? If you accidentally stopped Streamlit, just restart it in your terminal: @ http://localhost:8765/static/js/index.bE3scgDe.js:38
[ 2564331ms] [ERROR] Failed to load resource: net::ERR_CONNECTION_REFUSED @ http://localhost:8765/_stcore/host-config:0
[ 2570056ms] [ERROR] Failed to load resource: net::ERR_CONNECTION_REFUSED @ http://localhost:8765/_stcore/health:0
[ 2570056ms] [ERROR] Client Error in reaching server endpoint - No response received when attempting to reach /_stcore/health @ http://localhost:8765/static/js/index.bE3scgDe.js:33
[ 2570057ms] [ERROR] Is Streamlit still running? If you accidentally stopped Streamlit, just restart it in your terminal: @ http://localhost:8765/static/js/index.bE3scgDe.js:38
[ 2570079ms] [ERROR] Failed to load resource: net::ERR_CONNECTION_REFUSED @ http://localhost:8765/_stcore/host-config:0
[ 2576178ms] [ERROR] Failed to load resource: net::ERR_CONNECTION_REFUSED @ http://localhost:8765/_stcore/health:0
[ 2576178ms] [ERROR] Client Error in reaching server endpoint - No response received when attempting to reach /_stcore/health @ http://localhost:8765/static/js/index.bE3scgDe.js:33
[ 2576178ms] [ERROR] Is Streamlit still running? If you accidentally stopped Streamlit, just restart it in your terminal: @ http://localhost:8765/static/js/index.bE3scgDe.js:38
[ 2576180ms] [ERROR] Failed to load resource: net::ERR_CONNECTION_REFUSED @ http://localhost:8765/_stcore/host-config:0
[ 2582448ms] [ERROR] Failed to load resource: net::ERR_CONNECTION_REFUSED @ http://localhost:8765/_stcore/health:0
[ 2582448ms] [ERROR] Client Error in reaching server endpoint - No response received when attempting to reach /_stcore/health @ http://localhost:8765/static/js/index.bE3scgDe.js:33
[ 2582448ms] [ERROR] Is Streamlit still running? If you accidentally stopped Streamlit, just restart it in your terminal: @ http://localhost:8765/static/js/index.bE3scgDe.js:38
[ 2582450ms] [ERROR] Failed to load resource: net::ERR_CONNECTION_REFUSED @ http://localhost:8765/_stcore/host-config:0
[ 2587637ms] [ERROR] Failed to load resource: net::ERR_CONNECTION_REFUSED @ http://localhost:8765/_stcore/health:0
[ 2587637ms] [ERROR] Client Error in reaching server endpoint - No response received when attempting to reach /_stcore/health @ http://localhost:8765/static/js/index.bE3scgDe.js:33
[ 2587637ms] [ERROR] Is Streamlit still running? If you accidentally stopped Streamlit, just restart it in your terminal: @ http://localhost:8765/static/js/index.bE3scgDe.js:38
[ 2587639ms] [ERROR] Failed to load resource: net::ERR_CONNECTION_REFUSED @ http://localhost:8765/_stcore/host-config:0
[ 2593549ms] [ERROR] Failed to load resource: net::ERR_CONNECTION_REFUSED @ http://localhost:8765/_stcore/health:0
[ 2593549ms] [ERROR] Client Error in reaching server endpoint - No response received when attempting to reach /_stcore/health @ http://localhost:8765/static/js/index.bE3scgDe.js:33
[ 2593549ms] [ERROR] Is Streamlit still running? If you accidentally stopped Streamlit, just restart it in your terminal: @ http://localhost:8765/static/js/index.bE3scgDe.js:38
[ 2593550ms] [ERROR] Failed to load resource: net::ERR_CONNECTION_REFUSED @ http://localhost:8765/_stcore/host-config:0
[ 2599117ms] [ERROR] Failed to load resource: net::ERR_CONNECTION_REFUSED @ http://localhost:8765/_stcore/health:0
[ 2599118ms] [ERROR] Client Error in reaching server endpoint - No response received when attempting to reach /_stcore/health @ http://localhost:8765/static/js/index.bE3scgDe.js:33
[ 2599118ms] [ERROR] Is Streamlit still running? If you accidentally stopped Streamlit, just restart it in your terminal: @ http://localhost:8765/static/js/index.bE3scgDe.js:38
[ 2599141ms] [ERROR] Failed to load resource: net::ERR_CONNECTION_REFUSED @ http://localhost:8765/_stcore/host-config:0
[ 2604291ms] [ERROR] Failed to load resource: net::ERR_CONNECTION_REFUSED @ http://localhost:8765/_stcore/health:0
[ 2604291ms] [ERROR] Client Error in reaching server endpoint - No response received when attempting to reach /_stcore/health @ http://localhost:8765/static/js/index.bE3scgDe.js:33
[ 2604292ms] [ERROR] Is Streamlit still running? If you accidentally stopped Streamlit, just restart it in your terminal: @ http://localhost:8765/static/js/index.bE3scgDe.js:38
[ 2604292ms] [ERROR] Failed to load resource: net::ERR_CONNECTION_REFUSED @ http://localhost:8765/_stcore/host-config:0
[ 2609575ms] [ERROR] Failed to load resource: net::ERR_CONNECTION_REFUSED @ http://localhost:8765/_stcore/health:0
[ 2609576ms] [ERROR] Client Error in reaching server endpoint - No response received when attempting to reach /_stcore/health @ http://localhost:8765/static/js/index.bE3scgDe.js:33
[ 2609576ms] [ERROR] Is Streamlit still running? If you accidentally stopped Streamlit, just restart it in your terminal: @ http://localhost:8765/static/js/index.bE3scgDe.js:38
[ 2609600ms] [ERROR] Failed to load resource: net::ERR_CONNECTION_REFUSED @ http://localhost:8765/_stcore/host-config:0
[ 2615084ms] [ERROR] Failed to load resource: net::ERR_CONNECTION_REFUSED @ http://localhost:8765/_stcore/health:0
[ 2615084ms] [ERROR] Client Error in reaching server endpoint - No response received when attempting to reach /_stcore/health @ http://localhost:8765/static/js/index.bE3scgDe.js:33
[ 2615084ms] [ERROR] Is Streamlit still running? If you accidentally stopped Streamlit, just restart it in your terminal: @ http://localhost:8765/static/js/index.bE3scgDe.js:38
[ 2615107ms] [ERROR] Failed to load resource: net::ERR_CONNECTION_REFUSED @ http://localhost:8765/_stcore/host-config:0
[ 2620533ms] [ERROR] Failed to load resource: net::ERR_CONNECTION_REFUSED @ http://localhost:8765/_stcore/health:0
[ 2620533ms] [ERROR] Client Error in reaching server endpoint - No response received when attempting to reach /_stcore/health @ http://localhost:8765/static/js/index.bE3scgDe.js:33
[ 2620533ms] [ERROR] Is Streamlit still running? If you accidentally stopped Streamlit, just restart it in your terminal: @ http://localhost:8765/static/js/index.bE3scgDe.js:38
[ 2620535ms] [ERROR] Failed to load resource: net::ERR_CONNECTION_REFUSED @ http://localhost:8765/_stcore/host-config:0
[ 2625703ms] [ERROR] Failed to load resource: net::ERR_CONNECTION_REFUSED @ http://localhost:8765/_stcore/health:0
[ 2625703ms] [ERROR] Client Error in reaching server endpoint - No response received when attempting to reach /_stcore/health @ http://localhost:8765/static/js/index.bE3scgDe.js:33
[ 2625703ms] [ERROR] Is Streamlit still running? If you accidentally stopped Streamlit, just restart it in your terminal: @ http://localhost:8765/static/js/index.bE3scgDe.js:38
[ 2625726ms] [ERROR] Failed to load resource: net::ERR_CONNECTION_REFUSED @ http://localhost:8765/_stcore/host-config:0
[ 2631212ms] [ERROR] Failed to load resource: net::ERR_CONNECTION_REFUSED @ http://localhost:8765/_stcore/health:0
[ 2631212ms] [ERROR] Client Error in reaching server endpoint - No response received when attempting to reach /_stcore/health @ http://localhost:8765/static/js/index.bE3scgDe.js:33
[ 2631212ms] [ERROR] Is Streamlit still running? If you accidentally stopped Streamlit, just restart it in your terminal: @ http://localhost:8765/static/js/index.bE3scgDe.js:38
[ 2631237ms] [ERROR] Failed to load resource: net::ERR_CONNECTION_REFUSED @ http://localhost:8765/_stcore/host-config:0
[ 2636855ms] [ERROR] Failed to load resource: net::ERR_CONNECTION_REFUSED @ http://localhost:8765/_stcore/health:0
[ 2636855ms] [ERROR] Client Error in reaching server endpoint - No response received when attempting to reach /_stcore/health @ http://localhost:8765/static/js/index.bE3scgDe.js:33
[ 2636855ms] [ERROR] Is Streamlit still running? If you accidentally stopped Streamlit, just restart it in your terminal: @ http://localhost:8765/static/js/index.bE3scgDe.js:38
[ 2636857ms] [ERROR] Failed to load resource: net::ERR_CONNECTION_REFUSED @ http://localhost:8765/_stcore/host-config:0
[ 2642457ms] [ERROR] Failed to load resource: net::ERR_CONNECTION_REFUSED @ http://localhost:8765/_stcore/health:0
[ 2642458ms] [ERROR] Client Error in reaching server endpoint - No response received when attempting to reach /_stcore/health @ http://localhost:8765/static/js/index.bE3scgDe.js:33
[ 2642458ms] [ERROR] Is Streamlit still running? If you accidentally stopped Streamlit, just restart it in your terminal: @ http://localhost:8765/static/js/index.bE3scgDe.js:38
[ 2642481ms] [ERROR] Failed to load resource: net::ERR_CONNECTION_REFUSED @ http://localhost:8765/_stcore/host-config:0
[ 2648569ms] [ERROR] Failed to load resource: net::ERR_CONNECTION_REFUSED @ http://localhost:8765/_stcore/health:0
[ 2648569ms] [ERROR] Client Error in reaching server endpoint - No response received when attempting to reach /_stcore/health @ http://localhost:8765/static/js/index.bE3scgDe.js:33
[ 2648570ms] [ERROR] Is Streamlit still running? If you accidentally stopped Streamlit, just restart it in your terminal: @ http://localhost:8765/static/js/index.bE3scgDe.js:38
[ 2648593ms] [ERROR] Failed to load resource: net::ERR_CONNECTION_REFUSED @ http://localhost:8765/_stcore/host-config:0
[ 2654296ms] [ERROR] Failed to load resource: net::ERR_CONNECTION_REFUSED @ http://localhost:8765/_stcore/health:0
[ 2654297ms] [ERROR] Client Error in reaching server endpoint - No response received when attempting to reach /_stcore/health @ http://localhost:8765/static/js/index.bE3scgDe.js:33
[ 2654297ms] [ERROR] Is Streamlit still running? If you accidentally stopped Streamlit, just restart it in your terminal: @ http://localhost:8765/static/js/index.bE3scgDe.js:38
[ 2654299ms] [ERROR] Failed to load resource: net::ERR_CONNECTION_REFUSED @ http://localhost:8765/_stcore/host-config:0
[ 2659986ms] [ERROR] Failed to load resource: net::ERR_CONNECTION_REFUSED @ http://localhost:8765/_stcore/health:0
[ 2659987ms] [ERROR] Client Error in reaching server endpoint - No response received when attempting to reach /_stcore/health @ http://localhost:8765/static/js/index.bE3scgDe.js:33
[ 2659987ms] [ERROR] Is Streamlit still running? If you accidentally stopped Streamlit, just restart it in your terminal: @ http://localhost:8765/static/js/index.bE3scgDe.js:38
[ 2660010ms] [ERROR] Failed to load resource: net::ERR_CONNECTION_REFUSED @ http://localhost:8765/_stcore/host-config:0
[ 2665351ms] [ERROR] Failed to load resource: net::ERR_CONNECTION_REFUSED @ http://localhost:8765/_stcore/health:0
[ 2665352ms] [ERROR] Client Error in reaching server endpoint - No response received when attempting to reach /_stcore/health @ http://localhost:8765/static/js/index.bE3scgDe.js:33
[ 2665352ms] [ERROR] Is Streamlit still running? If you accidentally stopped Streamlit, just restart it in your terminal: @ http://localhost:8765/static/js/index.bE3scgDe.js:38
[ 2665375ms] [ERROR] Failed to load resource: net::ERR_CONNECTION_REFUSED @ http://localhost:8765/_stcore/host-config:0
[ 2670802ms] [ERROR] Failed to load resource: net::ERR_CONNECTION_REFUSED @ http://localhost:8765/_stcore/health:0
[ 2670803ms] [ERROR] Client Error in reaching server endpoint - No response received when attempting to reach /_stcore/health @ http://localhost:8765/static/js/index.bE3scgDe.js:33
[ 2670803ms] [ERROR] Is Streamlit still running? If you accidentally stopped Streamlit, just restart it in your terminal: @ http://localhost:8765/static/js/index.bE3scgDe.js:38
[ 2670803ms] [ERROR] Failed to load resource: net::ERR_CONNECTION_REFUSED @ http://localhost:8765/_stcore/host-config:0
[ 2675947ms] [ERROR] Failed to load resource: net::ERR_CONNECTION_REFUSED @ http://localhost:8765/_stcore/health:0
[ 2675947ms] [ERROR] Client Error in reaching server endpoint - No response received when attempting to reach /_stcore/health @ http://localhost:8765/static/js/index.bE3scgDe.js:33
[ 2675948ms] [ERROR] Is Streamlit still running? If you accidentally stopped Streamlit, just restart it in your terminal: @ http://localhost:8765/static/js/index.bE3scgDe.js:38
[ 2675950ms] [ERROR] Failed to load resource: net::ERR_CONNECTION_REFUSED @ http://localhost:8765/_stcore/host-config:0
[ 2681231ms] [ERROR] Failed to load resource: net::ERR_CONNECTION_REFUSED @ http://localhost:8765/_stcore/health:0
[ 2681231ms] [ERROR] Client Error in reaching server endpoint - No response received when attempting to reach /_stcore/health @ http://localhost:8765/static/js/index.bE3scgDe.js:33
[ 2681231ms] [ERROR] Is Streamlit still running? If you accidentally stopped Streamlit, just restart it in your terminal: @ http://localhost:8765/static/js/index.bE3scgDe.js:38
[ 2681253ms] [ERROR] Failed to load resource: net::ERR_CONNECTION_REFUSED @ http://localhost:8765/_stcore/host-config:0
[ 2687359ms] [ERROR] Failed to load resource: net::ERR_CONNECTION_REFUSED @ http://localhost:8765/_stcore/health:0
[ 2687360ms] [ERROR] Client Error in reaching server endpoint - No response received when attempting to reach /_stcore/health @ http://localhost:8765/static/js/index.bE3scgDe.js:33
[ 2687360ms] [ERROR] Is Streamlit still running? If you accidentally stopped Streamlit, just restart it in your terminal: @ http://localhost:8765/static/js/index.bE3scgDe.js:38
[ 2687383ms] [ERROR] Failed to load resource: net::ERR_CONNECTION_REFUSED @ http://localhost:8765/_stcore/host-config:0
[ 2693350ms] [ERROR] Failed to load resource: net::ERR_CONNECTION_REFUSED @ http://localhost:8765/_stcore/health:0
[ 2693350ms] [ERROR] Client Error in reaching server endpoint - No response received when attempting to reach /_stcore/health @ http://localhost:8765/static/js/index.bE3scgDe.js:33
[ 2693350ms] [ERROR] Is Streamlit still running? If you accidentally stopped Streamlit, just restart it in your terminal: @ http://localhost:8765/static/js/index.bE3scgDe.js:38
[ 2693375ms] [ERROR] Failed to load resource: net::ERR_CONNECTION_REFUSED @ http://localhost:8765/_stcore/host-config:0
[ 2699545ms] [ERROR] Failed to load resource: net::ERR_CONNECTION_REFUSED @ http://localhost:8765/_stcore/health:0
[ 2699545ms] [ERROR] Client Error in reaching server endpoint - No response received when attempting to reach /_stcore/health @ http://localhost:8765/static/js/index.bE3scgDe.js:33
[ 2699546ms] [ERROR] Is Streamlit still running? If you accidentally stopped Streamlit, just restart it in your terminal: @ http://localhost:8765/static/js/index.bE3scgDe.js:38
[ 2699572ms] [ERROR] Failed to load resource: net::ERR_CONNECTION_REFUSED @ http://localhost:8765/_stcore/host-config:0
[ 2705767ms] [ERROR] Failed to load resource: net::ERR_CONNECTION_REFUSED @ http://localhost:8765/_stcore/health:0
[ 2705767ms] [ERROR] Client Error in reaching server endpoint - No response received when attempting to reach /_stcore/health @ http://localhost:8765/static/js/index.bE3scgDe.js:33
[ 2705767ms] [ERROR] Is Streamlit still running? If you accidentally stopped Streamlit, just restart it in your terminal: @ http://localhost:8765/static/js/index.bE3scgDe.js:38
[ 2705790ms] [ERROR] Failed to load resource: net::ERR_CONNECTION_REFUSED @ http://localhost:8765/_stcore/host-config:0
[ 2711558ms] [ERROR] Failed to load resource: net::ERR_CONNECTION_REFUSED @ http://localhost:8765/_stcore/health:0
[ 2711558ms] [ERROR] Client Error in reaching server endpoint - No response received when attempting to reach /_stcore/health @ http://localhost:8765/static/js/index.bE3scgDe.js:33
[ 2711559ms] [ERROR] Is Streamlit still running? If you accidentally stopped Streamlit, just restart it in your terminal: @ http://localhost:8765/static/js/index.bE3scgDe.js:38
[ 2711581ms] [ERROR] Failed to load resource: net::ERR_CONNECTION_REFUSED @ http://localhost:8765/_stcore/host-config:0
[ 2717339ms] [ERROR] Failed to load resource: net::ERR_CONNECTION_REFUSED @ http://localhost:8765/_stcore/health:0
[ 2717339ms] [ERROR] Client Error in reaching server endpoint - No response received when attempting to reach /_stcore/health @ http://localhost:8765/static/js/index.bE3scgDe.js:33
[ 2717339ms] [ERROR] Is Streamlit still running? If you accidentally stopped Streamlit, just restart it in your terminal: @ http://localhost:8765/static/js/index.bE3scgDe.js:38
[ 2717363ms] [ERROR] Failed to load resource: net::ERR_CONNECTION_REFUSED @ http://localhost:8765/_stcore/host-config:0
[ 2723082ms] [ERROR] Failed to load resource: net::ERR_CONNECTION_REFUSED @ http://localhost:8765/_stcore/health:0
[ 2723082ms] [ERROR] Client Error in reaching server endpoint - No response received when attempting to reach /_stcore/health @ http://localhost:8765/static/js/index.bE3scgDe.js:33
[ 2723082ms] [ERROR] Is Streamlit still running? If you accidentally stopped Streamlit, just restart it in your terminal: @ http://localhost:8765/static/js/index.bE3scgDe.js:38
[ 2723106ms] [ERROR] Failed to load resource: net::ERR_CONNECTION_REFUSED @ http://localhost:8765/_stcore/host-config:0
[ 2728347ms] [ERROR] Failed to load resource: net::ERR_CONNECTION_REFUSED @ http://localhost:8765/_stcore/health:0
[ 2728348ms] [ERROR] Client Error in reaching server endpoint - No response received when attempting to reach /_stcore/health @ http://localhost:8765/static/js/index.bE3scgDe.js:33
[ 2728348ms] [ERROR] Is Streamlit still running? If you accidentally stopped Streamlit, just restart it in your terminal: @ http://localhost:8765/static/js/index.bE3scgDe.js:38
[ 2728373ms] [ERROR] Failed to load resource: net::ERR_CONNECTION_REFUSED @ http://localhost:8765/_stcore/host-config:0
[ 2734460ms] [ERROR] Failed to load resource: net::ERR_CONNECTION_REFUSED @ http://localhost:8765/_stcore/health:0
[ 2734461ms] [ERROR] Client Error in reaching server endpoint - No response received when attempting to reach /_stcore/health @ http://localhost:8765/static/js/index.bE3scgDe.js:33
[ 2734461ms] [ERROR] Is Streamlit still running? If you accidentally stopped Streamlit, just restart it in your terminal: @ http://localhost:8765/static/js/index.bE3scgDe.js:38
[ 2734461ms] [ERROR] Failed to load resource: net::ERR_CONNECTION_REFUSED @ http://localhost:8765/_stcore/host-config:0
[ 2740342ms] [ERROR] Failed to load resource: net::ERR_CONNECTION_REFUSED @ http://localhost:8765/_stcore/health:0
[ 2740343ms] [ERROR] Client Error in reaching server endpoint - No response received when attempting to reach /_stcore/health @ http://localhost:8765/static/js/index.bE3scgDe.js:33
[ 2740343ms] [ERROR] Is Streamlit still running? If you accidentally stopped Streamlit, just restart it in your terminal: @ http://localhost:8765/static/js/index.bE3scgDe.js:38
[ 2740345ms] [ERROR] Failed to load resource: net::ERR_CONNECTION_REFUSED @ http://localhost:8765/_stcore/host-config:0
[ 2745815ms] [ERROR] Failed to load resource: net::ERR_CONNECTION_REFUSED @ http://localhost:8765/_stcore/health:0
[ 2745815ms] [ERROR] Client Error in reaching server endpoint - No response received when attempting to reach /_stcore/health @ http://localhost:8765/static/js/index.bE3scgDe.js:33
[ 2745816ms] [ERROR] Is Streamlit still running? If you accidentally stopped Streamlit, just restart it in your terminal: @ http://localhost:8765/static/js/index.bE3scgDe.js:38
[ 2745838ms] [ERROR] Failed to load resource: net::ERR_CONNECTION_REFUSED @ http://localhost:8765/_stcore/host-config:0
[ 2751582ms] [ERROR] Failed to load resource: net::ERR_CONNECTION_REFUSED @ http://localhost:8765/_stcore/health:0
[ 2751582ms] [ERROR] Client Error in reaching server endpoint - No response received when attempting to reach /_stcore/health @ http://localhost:8765/static/js/index.bE3scgDe.js:33
[ 2751583ms] [ERROR] Is Streamlit still running? If you accidentally stopped Streamlit, just restart it in your terminal: @ http://localhost:8765/static/js/index.bE3scgDe.js:38
[ 2751584ms] [ERROR] Failed to load resource: net::ERR_CONNECTION_REFUSED @ http://localhost:8765/_stcore/host-config:0
[ 2757855ms] [ERROR] Failed to load resource: net::ERR_CONNECTION_REFUSED @ http://localhost:8765/_stcore/health:0
[ 2757856ms] [ERROR] Client Error in reaching server endpoint - No response received when attempting to reach /_stcore/health @ http://localhost:8765/static/js/index.bE3scgDe.js:33
[ 2757856ms] [ERROR] Is Streamlit still running? If you accidentally stopped Streamlit, just restart it in your terminal: @ http://localhost:8765/static/js/index.bE3scgDe.js:38
[ 2757858ms] [ERROR] Failed to load resource: net::ERR_CONNECTION_REFUSED @ http://localhost:8765/_stcore/host-config:0
[ 2763642ms] [ERROR] Failed to load resource: net::ERR_CONNECTION_REFUSED @ http://localhost:8765/_stcore/health:0
[ 2763642ms] [ERROR] Client Error in reaching server endpoint - No response received when attempting to reach /_stcore/health @ http://localhost:8765/static/js/index.bE3scgDe.js:33
[ 2763642ms] [ERROR] Is Streamlit still running? If you accidentally stopped Streamlit, just restart it in your terminal: @ http://localhost:8765/static/js/index.bE3scgDe.js:38
[ 2763673ms] [ERROR] Failed to load resource: net::ERR_CONNECTION_REFUSED @ http://localhost:8765/_stcore/host-config:0
[ 2769362ms] [ERROR] Failed to load resource: net::ERR_CONNECTION_REFUSED @ http://localhost:8765/_stcore/health:0
[ 2769362ms] [ERROR] Client Error in reaching server endpoint - No response received when attempting to reach /_stcore/health @ http://localhost:8765/static/js/index.bE3scgDe.js:33
[ 2769362ms] [ERROR] Is Streamlit still running? If you accidentally stopped Streamlit, just restart it in your terminal: @ http://localhost:8765/static/js/index.bE3scgDe.js:38
[ 2769386ms] [ERROR] Failed to load resource: net::ERR_CONNECTION_REFUSED @ http://localhost:8765/_stcore/host-config:0
[ 2774838ms] [ERROR] Failed to load resource: net::ERR_CONNECTION_REFUSED @ http://localhost:8765/_stcore/health:0
[ 2774838ms] [ERROR] Client Error in reaching server endpoint - No response received when attempting to reach /_stcore/health @ http://localhost:8765/static/js/index.bE3scgDe.js:33
[ 2774839ms] [ERROR] Is Streamlit still running? If you accidentally stopped Streamlit, just restart it in your terminal: @ http://localhost:8765/static/js/index.bE3scgDe.js:38
[ 2774863ms] [ERROR] Failed to load resource: net::ERR_CONNECTION_REFUSED @ http://localhost:8765/_stcore/host-config:0
[ 2781030ms] [ERROR] Failed to load resource: net::ERR_CONNECTION_REFUSED @ http://localhost:8765/_stcore/health:0
[ 2781030ms] [ERROR] Client Error in reaching server endpoint - No response received when attempting to reach /_stcore/health @ http://localhost:8765/static/js/index.bE3scgDe.js:33
[ 2781030ms] [ERROR] Is Streamlit still running? If you accidentally stopped Streamlit, just restart it in your terminal: @ http://localhost:8765/static/js/index.bE3scgDe.js:38
[ 2781053ms] [ERROR] Failed to load resource: net::ERR_CONNECTION_REFUSED @ http://localhost:8765/_stcore/host-config:0
[ 2786568ms] [ERROR] Failed to load resource: net::ERR_CONNECTION_REFUSED @ http://localhost:8765/_stcore/health:0
[ 2786569ms] [ERROR] Client Error in reaching server endpoint - No response received when attempting to reach /_stcore/health @ http://localhost:8765/static/js/index.bE3scgDe.js:33
[ 2786569ms] [ERROR] Is Streamlit still running? If you accidentally stopped Streamlit, just restart it in your terminal: @ http://localhost:8765/static/js/index.bE3scgDe.js:38
[ 2786592ms] [ERROR] Failed to load resource: net::ERR_CONNECTION_REFUSED @ http://localhost:8765/_stcore/host-config:0
[ 2792025ms] [ERROR] Failed to load resource: net::ERR_CONNECTION_REFUSED @ http://localhost:8765/_stcore/health:0
[ 2792025ms] [ERROR] Client Error in reaching server endpoint - No response received when attempting to reach /_stcore/health @ http://localhost:8765/static/js/index.bE3scgDe.js:33
[ 2792025ms] [ERROR] Is Streamlit still running? If you accidentally stopped Streamlit, just restart it in your terminal: @ http://localhost:8765/static/js/index.bE3scgDe.js:38
[ 2792049ms] [ERROR] Failed to load resource: net::ERR_CONNECTION_REFUSED @ http://localhost:8765/_stcore/host-config:0
[ 2797792ms] [ERROR] Failed to load resource: net::ERR_CONNECTION_REFUSED @ http://localhost:8765/_stcore/health:0
[ 2797792ms] [ERROR] Client Error in reaching server endpoint - No response received when attempting to reach /_stcore/health @ http://localhost:8765/static/js/index.bE3scgDe.js:33
[ 2797792ms] [ERROR] Is Streamlit still running? If you accidentally stopped Streamlit, just restart it in your terminal: @ http://localhost:8765/static/js/index.bE3scgDe.js:38
[ 2797795ms] [ERROR] Failed to load resource: net::ERR_CONNECTION_REFUSED @ http://localhost:8765/_stcore/host-config:0
[ 2803565ms] [ERROR] Failed to load resource: net::ERR_CONNECTION_REFUSED @ http://localhost:8765/_stcore/health:0
[ 2803566ms] [ERROR] Client Error in reaching server endpoint - No response received when attempting to reach /_stcore/health @ http://localhost:8765/static/js/index.bE3scgDe.js:33
[ 2803566ms] [ERROR] Is Streamlit still running? If you accidentally stopped Streamlit, just restart it in your terminal: @ http://localhost:8765/static/js/index.bE3scgDe.js:38
[ 2803591ms] [ERROR] Failed to load resource: net::ERR_CONNECTION_REFUSED @ http://localhost:8765/_stcore/host-config:0
[ 2809708ms] [ERROR] Failed to load resource: net::ERR_CONNECTION_REFUSED @ http://localhost:8765/_stcore/health:0
[ 2809708ms] [ERROR] Client Error in reaching server endpoint - No response received when attempting to reach /_stcore/health @ http://localhost:8765/static/js/index.bE3scgDe.js:33
[ 2809709ms] [ERROR] Is Streamlit still running? If you accidentally stopped Streamlit, just restart it in your terminal: @ http://localhost:8765/static/js/index.bE3scgDe.js:38
[ 2809736ms] [ERROR] Failed to load resource: net::ERR_CONNECTION_REFUSED @ http://localhost:8765/_stcore/host-config:0
[ 2815541ms] [ERROR] Failed to load resource: net::ERR_CONNECTION_REFUSED @ http://localhost:8765/_stcore/health:0
[ 2815541ms] [ERROR] Client Error in reaching server endpoint - No response received when attempting to reach /_stcore/health @ http://localhost:8765/static/js/index.bE3scgDe.js:33
[ 2815541ms] [ERROR] Is Streamlit still running? If you accidentally stopped Streamlit, just restart it in your terminal: @ http://localhost:8765/static/js/index.bE3scgDe.js:38
[ 2815565ms] [ERROR] Failed to load resource: net::ERR_CONNECTION_REFUSED @ http://localhost:8765/_stcore/host-config:0
[ 2821672ms] [ERROR] Failed to load resource: net::ERR_CONNECTION_REFUSED @ http://localhost:8765/_stcore/health:0
[ 2821673ms] [ERROR] Client Error in reaching server endpoint - No response received when attempting to reach /_stcore/health @ http://localhost:8765/static/js/index.bE3scgDe.js:33
[ 2821673ms] [ERROR] Is Streamlit still running? If you accidentally stopped Streamlit, just restart it in your terminal: @ http://localhost:8765/static/js/index.bE3scgDe.js:38
[ 2821695ms] [ERROR] Failed to load resource: net::ERR_CONNECTION_REFUSED @ http://localhost:8765/_stcore/host-config:0
[ 2827094ms] [ERROR] Failed to load resource: net::ERR_CONNECTION_REFUSED @ http://localhost:8765/_stcore/health:0
[ 2827094ms] [ERROR] Client Error in reaching server endpoint - No response received when attempting to reach /_stcore/health @ http://localhost:8765/static/js/index.bE3scgDe.js:33
[ 2827094ms] [ERROR] Is Streamlit still running? If you accidentally stopped Streamlit, just restart it in your terminal: @ http://localhost:8765/static/js/index.bE3scgDe.js:38
[ 2827119ms] [ERROR] Failed to load resource: net::ERR_CONNECTION_REFUSED @ http://localhost:8765/_stcore/host-config:0
[ 2832523ms] [ERROR] Failed to load resource: net::ERR_CONNECTION_REFUSED @ http://localhost:8765/_stcore/health:0
[ 2832523ms] [ERROR] Client Error in reaching server endpoint - No response received when attempting to reach /_stcore/health @ http://localhost:8765/static/js/index.bE3scgDe.js:33
[ 2832524ms] [ERROR] Is Streamlit still running? If you accidentally stopped Streamlit, just restart it in your terminal: @ http://localhost:8765/static/js/index.bE3scgDe.js:38
[ 2832524ms] [ERROR] Failed to load resource: net::ERR_CONNECTION_REFUSED @ http://localhost:8765/_stcore/host-config:0
[ 2838387ms] [ERROR] Failed to load resource: net::ERR_CONNECTION_REFUSED @ http://localhost:8765/_stcore/health:0
[ 2838387ms] [ERROR] Client Error in reaching server endpoint - No response received when attempting to reach /_stcore/health @ http://localhost:8765/static/js/index.bE3scgDe.js:33
[ 2838387ms] [ERROR] Is Streamlit still running? If you accidentally stopped Streamlit, just restart it in your terminal: @ http://localhost:8765/static/js/index.bE3scgDe.js:38
[ 2838390ms] [ERROR] Failed to load resource: net::ERR_CONNECTION_REFUSED @ http://localhost:8765/_stcore/host-config:0
[ 2844440ms] [ERROR] Failed to load resource: net::ERR_CONNECTION_REFUSED @ http://localhost:8765/_stcore/health:0
[ 2844440ms] [ERROR] Client Error in reaching server endpoint - No response received when attempting to reach /_stcore/health @ http://localhost:8765/static/js/index.bE3scgDe.js:33
[ 2844441ms] [ERROR] Is Streamlit still running? If you accidentally stopped Streamlit, just restart it in your terminal: @ http://localhost:8765/static/js/index.bE3scgDe.js:38
[ 2844477ms] [ERROR] Failed to load resource: net::ERR_CONNECTION_REFUSED @ http://localhost:8765/_stcore/host-config:0
[ 2850649ms] [ERROR] Failed to load resource: net::ERR_CONNECTION_REFUSED @ http://localhost:8765/_stcore/health:0
[ 2850649ms] [ERROR] Client Error in reaching server endpoint - No response received when attempting to reach /_stcore/health @ http://localhost:8765/static/js/index.bE3scgDe.js:33
[ 2850649ms] [ERROR] Is Streamlit still running? If you accidentally stopped Streamlit, just restart it in your terminal: @ http://localhost:8765/static/js/index.bE3scgDe.js:38
[ 2850671ms] [ERROR] Failed to load resource: net::ERR_CONNECTION_REFUSED @ http://localhost:8765/_stcore/host-config:0
[ 2856620ms] [ERROR] Failed to load resource: net::ERR_CONNECTION_REFUSED @ http://localhost:8765/_stcore/health:0
[ 2856620ms] [ERROR] Client Error in reaching server endpoint - No response received when attempting to reach /_stcore/health @ http://localhost:8765/static/js/index.bE3scgDe.js:33
[ 2856621ms] [ERROR] Is Streamlit still running? If you accidentally stopped Streamlit, just restart it in your terminal: @ http://localhost:8765/static/js/index.bE3scgDe.js:38
[ 2856621ms] [ERROR] Failed to load resource: net::ERR_CONNECTION_REFUSED @ http://localhost:8765/_stcore/host-config:0
[ 2862139ms] [ERROR] Failed to load resource: net::ERR_CONNECTION_REFUSED @ http://localhost:8765/_stcore/health:0
[ 2862140ms] [ERROR] Client Error in reaching server endpoint - No response received when attempting to reach /_stcore/health @ http://localhost:8765/static/js/index.bE3scgDe.js:33
[ 2862140ms] [ERROR] Is Streamlit still running? If you accidentally stopped Streamlit, just restart it in your terminal: @ http://localhost:8765/static/js/index.bE3scgDe.js:38
[ 2862161ms] [ERROR] Failed to load resource: net::ERR_CONNECTION_REFUSED @ http://localhost:8765/_stcore/host-config:0
[ 2868211ms] [ERROR] Failed to load resource: net::ERR_CONNECTION_REFUSED @ http://localhost:8765/_stcore/health:0
[ 2868211ms] [ERROR] Client Error in reaching server endpoint - No response received when attempting to reach /_stcore/health @ http://localhost:8765/static/js/index.bE3scgDe.js:33
[ 2868211ms] [ERROR] Is Streamlit still running? If you accidentally stopped Streamlit, just restart it in your terminal: @ http://localhost:8765/static/js/index.bE3scgDe.js:38
[ 2868213ms] [ERROR] Failed to load resource: net::ERR_CONNECTION_REFUSED @ http://localhost:8765/_stcore/host-config:0
[ 2874043ms] [ERROR] Failed to load resource: net::ERR_CONNECTION_REFUSED @ http://localhost:8765/_stcore/health:0
[ 2874043ms] [ERROR] Client Error in reaching server endpoint - No response received when attempting to reach /_stcore/health @ http://localhost:8765/static/js/index.bE3scgDe.js:33
[ 2874044ms] [ERROR] Is Streamlit still running? If you accidentally stopped Streamlit, just restart it in your terminal: @ http://localhost:8765/static/js/index.bE3scgDe.js:38
[ 2874067ms] [ERROR] Failed to load resource: net::ERR_CONNECTION_REFUSED @ http://localhost:8765/_stcore/host-config:0
[ 2879483ms] [ERROR] Failed to load resource: net::ERR_CONNECTION_REFUSED @ http://localhost:8765/_stcore/health:0
[ 2879484ms] [ERROR] Client Error in reaching server endpoint - No response received when attempting to reach /_stcore/health @ http://localhost:8765/static/js/index.bE3scgDe.js:33
[ 2879484ms] [ERROR] Is Streamlit still running? If you accidentally stopped Streamlit, just restart it in your terminal: @ http://localhost:8765/static/js/index.bE3scgDe.js:38
[ 2879507ms] [ERROR] Failed to load resource: net::ERR_CONNECTION_REFUSED @ http://localhost:8765/_stcore/host-config:0
[ 2885285ms] [ERROR] Failed to load resource: net::ERR_CONNECTION_REFUSED @ http://localhost:8765/_stcore/health:0
[ 2885285ms] [ERROR] Client Error in reaching server endpoint - No response received when attempting to reach /_stcore/health @ http://localhost:8765/static/js/index.bE3scgDe.js:33
[ 2885285ms] [ERROR] Is Streamlit still running? If you accidentally stopped Streamlit, just restart it in your terminal: @ http://localhost:8765/static/js/index.bE3scgDe.js:38
[ 2885310ms] [ERROR] Failed to load resource: net::ERR_CONNECTION_REFUSED @ http://localhost:8765/_stcore/host-config:0
[ 2891073ms] [ERROR] Failed to load resource: net::ERR_CONNECTION_REFUSED @ http://localhost:8765/_stcore/health:0
[ 2891074ms] [ERROR] Client Error in reaching server endpoint - No response received when attempting to reach /_stcore/health @ http://localhost:8765/static/js/index.bE3scgDe.js:33
[ 2891074ms] [ERROR] Is Streamlit still running? If you accidentally stopped Streamlit, just restart it in your terminal: @ http://localhost:8765/static/js/index.bE3scgDe.js:38
[ 2891076ms] [ERROR] Failed to load resource: net::ERR_CONNECTION_REFUSED @ http://localhost:8765/_stcore/host-config:0
[ 2897137ms] [ERROR] Failed to load resource: net::ERR_CONNECTION_REFUSED @ http://localhost:8765/_stcore/health:0
[ 2897137ms] [ERROR] Client Error in reaching server endpoint - No response received when attempting to reach /_stcore/health @ http://localhost:8765/static/js/index.bE3scgDe.js:33
[ 2897137ms] [ERROR] Is Streamlit still running? If you accidentally stopped Streamlit, just restart it in your terminal: @ http://localhost:8765/static/js/index.bE3scgDe.js:38
[ 2897158ms] [ERROR] Failed to load resource: net::ERR_CONNECTION_REFUSED @ http://localhost:8765/_stcore/host-config:0
[ 2903081ms] [ERROR] Failed to load resource: net::ERR_CONNECTION_REFUSED @ http://localhost:8765/_stcore/health:0
[ 2903082ms] [ERROR] Client Error in reaching server endpoint - No response received when attempting to reach /_stcore/health @ http://localhost:8765/static/js/index.bE3scgDe.js:33
[ 2903082ms] [ERROR] Is Streamlit still running? If you accidentally stopped Streamlit, just restart it in your terminal: @ http://localhost:8765/static/js/index.bE3scgDe.js:38
[ 2903103ms] [ERROR] Failed to load resource: net::ERR_CONNECTION_REFUSED @ http://localhost:8765/_stcore/host-config:0
[ 2908889ms] [ERROR] Failed to load resource: net::ERR_CONNECTION_REFUSED @ http://localhost:8765/_stcore/health:0
[ 2908890ms] [ERROR] Client Error in reaching server endpoint - No response received when attempting to reach /_stcore/health @ http://localhost:8765/static/js/index.bE3scgDe.js:33
[ 2908890ms] [ERROR] Is Streamlit still running? If you accidentally stopped Streamlit, just restart it in your terminal: @ http://localhost:8765/static/js/index.bE3scgDe.js:38
[ 2908916ms] [ERROR] Failed to load resource: net::ERR_CONNECTION_REFUSED @ http://localhost:8765/_stcore/host-config:0
[ 2914796ms] [ERROR] Failed to load resource: net::ERR_CONNECTION_REFUSED @ http://localhost:8765/_stcore/health:0
[ 2914796ms] [ERROR] Client Error in reaching server endpoint - No response received when attempting to reach /_stcore/health @ http://localhost:8765/static/js/index.bE3scgDe.js:33
[ 2914796ms] [ERROR] Is Streamlit still running? If you accidentally stopped Streamlit, just restart it in your terminal: @ http://localhost:8765/static/js/index.bE3scgDe.js:38
[ 2914818ms] [ERROR] Failed to load resource: net::ERR_CONNECTION_REFUSED @ http://localhost:8765/_stcore/host-config:0
[ 2920046ms] [ERROR] Failed to load resource: net::ERR_CONNECTION_REFUSED @ http://localhost:8765/_stcore/health:0
[ 2920046ms] [ERROR] Client Error in reaching server endpoint - No response received when attempting to reach /_stcore/health @ http://localhost:8765/static/js/index.bE3scgDe.js:33
[ 2920047ms] [ERROR] Is Streamlit still running? If you accidentally stopped Streamlit, just restart it in your terminal: @ http://localhost:8765/static/js/index.bE3scgDe.js:38
[ 2920069ms] [ERROR] Failed to load resource: net::ERR_CONNECTION_REFUSED @ http://localhost:8765/_stcore/host-config:0
[ 2926350ms] [ERROR] Failed to load resource: net::ERR_CONNECTION_REFUSED @ http://localhost:8765/_stcore/health:0
[ 2926350ms] [ERROR] Client Error in reaching server endpoint - No response received when attempting to reach /_stcore/health @ http://localhost:8765/static/js/index.bE3scgDe.js:33
[ 2926350ms] [ERROR] Is Streamlit still running? If you accidentally stopped Streamlit, just restart it in your terminal: @ http://localhost:8765/static/js/index.bE3scgDe.js:38
[ 2926374ms] [ERROR] Failed to load resource: net::ERR_CONNECTION_REFUSED @ http://localhost:8765/_stcore/host-config:0
[ 2932244ms] [ERROR] Failed to load resource: net::ERR_CONNECTION_REFUSED @ http://localhost:8765/_stcore/health:0
[ 2932245ms] [ERROR] Client Error in reaching server endpoint - No response received when attempting to reach /_stcore/health @ http://localhost:8765/static/js/index.bE3scgDe.js:33
[ 2932245ms] [ERROR] Is Streamlit still running? If you accidentally stopped Streamlit, just restart it in your terminal: @ http://localhost:8765/static/js/index.bE3scgDe.js:38
[ 2932267ms] [ERROR] Failed to load resource: net::ERR_CONNECTION_REFUSED @ http://localhost:8765/_stcore/host-config:0
[ 2938267ms] [ERROR] Failed to load resource: net::ERR_CONNECTION_REFUSED @ http://localhost:8765/_stcore/health:0
[ 2938267ms] [ERROR] Client Error in reaching server endpoint - No response received when attempting to reach /_stcore/health @ http://localhost:8765/static/js/index.bE3scgDe.js:33
[ 2938268ms] [ERROR] Is Streamlit still running? If you accidentally stopped Streamlit, just restart it in your terminal: @ http://localhost:8765/static/js/index.bE3scgDe.js:38
[ 2938292ms] [ERROR] Failed to load resource: net::ERR_CONNECTION_REFUSED @ http://localhost:8765/_stcore/host-config:0
[ 2944163ms] [ERROR] Failed to load resource: net::ERR_CONNECTION_REFUSED @ http://localhost:8765/_stcore/health:0
[ 2944163ms] [ERROR] Client Error in reaching server endpoint - No response received when attempting to reach /_stcore/health @ http://localhost:8765/static/js/index.bE3scgDe.js:33
[ 2944164ms] [ERROR] Is Streamlit still running? If you accidentally stopped Streamlit, just restart it in your terminal: @ http://localhost:8765/static/js/index.bE3scgDe.js:38
[ 2944189ms] [ERROR] Failed to load resource: net::ERR_CONNECTION_REFUSED @ http://localhost:8765/_stcore/host-config:0
[ 2950027ms] [ERROR] Failed to load resource: net::ERR_CONNECTION_REFUSED @ http://localhost:8765/_stcore/health:0
[ 2950027ms] [ERROR] Client Error in reaching server endpoint - No response received when attempting to reach /_stcore/health @ http://localhost:8765/static/js/index.bE3scgDe.js:33
[ 2950027ms] [ERROR] Is Streamlit still running? If you accidentally stopped Streamlit, just restart it in your terminal: @ http://localhost:8765/static/js/index.bE3scgDe.js:38
[ 2950029ms] [ERROR] Failed to load resource: net::ERR_CONNECTION_REFUSED @ http://localhost:8765/_stcore/host-config:0
[ 2955937ms] [ERROR] Failed to load resource: net::ERR_CONNECTION_REFUSED @ http://localhost:8765/_stcore/health:0
[ 2955937ms] [ERROR] Client Error in reaching server endpoint - No response received when attempting to reach /_stcore/health @ http://localhost:8765/static/js/index.bE3scgDe.js:33
[ 2955937ms] [ERROR] Is Streamlit still running? If you accidentally stopped Streamlit, just restart it in your terminal: @ http://localhost:8765/static/js/index.bE3scgDe.js:38
[ 2955959ms] [ERROR] Failed to load resource: net::ERR_CONNECTION_REFUSED @ http://localhost:8765/_stcore/host-config:0
[ 2961987ms] [ERROR] Failed to load resource: net::ERR_CONNECTION_REFUSED @ http://localhost:8765/_stcore/health:0
[ 2961987ms] [ERROR] Client Error in reaching server endpoint - No response received when attempting to reach /_stcore/health @ http://localhost:8765/static/js/index.bE3scgDe.js:33
[ 2961987ms] [ERROR] Is Streamlit still running? If you accidentally stopped Streamlit, just restart it in your terminal: @ http://localhost:8765/static/js/index.bE3scgDe.js:38
[ 2961988ms] [ERROR] Failed to load resource: net::ERR_CONNECTION_REFUSED @ http://localhost:8765/_stcore/host-config:0
[ 2968151ms] [ERROR] Failed to load resource: net::ERR_CONNECTION_REFUSED @ http://localhost:8765/_stcore/health:0
[ 2968151ms] [ERROR] Client Error in reaching server endpoint - No response received when attempting to reach /_stcore/health @ http://localhost:8765/static/js/index.bE3scgDe.js:33
[ 2968152ms] [ERROR] Is Streamlit still running? If you accidentally stopped Streamlit, just restart it in your terminal: @ http://localhost:8765/static/js/index.bE3scgDe.js:38
[ 2968176ms] [ERROR] Failed to load resource: net::ERR_CONNECTION_REFUSED @ http://localhost:8765/_stcore/host-config:0
[ 2973435ms] [ERROR] Failed to load resource: net::ERR_CONNECTION_REFUSED @ http://localhost:8765/_stcore/health:0
[ 2973435ms] [ERROR] Client Error in reaching server endpoint - No response received when attempting to reach /_stcore/health @ http://localhost:8765/static/js/index.bE3scgDe.js:33
[ 2973436ms] [ERROR] Is Streamlit still running? If you accidentally stopped Streamlit, just restart it in your terminal: @ http://localhost:8765/static/js/index.bE3scgDe.js:38
[ 2973460ms] [ERROR] Failed to load resource: net::ERR_CONNECTION_REFUSED @ http://localhost:8765/_stcore/host-config:0
[ 2978781ms] [ERROR] Failed to load resource: net::ERR_CONNECTION_REFUSED @ http://localhost:8765/_stcore/health:0
[ 2978781ms] [ERROR] Client Error in reaching server endpoint - No response received when attempting to reach /_stcore/health @ http://localhost:8765/static/js/index.bE3scgDe.js:33
[ 2978781ms] [ERROR] Is Streamlit still running? If you accidentally stopped Streamlit, just restart it in your terminal: @ http://localhost:8765/static/js/index.bE3scgDe.js:38
[ 2978803ms] [ERROR] Failed to load resource: net::ERR_CONNECTION_REFUSED @ http://localhost:8765/_stcore/host-config:0
[ 2984253ms] [ERROR] Failed to load resource: net::ERR_CONNECTION_REFUSED @ http://localhost:8765/_stcore/health:0
[ 2984253ms] [ERROR] Client Error in reaching server endpoint - No response received when attempting to reach /_stcore/health @ http://localhost:8765/static/js/index.bE3scgDe.js:33
[ 2984253ms] [ERROR] Is Streamlit still running? If you accidentally stopped Streamlit, just restart it in your terminal: @ http://localhost:8765/static/js/index.bE3scgDe.js:38
[ 2984254ms] [ERROR] Failed to load resource: net::ERR_CONNECTION_REFUSED @ http://localhost:8765/_stcore/host-config:0
[ 2989850ms] [ERROR] Failed to load resource: net::ERR_CONNECTION_REFUSED @ http://localhost:8765/_stcore/health:0
[ 2989850ms] [ERROR] Client Error in reaching server endpoint - No response received when attempting to reach /_stcore/health @ http://localhost:8765/static/js/index.bE3scgDe.js:33
[ 2989850ms] [ERROR] Is Streamlit still running? If you accidentally stopped Streamlit, just restart it in your terminal: @ http://localhost:8765/static/js/index.bE3scgDe.js:38
[ 2989852ms] [ERROR] Failed to load resource: net::ERR_CONNECTION_REFUSED @ http://localhost:8765/_stcore/host-config:0
[ 2996140ms] [ERROR] Failed to load resource: net::ERR_CONNECTION_REFUSED @ http://localhost:8765/_stcore/health:0
[ 2996140ms] [ERROR] Client Error in reaching server endpoint - No response received when attempting to reach /_stcore/health @ http://localhost:8765/static/js/index.bE3scgDe.js:33
[ 2996140ms] [ERROR] Is Streamlit still running? If you accidentally stopped Streamlit, just restart it in your terminal: @ http://localhost:8765/static/js/index.bE3scgDe.js:38
[ 2996164ms] [ERROR] Failed to load resource: net::ERR_CONNECTION_REFUSED @ http://localhost:8765/_stcore/host-config:0
[ 3001394ms] [ERROR] Failed to load resource: net::ERR_CONNECTION_REFUSED @ http://localhost:8765/_stcore/health:0
[ 3001395ms] [ERROR] Client Error in reaching server endpoint - No response received when attempting to reach /_stcore/health @ http://localhost:8765/static/js/index.bE3scgDe.js:33
[ 3001395ms] [ERROR] Is Streamlit still running? If you accidentally stopped Streamlit, just restart it in your terminal: @ http://localhost:8765/static/js/index.bE3scgDe.js:38
[ 3001417ms] [ERROR] Failed to load resource: net::ERR_CONNECTION_REFUSED @ http://localhost:8765/_stcore/host-config:0
[ 3006723ms] [ERROR] Failed to load resource: net::ERR_CONNECTION_REFUSED @ http://localhost:8765/_stcore/health:0
[ 3006723ms] [ERROR] Client Error in reaching server endpoint - No response received when attempting to reach /_stcore/health @ http://localhost:8765/static/js/index.bE3scgDe.js:33
[ 3006724ms] [ERROR] Is Streamlit still running? If you accidentally stopped Streamlit, just restart it in your terminal: @ http://localhost:8765/static/js/index.bE3scgDe.js:38
[ 3006748ms] [ERROR] Failed to load resource: net::ERR_CONNECTION_REFUSED @ http://localhost:8765/_stcore/host-config:0
[ 3012321ms] [ERROR] Failed to load resource: net::ERR_CONNECTION_REFUSED @ http://localhost:8765/_stcore/health:0
[ 3012321ms] [ERROR] Client Error in reaching server endpoint - No response received when attempting to reach /_stcore/health @ http://localhost:8765/static/js/index.bE3scgDe.js:33
[ 3012321ms] [ERROR] Is Streamlit still running? If you accidentally stopped Streamlit, just restart it in your terminal: @ http://localhost:8765/static/js/index.bE3scgDe.js:38
[ 3012324ms] [ERROR] Failed to load resource: net::ERR_CONNECTION_REFUSED @ http://localhost:8765/_stcore/host-config:0
[ 3017591ms] [ERROR] Failed to load resource: net::ERR_CONNECTION_REFUSED @ http://localhost:8765/_stcore/health:0
[ 3017591ms] [ERROR] Client Error in reaching server endpoint - No response received when attempting to reach /_stcore/health @ http://localhost:8765/static/js/index.bE3scgDe.js:33
[ 3017591ms] [ERROR] Is Streamlit still running? If you accidentally stopped Streamlit, just restart it in your terminal: @ http://localhost:8765/static/js/index.bE3scgDe.js:38
[ 3017592ms] [ERROR] Failed to load resource: net::ERR_CONNECTION_REFUSED @ http://localhost:8765/_stcore/host-config:0
[ 3023891ms] [ERROR] Failed to load resource: net::ERR_CONNECTION_REFUSED @ http://localhost:8765/_stcore/health:0
[ 3023891ms] [ERROR] Client Error in reaching server endpoint - No response received when attempting to reach /_stcore/health @ http://localhost:8765/static/js/index.bE3scgDe.js:33
[ 3023892ms] [ERROR] Is Streamlit still running? If you accidentally stopped Streamlit, just restart it in your terminal: @ http://localhost:8765/static/js/index.bE3scgDe.js:38
[ 3023894ms] [ERROR] Failed to load resource: net::ERR_CONNECTION_REFUSED @ http://localhost:8765/_stcore/host-config:0
[ 3029443ms] [ERROR] Failed to load resource: net::ERR_CONNECTION_REFUSED @ http://localhost:8765/_stcore/health:0
[ 3029443ms] [ERROR] Client Error in reaching server endpoint - No response received when attempting to reach /_stcore/health @ http://localhost:8765/static/js/index.bE3scgDe.js:33
[ 3029444ms] [ERROR] Is Streamlit still running? If you accidentally stopped Streamlit, just restart it in your terminal: @ http://localhost:8765/static/js/index.bE3scgDe.js:38
[ 3029444ms] [ERROR] Failed to load resource: net::ERR_CONNECTION_REFUSED @ http://localhost:8765/_stcore/host-config:0
[ 3034865ms] [ERROR] Failed to load resource: net::ERR_CONNECTION_REFUSED @ http://localhost:8765/_stcore/health:0
[ 3034865ms] [ERROR] Client Error in reaching server endpoint - No response received when attempting to reach /_stcore/health @ http://localhost:8765/static/js/index.bE3scgDe.js:33
[ 3034865ms] [ERROR] Is Streamlit still running? If you accidentally stopped Streamlit, just restart it in your terminal: @ http://localhost:8765/static/js/index.bE3scgDe.js:38
[ 3034887ms] [ERROR] Failed to load resource: net::ERR_CONNECTION_REFUSED @ http://localhost:8765/_stcore/host-config:0
[ 3040906ms] [ERROR] Failed to load resource: net::ERR_CONNECTION_REFUSED @ http://localhost:8765/_stcore/health:0
[ 3040906ms] [ERROR] Client Error in reaching server endpoint - No response received when attempting to reach /_stcore/health @ http://localhost:8765/static/js/index.bE3scgDe.js:33
[ 3040906ms] [ERROR] Is Streamlit still running? If you accidentally stopped Streamlit, just restart it in your terminal: @ http://localhost:8765/static/js/index.bE3scgDe.js:38
[ 3040907ms] [ERROR] Failed to load resource: net::ERR_CONNECTION_REFUSED @ http://localhost:8765/_stcore/host-config:0
[ 3046111ms] [ERROR] Failed to load resource: net::ERR_CONNECTION_REFUSED @ http://localhost:8765/_stcore/health:0
[ 3046111ms] [ERROR] Client Error in reaching server endpoint - No response received when attempting to reach /_stcore/health @ http://localhost:8765/static/js/index.bE3scgDe.js:33
[ 3046111ms] [ERROR] Is Streamlit still running? If you accidentally stopped Streamlit, just restart it in your terminal: @ http://localhost:8765/static/js/index.bE3scgDe.js:38
[ 3046112ms] [ERROR] Failed to load resource: net::ERR_CONNECTION_REFUSED @ http://localhost:8765/_stcore/host-config:0
[ 3052356ms] [ERROR] Failed to load resource: net::ERR_CONNECTION_REFUSED @ http://localhost:8765/_stcore/health:0
[ 3052357ms] [ERROR] Client Error in reaching server endpoint - No response received when attempting to reach /_stcore/health @ http://localhost:8765/static/js/index.bE3scgDe.js:33
[ 3052357ms] [ERROR] Is Streamlit still running? If you accidentally stopped Streamlit, just restart it in your terminal: @ http://localhost:8765/static/js/index.bE3scgDe.js:38
[ 3052379ms] [ERROR] Failed to load resource: net::ERR_CONNECTION_REFUSED @ http://localhost:8765/_stcore/host-config:0
[ 3058185ms] [ERROR] Failed to load resource: net::ERR_CONNECTION_REFUSED @ http://localhost:8765/_stcore/health:0
[ 3058185ms] [ERROR] Client Error in reaching server endpoint - No response received when attempting to reach /_stcore/health @ http://localhost:8765/static/js/index.bE3scgDe.js:33
[ 3058185ms] [ERROR] Is Streamlit still running? If you accidentally stopped Streamlit, just restart it in your terminal: @ http://localhost:8765/static/js/index.bE3scgDe.js:38
[ 3058209ms] [ERROR] Failed to load resource: net::ERR_CONNECTION_REFUSED @ http://localhost:8765/_stcore/host-config:0
[ 3064355ms] [ERROR] Failed to load resource: net::ERR_CONNECTION_REFUSED @ http://localhost:8765/_stcore/health:0
[ 3064355ms] [ERROR] Client Error in reaching server endpoint - No response received when attempting to reach /_stcore/health @ http://localhost:8765/static/js/index.bE3scgDe.js:33
[ 3064355ms] [ERROR] Is Streamlit still running? If you accidentally stopped Streamlit, just restart it in your terminal: @ http://localhost:8765/static/js/index.bE3scgDe.js:38
[ 3064382ms] [ERROR] Failed to load resource: net::ERR_CONNECTION_REFUSED @ http://localhost:8765/_stcore/host-config:0
[ 3070179ms] [ERROR] Failed to load resource: net::ERR_CONNECTION_REFUSED @ http://localhost:8765/_stcore/health:0
[ 3070180ms] [ERROR] Client Error in reaching server endpoint - No response received when attempting to reach /_stcore/health @ http://localhost:8765/static/js/index.bE3scgDe.js:33
[ 3070180ms] [ERROR] Is Streamlit still running? If you accidentally stopped Streamlit, just restart it in your terminal: @ http://localhost:8765/static/js/index.bE3scgDe.js:38
[ 3070211ms] [ERROR] Failed to load resource: net::ERR_CONNECTION_REFUSED @ http://localhost:8765/_stcore/host-config:0
[ 3075981ms] [ERROR] Failed to load resource: net::ERR_CONNECTION_REFUSED @ http://localhost:8765/_stcore/health:0
[ 3075981ms] [ERROR] Client Error in reaching server endpoint - No response received when attempting to reach /_stcore/health @ http://localhost:8765/static/js/index.bE3scgDe.js:33
[ 3075981ms] [ERROR] Is Streamlit still running? If you accidentally stopped Streamlit, just restart it in your terminal: @ http://localhost:8765/static/js/index.bE3scgDe.js:38
[ 3075984ms] [ERROR] Failed to load resource: net::ERR_CONNECTION_REFUSED @ http://localhost:8765/_stcore/host-config:0
[ 3081704ms] [ERROR] Failed to load resource: net::ERR_CONNECTION_REFUSED @ http://localhost:8765/_stcore/health:0
[ 3081704ms] [ERROR] Client Error in reaching server endpoint - No response received when attempting to reach /_stcore/health @ http://localhost:8765/static/js/index.bE3scgDe.js:33
[ 3081705ms] [ERROR] Is Streamlit still running? If you accidentally stopped Streamlit, just restart it in your terminal: @ http://localhost:8765/static/js/index.bE3scgDe.js:38
[ 3081705ms] [ERROR] Failed to load resource: net::ERR_CONNECTION_REFUSED @ http://localhost:8765/_stcore/host-config:0
[ 3087847ms] [ERROR] Failed to load resource: net::ERR_CONNECTION_REFUSED @ http://localhost:8765/_stcore/health:0
[ 3087848ms] [ERROR] Client Error in reaching server endpoint - No response received when attempting to reach /_stcore/health @ http://localhost:8765/static/js/index.bE3scgDe.js:33
[ 3087848ms] [ERROR] Is Streamlit still running? If you accidentally stopped Streamlit, just restart it in your terminal: @ http://localhost:8765/static/js/index.bE3scgDe.js:38
[ 3087850ms] [ERROR] Failed to load resource: net::ERR_CONNECTION_REFUSED @ http://localhost:8765/_stcore/host-config:0
[ 3093727ms] [ERROR] Failed to load resource: net::ERR_CONNECTION_REFUSED @ http://localhost:8765/_stcore/health:0
[ 3093728ms] [ERROR] Client Error in reaching server endpoint - No response received when attempting to reach /_stcore/health @ http://localhost:8765/static/js/index.bE3scgDe.js:33
[ 3093728ms] [ERROR] Is Streamlit still running? If you accidentally stopped Streamlit, just restart it in your terminal: @ http://localhost:8765/static/js/index.bE3scgDe.js:38
[ 3093753ms] [ERROR] Failed to load resource: net::ERR_CONNECTION_REFUSED @ http://localhost:8765/_stcore/host-config:0
[ 3099482ms] [ERROR] Failed to load resource: net::ERR_CONNECTION_REFUSED @ http://localhost:8765/_stcore/health:0
[ 3099483ms] [ERROR] Client Error in reaching server endpoint - No response received when attempting to reach /_stcore/health @ http://localhost:8765/static/js/index.bE3scgDe.js:33
[ 3099483ms] [ERROR] Is Streamlit still running? If you accidentally stopped Streamlit, just restart it in your terminal: @ http://localhost:8765/static/js/index.bE3scgDe.js:38
[ 3099506ms] [ERROR] Failed to load resource: net::ERR_CONNECTION_REFUSED @ http://localhost:8765/_stcore/host-config:0
[ 3104739ms] [ERROR] Failed to load resource: net::ERR_CONNECTION_REFUSED @ http://localhost:8765/_stcore/health:0
[ 3104739ms] [ERROR] Client Error in reaching server endpoint - No response received when attempting to reach /_stcore/health @ http://localhost:8765/static/js/index.bE3scgDe.js:33
[ 3104739ms] [ERROR] Is Streamlit still running? If you accidentally stopped Streamlit, just restart it in your terminal: @ http://localhost:8765/static/js/index.bE3scgDe.js:38
[ 3104764ms] [ERROR] Failed to load resource: net::ERR_CONNECTION_REFUSED @ http://localhost:8765/_stcore/host-config:0
[ 3110990ms] [ERROR] Failed to load resource: net::ERR_CONNECTION_REFUSED @ http://localhost:8765/_stcore/health:0
[ 3110990ms] [ERROR] Client Error in reaching server endpoint - No response received when attempting to reach /_stcore/health @ http://localhost:8765/static/js/index.bE3scgDe.js:33
[ 3110990ms] [ERROR] Is Streamlit still running? If you accidentally stopped Streamlit, just restart it in your terminal: @ http://localhost:8765/static/js/index.bE3scgDe.js:38
[ 3111016ms] [ERROR] Failed to load resource: net::ERR_CONNECTION_REFUSED @ http://localhost:8765/_stcore/host-config:0
[ 3117312ms] [ERROR] Failed to load resource: net::ERR_CONNECTION_REFUSED @ http://localhost:8765/_stcore/health:0
[ 3117312ms] [ERROR] Client Error in reaching server endpoint - No response received when attempting to reach /_stcore/health @ http://localhost:8765/static/js/index.bE3scgDe.js:33
[ 3117313ms] [ERROR] Is Streamlit still running? If you accidentally stopped Streamlit, just restart it in your terminal: @ http://localhost:8765/static/js/index.bE3scgDe.js:38
[ 3117313ms] [ERROR] Failed to load resource: net::ERR_CONNECTION_REFUSED @ http://localhost:8765/_stcore/host-config:0
[ 3123359ms] [ERROR] Failed to load resource: net::ERR_CONNECTION_REFUSED @ http://localhost:8765/_stcore/health:0
[ 3123359ms] [ERROR] Client Error in reaching server endpoint - No response received when attempting to reach /_stcore/health @ http://localhost:8765/static/js/index.bE3scgDe.js:33
[ 3123359ms] [ERROR] Is Streamlit still running? If you accidentally stopped Streamlit, just restart it in your terminal: @ http://localhost:8765/static/js/index.bE3scgDe.js:38
[ 3123361ms] [ERROR] Failed to load resource: net::ERR_CONNECTION_REFUSED @ http://localhost:8765/_stcore/host-config:0
[ 3128883ms] [ERROR] Failed to load resource: net::ERR_CONNECTION_REFUSED @ http://localhost:8765/_stcore/health:0
[ 3128883ms] [ERROR] Client Error in reaching server endpoint - No response received when attempting to reach /_stcore/health @ http://localhost:8765/static/js/index.bE3scgDe.js:33
[ 3128883ms] [ERROR] Is Streamlit still running? If you accidentally stopped Streamlit, just restart it in your terminal: @ http://localhost:8765/static/js/index.bE3scgDe.js:38
[ 3128907ms] [ERROR] Failed to load resource: net::ERR_CONNECTION_REFUSED @ http://localhost:8765/_stcore/host-config:0
[ 3134039ms] [ERROR] Failed to load resource: net::ERR_CONNECTION_REFUSED @ http://localhost:8765/_stcore/health:0
[ 3134039ms] [ERROR] Client Error in reaching server endpoint - No response received when attempting to reach /_stcore/health @ http://localhost:8765/static/js/index.bE3scgDe.js:33
[ 3134040ms] [ERROR] Is Streamlit still running? If you accidentally stopped Streamlit, just restart it in your terminal: @ http://localhost:8765/static/js/index.bE3scgDe.js:38
[ 3134064ms] [ERROR] Failed to load resource: net::ERR_CONNECTION_REFUSED @ http://localhost:8765/_stcore/host-config:0
[ 3139202ms] [ERROR] Failed to load resource: net::ERR_CONNECTION_REFUSED @ http://localhost:8765/_stcore/health:0
[ 3139202ms] [ERROR] Client Error in reaching server endpoint - No response received when attempting to reach /_stcore/health @ http://localhost:8765/static/js/index.bE3scgDe.js:33
[ 3139202ms] [ERROR] Is Streamlit still running? If you accidentally stopped Streamlit, just restart it in your terminal: @ http://localhost:8765/static/js/index.bE3scgDe.js:38
[ 3139227ms] [ERROR] Failed to load resource: net::ERR_CONNECTION_REFUSED @ http://localhost:8765/_stcore/host-config:0
[ 3145034ms] [ERROR] Failed to load resource: net::ERR_CONNECTION_REFUSED @ http://localhost:8765/_stcore/health:0
[ 3145034ms] [ERROR] Client Error in reaching server endpoint - No response received when attempting to reach /_stcore/health @ http://localhost:8765/static/js/index.bE3scgDe.js:33
[ 3145034ms] [ERROR] Is Streamlit still running? If you accidentally stopped Streamlit, just restart it in your terminal: @ http://localhost:8765/static/js/index.bE3scgDe.js:38
[ 3145037ms] [ERROR] Failed to load resource: net::ERR_CONNECTION_REFUSED @ http://localhost:8765/_stcore/host-config:0
[ 3150803ms] [ERROR] Failed to load resource: net::ERR_CONNECTION_REFUSED @ http://localhost:8765/_stcore/health:0
[ 3150803ms] [ERROR] Client Error in reaching server endpoint - No response received when attempting to reach /_stcore/health @ http://localhost:8765/static/js/index.bE3scgDe.js:33
[ 3150803ms] [ERROR] Is Streamlit still running? If you accidentally stopped Streamlit, just restart it in your terminal: @ http://localhost:8765/static/js/index.bE3scgDe.js:38
[ 3150827ms] [ERROR] Failed to load resource: net::ERR_CONNECTION_REFUSED @ http://localhost:8765/_stcore/host-config:0
[ 3157044ms] [ERROR] Failed to load resource: net::ERR_CONNECTION_REFUSED @ http://localhost:8765/_stcore/health:0
[ 3157045ms] [ERROR] Client Error in reaching server endpoint - No response received when attempting to reach /_stcore/health @ http://localhost:8765/static/js/index.bE3scgDe.js:33
[ 3157045ms] [ERROR] Is Streamlit still running? If you accidentally stopped Streamlit, just restart it in your terminal: @ http://localhost:8765/static/js/index.bE3scgDe.js:38
[ 3157066ms] [ERROR] Failed to load resource: net::ERR_CONNECTION_REFUSED @ http://localhost:8765/_stcore/host-config:0
[ 3162233ms] [ERROR] Failed to load resource: net::ERR_CONNECTION_REFUSED @ http://localhost:8765/_stcore/health:0
[ 3162233ms] [ERROR] Client Error in reaching server endpoint - No response received when attempting to reach /_stcore/health @ http://localhost:8765/static/js/index.bE3scgDe.js:33
[ 3162233ms] [ERROR] Is Streamlit still running? If you accidentally stopped Streamlit, just restart it in your terminal: @ http://localhost:8765/static/js/index.bE3scgDe.js:38
[ 3162274ms] [ERROR] Failed to load resource: net::ERR_CONNECTION_REFUSED @ http://localhost:8765/_stcore/host-config:0
[ 3168161ms] [ERROR] Failed to load resource: net::ERR_CONNECTION_REFUSED @ http://localhost:8765/_stcore/health:0
[ 3168161ms] [ERROR] Client Error in reaching server endpoint - No response received when attempting to reach /_stcore/health @ http://localhost:8765/static/js/index.bE3scgDe.js:33
[ 3168161ms] [ERROR] Is Streamlit still running? If you accidentally stopped Streamlit, just restart it in your terminal: @ http://localhost:8765/static/js/index.bE3scgDe.js:38
[ 3168163ms] [ERROR] Failed to load resource: net::ERR_CONNECTION_REFUSED @ http://localhost:8765/_stcore/host-config:0
[ 3173838ms] [ERROR] Failed to load resource: net::ERR_CONNECTION_REFUSED @ http://localhost:8765/_stcore/health:0
[ 3173839ms] [ERROR] Client Error in reaching server endpoint - No response received when attempting to reach /_stcore/health @ http://localhost:8765/static/js/index.bE3scgDe.js:33
[ 3173839ms] [ERROR] Is Streamlit still running? If you accidentally stopped Streamlit, just restart it in your terminal: @ http://localhost:8765/static/js/index.bE3scgDe.js:38
[ 3173839ms] [ERROR] Failed to load resource: net::ERR_CONNECTION_REFUSED @ http://localhost:8765/_stcore/host-config:0
[ 3180171ms] [ERROR] Failed to load resource: net::ERR_CONNECTION_REFUSED @ http://localhost:8765/_stcore/health:0
[ 3180171ms] [ERROR] Client Error in reaching server endpoint - No response received when attempting to reach /_stcore/health @ http://localhost:8765/static/js/index.bE3scgDe.js:33
[ 3180171ms] [ERROR] Is Streamlit still running? If you accidentally stopped Streamlit, just restart it in your terminal: @ http://localhost:8765/static/js/index.bE3scgDe.js:38
[ 3180193ms] [ERROR] Failed to load resource: net::ERR_CONNECTION_REFUSED @ http://localhost:8765/_stcore/host-config:0
[ 3186385ms] [ERROR] Failed to load resource: net::ERR_CONNECTION_REFUSED @ http://localhost:8765/_stcore/health:0
[ 3186385ms] [ERROR] Client Error in reaching server endpoint - No response received when attempting to reach /_stcore/health @ http://localhost:8765/static/js/index.bE3scgDe.js:33
[ 3186385ms] [ERROR] Is Streamlit still running? If you accidentally stopped Streamlit, just restart it in your terminal: @ http://localhost:8765/static/js/index.bE3scgDe.js:38
[ 3186406ms] [ERROR] Failed to load resource: net::ERR_CONNECTION_REFUSED @ http://localhost:8765/_stcore/host-config:0
[ 3192291ms] [ERROR] Failed to load resource: net::ERR_CONNECTION_REFUSED @ http://localhost:8765/_stcore/health:0
[ 3192291ms] [ERROR] Client Error in reaching server endpoint - No response received when attempting to reach /_stcore/health @ http://localhost:8765/static/js/index.bE3scgDe.js:33
[ 3192291ms] [ERROR] Is Streamlit still running? If you accidentally stopped Streamlit, just restart it in your terminal: @ http://localhost:8765/static/js/index.bE3scgDe.js:38
[ 3192292ms] [ERROR] Failed to load resource: net::ERR_CONNECTION_REFUSED @ http://localhost:8765/_stcore/host-config:0
[ 3197589ms] [ERROR] Failed to load resource: net::ERR_CONNECTION_REFUSED @ http://localhost:8765/_stcore/health:0
[ 3197589ms] [ERROR] Client Error in reaching server endpoint - No response received when attempting to reach /_stcore/health @ http://localhost:8765/static/js/index.bE3scgDe.js:33
[ 3197590ms] [ERROR] Is Streamlit still running? If you accidentally stopped Streamlit, just restart it in your terminal: @ http://localhost:8765/static/js/index.bE3scgDe.js:38
[ 3197613ms] [ERROR] Failed to load resource: net::ERR_CONNECTION_REFUSED @ http://localhost:8765/_stcore/host-config:0
[ 3203438ms] [ERROR] Failed to load resource: net::ERR_CONNECTION_REFUSED @ http://localhost:8765/_stcore/health:0
[ 3203438ms] [ERROR] Client Error in reaching server endpoint - No response received when attempting to reach /_stcore/health @ http://localhost:8765/static/js/index.bE3scgDe.js:33
[ 3203439ms] [ERROR] Is Streamlit still running? If you accidentally stopped Streamlit, just restart it in your terminal: @ http://localhost:8765/static/js/index.bE3scgDe.js:38
[ 3203462ms] [ERROR] Failed to load resource: net::ERR_CONNECTION_REFUSED @ http://localhost:8765/_stcore/host-config:0
[ 3209413ms] [ERROR] Failed to load resource: net::ERR_CONNECTION_REFUSED @ http://localhost:8765/_stcore/health:0
[ 3209413ms] [ERROR] Client Error in reaching server endpoint - No response received when attempting to reach /_stcore/health @ http://localhost:8765/static/js/index.bE3scgDe.js:33
[ 3209413ms] [ERROR] Is Streamlit still running? If you accidentally stopped Streamlit, just restart it in your terminal: @ http://localhost:8765/static/js/index.bE3scgDe.js:38
[ 3209416ms] [ERROR] Failed to load resource: net::ERR_CONNECTION_REFUSED @ http://localhost:8765/_stcore/host-config:0
[ 3215702ms] [ERROR] Failed to load resource: net::ERR_CONNECTION_REFUSED @ http://localhost:8765/_stcore/health:0
[ 3215702ms] [ERROR] Client Error in reaching server endpoint - No response received when attempting to reach /_stcore/health @ http://localhost:8765/static/js/index.bE3scgDe.js:33
[ 3215703ms] [ERROR] Is Streamlit still running? If you accidentally stopped Streamlit, just restart it in your terminal: @ http://localhost:8765/static/js/index.bE3scgDe.js:38
[ 3215726ms] [ERROR] Failed to load resource: net::ERR_CONNECTION_REFUSED @ http://localhost:8765/_stcore/host-config:0
[ 3221437ms] [ERROR] Failed to load resource: net::ERR_CONNECTION_REFUSED @ http://localhost:8765/_stcore/health:0
[ 3221437ms] [ERROR] Client Error in reaching server endpoint - No response received when attempting to reach /_stcore/health @ http://localhost:8765/static/js/index.bE3scgDe.js:33
[ 3221438ms] [ERROR] Is Streamlit still running? If you accidentally stopped Streamlit, just restart it in your terminal: @ http://localhost:8765/static/js/index.bE3scgDe.js:38
[ 3221463ms] [ERROR] Failed to load resource: net::ERR_CONNECTION_REFUSED @ http://localhost:8765/_stcore/host-config:0
[ 3227179ms] [ERROR] Failed to load resource: net::ERR_CONNECTION_REFUSED @ http://localhost:8765/_stcore/health:0
[ 3227179ms] [ERROR] Client Error in reaching server endpoint - No response received when attempting to reach /_stcore/health @ http://localhost:8765/static/js/index.bE3scgDe.js:33
[ 3227179ms] [ERROR] Is Streamlit still running? If you accidentally stopped Streamlit, just restart it in your terminal: @ http://localhost:8765/static/js/index.bE3scgDe.js:38
[ 3227203ms] [ERROR] Failed to load resource: net::ERR_CONNECTION_REFUSED @ http://localhost:8765/_stcore/host-config:0
[ 3233183ms] [ERROR] Failed to load resource: net::ERR_CONNECTION_REFUSED @ http://localhost:8765/_stcore/health:0
[ 3233183ms] [ERROR] Client Error in reaching server endpoint - No response received when attempting to reach /_stcore/health @ http://localhost:8765/static/js/index.bE3scgDe.js:33
[ 3233184ms] [ERROR] Is Streamlit still running? If you accidentally stopped Streamlit, just restart it in your terminal: @ http://localhost:8765/static/js/index.bE3scgDe.js:38
[ 3233208ms] [ERROR] Failed to load resource: net::ERR_CONNECTION_REFUSED @ http://localhost:8765/_stcore/host-config:0
[ 3239533ms] [ERROR] Failed to load resource: net::ERR_CONNECTION_REFUSED @ http://localhost:8765/_stcore/health:0
[ 3239533ms] [ERROR] Client Error in reaching server endpoint - No response received when attempting to reach /_stcore/health @ http://localhost:8765/static/js/index.bE3scgDe.js:33
[ 3239533ms] [ERROR] Is Streamlit still running? If you accidentally stopped Streamlit, just restart it in your terminal: @ http://localhost:8765/static/js/index.bE3scgDe.js:38
[ 3239556ms] [ERROR] Failed to load resource: net::ERR_CONNECTION_REFUSED @ http://localhost:8765/_stcore/host-config:0
[ 3245557ms] [ERROR] Failed to load resource: net::ERR_CONNECTION_REFUSED @ http://localhost:8765/_stcore/health:0
[ 3245557ms] [ERROR] Client Error in reaching server endpoint - No response received when attempting to reach /_stcore/health @ http://localhost:8765/static/js/index.bE3scgDe.js:33
[ 3245558ms] [ERROR] Is Streamlit still running? If you accidentally stopped Streamlit, just restart it in your terminal: @ http://localhost:8765/static/js/index.bE3scgDe.js:38
[ 3245582ms] [ERROR] Failed to load resource: net::ERR_CONNECTION_REFUSED @ http://localhost:8765/_stcore/host-config:0
[ 3251488ms] [ERROR] Failed to load resource: net::ERR_CONNECTION_REFUSED @ http://localhost:8765/_stcore/health:0
[ 3251488ms] [ERROR] Client Error in reaching server endpoint - No response received when attempting to reach /_stcore/health @ http://localhost:8765/static/js/index.bE3scgDe.js:33
[ 3251488ms] [ERROR] Is Streamlit still running? If you accidentally stopped Streamlit, just restart it in your terminal: @ http://localhost:8765/static/js/index.bE3scgDe.js:38
[ 3251512ms] [ERROR] Failed to load resource: net::ERR_CONNECTION_REFUSED @ http://localhost:8765/_stcore/host-config:0
[ 3256767ms] [ERROR] Failed to load resource: net::ERR_CONNECTION_REFUSED @ http://localhost:8765/_stcore/health:0
[ 3256767ms] [ERROR] Client Error in reaching server endpoint - No response received when attempting to reach /_stcore/health @ http://localhost:8765/static/js/index.bE3scgDe.js:33
[ 3256768ms] [ERROR] Is Streamlit still running? If you accidentally stopped Streamlit, just restart it in your terminal: @ http://localhost:8765/static/js/index.bE3scgDe.js:38
[ 3256770ms] [ERROR] Failed to load resource: net::ERR_CONNECTION_REFUSED @ http://localhost:8765/_stcore/host-config:0
[ 3262005ms] [ERROR] Failed to load resource: net::ERR_CONNECTION_REFUSED @ http://localhost:8765/_stcore/health:0
[ 3262006ms] [ERROR] Client Error in reaching server endpoint - No response received when attempting to reach /_stcore/health @ http://localhost:8765/static/js/index.bE3scgDe.js:33
[ 3262006ms] [ERROR] Is Streamlit still running? If you accidentally stopped Streamlit, just restart it in your terminal: @ http://localhost:8765/static/js/index.bE3scgDe.js:38
[ 3262006ms] [ERROR] Failed to load resource: net::ERR_CONNECTION_REFUSED @ http://localhost:8765/_stcore/host-config:0
[ 3267934ms] [ERROR] Failed to load resource: net::ERR_CONNECTION_REFUSED @ http://localhost:8765/_stcore/health:0
[ 3267934ms] [ERROR] Client Error in reaching server endpoint - No response received when attempting to reach /_stcore/health @ http://localhost:8765/static/js/index.bE3scgDe.js:33
[ 3267934ms] [ERROR] Is Streamlit still running? If you accidentally stopped Streamlit, just restart it in your terminal: @ http://localhost:8765/static/js/index.bE3scgDe.js:38
[ 3267935ms] [ERROR] Failed to load resource: net::ERR_CONNECTION_REFUSED @ http://localhost:8765/_stcore/host-config:0
[ 3273591ms] [ERROR] Failed to load resource: net::ERR_CONNECTION_REFUSED @ http://localhost:8765/_stcore/health:0
[ 3273592ms] [ERROR] Client Error in reaching server endpoint - No response received when attempting to reach /_stcore/health @ http://localhost:8765/static/js/index.bE3scgDe.js:33
[ 3273592ms] [ERROR] Is Streamlit still running? If you accidentally stopped Streamlit, just restart it in your terminal: @ http://localhost:8765/static/js/index.bE3scgDe.js:38
[ 3273614ms] [ERROR] Failed to load resource: net::ERR_CONNECTION_REFUSED @ http://localhost:8765/_stcore/host-config:0
[ 3279751ms] [ERROR] Failed to load resource: net::ERR_CONNECTION_REFUSED @ http://localhost:8765/_stcore/health:0
[ 3279751ms] [ERROR] Client Error in reaching server endpoint - No response received when attempting to reach /_stcore/health @ http://localhost:8765/static/js/index.bE3scgDe.js:33
[ 3279751ms] [ERROR] Is Streamlit still running? If you accidentally stopped Streamlit, just restart it in your terminal: @ http://localhost:8765/static/js/index.bE3scgDe.js:38
[ 3279773ms] [ERROR] Failed to load resource: net::ERR_CONNECTION_REFUSED @ http://localhost:8765/_stcore/host-config:0
[ 3285019ms] [ERROR] Failed to load resource: net::ERR_CONNECTION_REFUSED @ http://localhost:8765/_stcore/health:0
[ 3285019ms] [ERROR] Client Error in reaching server endpoint - No response received when attempting to reach /_stcore/health @ http://localhost:8765/static/js/index.bE3scgDe.js:33
[ 3285019ms] [ERROR] Is Streamlit still running? If you accidentally stopped Streamlit, just restart it in your terminal: @ http://localhost:8765/static/js/index.bE3scgDe.js:38
[ 3285041ms] [ERROR] Failed to load resource: net::ERR_CONNECTION_REFUSED @ http://localhost:8765/_stcore/host-config:0
[ 3290964ms] [ERROR] Failed to load resource: net::ERR_CONNECTION_REFUSED @ http://localhost:8765/_stcore/health:0
[ 3290964ms] [ERROR] Client Error in reaching server endpoint - No response received when attempting to reach /_stcore/health @ http://localhost:8765/static/js/index.bE3scgDe.js:33
[ 3290964ms] [ERROR] Is Streamlit still running? If you accidentally stopped Streamlit, just restart it in your terminal: @ http://localhost:8765/static/js/index.bE3scgDe.js:38
[ 3290965ms] [ERROR] Failed to load resource: net::ERR_CONNECTION_REFUSED @ http://localhost:8765/_stcore/host-config:0
[ 3296121ms] [ERROR] Failed to load resource: net::ERR_CONNECTION_REFUSED @ http://localhost:8765/_stcore/health:0
[ 3296121ms] [ERROR] Client Error in reaching server endpoint - No response received when attempting to reach /_stcore/health @ http://localhost:8765/static/js/index.bE3scgDe.js:33
[ 3296121ms] [ERROR] Is Streamlit still running? If you accidentally stopped Streamlit, just restart it in your terminal: @ http://localhost:8765/static/js/index.bE3scgDe.js:38
[ 3296145ms] [ERROR] Failed to load resource: net::ERR_CONNECTION_REFUSED @ http://localhost:8765/_stcore/host-config:0
[ 3301982ms] [ERROR] Failed to load resource: net::ERR_CONNECTION_REFUSED @ http://localhost:8765/_stcore/health:0
[ 3301982ms] [ERROR] Client Error in reaching server endpoint - No response received when attempting to reach /_stcore/health @ http://localhost:8765/static/js/index.bE3scgDe.js:33
[ 3301983ms] [ERROR] Is Streamlit still running? If you accidentally stopped Streamlit, just restart it in your terminal: @ http://localhost:8765/static/js/index.bE3scgDe.js:38
[ 3302005ms] [ERROR] Failed to load resource: net::ERR_CONNECTION_REFUSED @ http://localhost:8765/_stcore/host-config:0
[ 3307243ms] [ERROR] Failed to load resource: net::ERR_CONNECTION_REFUSED @ http://localhost:8765/_stcore/health:0
[ 3307243ms] [ERROR] Client Error in reaching server endpoint - No response received when attempting to reach /_stcore/health @ http://localhost:8765/static/js/index.bE3scgDe.js:33
[ 3307243ms] [ERROR] Is Streamlit still running? If you accidentally stopped Streamlit, just restart it in your terminal: @ http://localhost:8765/static/js/index.bE3scgDe.js:38
[ 3307267ms] [ERROR] Failed to load resource: net::ERR_CONNECTION_REFUSED @ http://localhost:8765/_stcore/host-config:0
[ 3312546ms] [ERROR] Failed to load resource: net::ERR_CONNECTION_REFUSED @ http://localhost:8765/_stcore/health:0
[ 3312546ms] [ERROR] Client Error in reaching server endpoint - No response received when attempting to reach /_stcore/health @ http://localhost:8765/static/js/index.bE3scgDe.js:33
[ 3312546ms] [ERROR] Is Streamlit still running? If you accidentally stopped Streamlit, just restart it in your terminal: @ http://localhost:8765/static/js/index.bE3scgDe.js:38
[ 3312571ms] [ERROR] Failed to load resource: net::ERR_CONNECTION_REFUSED @ http://localhost:8765/_stcore/host-config:0
[ 3318798ms] [ERROR] Failed to load resource: net::ERR_CONNECTION_REFUSED @ http://localhost:8765/_stcore/health:0
[ 3318798ms] [ERROR] Client Error in reaching server endpoint - No response received when attempting to reach /_stcore/health @ http://localhost:8765/static/js/index.bE3scgDe.js:33
[ 3318799ms] [ERROR] Is Streamlit still running? If you accidentally stopped Streamlit, just restart it in your terminal: @ http://localhost:8765/static/js/index.bE3scgDe.js:38
[ 3318821ms] [ERROR] Failed to load resource: net::ERR_CONNECTION_REFUSED @ http://localhost:8765/_stcore/host-config:0
[ 3324847ms] [ERROR] Failed to load resource: net::ERR_CONNECTION_REFUSED @ http://localhost:8765/_stcore/health:0
[ 3324847ms] [ERROR] Client Error in reaching server endpoint - No response received when attempting to reach /_stcore/health @ http://localhost:8765/static/js/index.bE3scgDe.js:33
[ 3324847ms] [ERROR] Is Streamlit still running? If you accidentally stopped Streamlit, just restart it in your terminal: @ http://localhost:8765/static/js/index.bE3scgDe.js:38
[ 3324870ms] [ERROR] Failed to load resource: net::ERR_CONNECTION_REFUSED @ http://localhost:8765/_stcore/host-config:0
[ 3330759ms] [ERROR] Failed to load resource: net::ERR_CONNECTION_REFUSED @ http://localhost:8765/_stcore/health:0
[ 3330759ms] [ERROR] Client Error in reaching server endpoint - No response received when attempting to reach /_stcore/health @ http://localhost:8765/static/js/index.bE3scgDe.js:33
[ 3330759ms] [ERROR] Is Streamlit still running? If you accidentally stopped Streamlit, just restart it in your terminal: @ http://localhost:8765/static/js/index.bE3scgDe.js:38
[ 3330783ms] [ERROR] Failed to load resource: net::ERR_CONNECTION_REFUSED @ http://localhost:8765/_stcore/host-config:0
[ 3337029ms] [ERROR] Failed to load resource: net::ERR_CONNECTION_REFUSED @ http://localhost:8765/_stcore/health:0
[ 3337029ms] [ERROR] Client Error in reaching server endpoint - No response received when attempting to reach /_stcore/health @ http://localhost:8765/static/js/index.bE3scgDe.js:33
[ 3337029ms] [ERROR] Is Streamlit still running? If you accidentally stopped Streamlit, just restart it in your terminal: @ http://localhost:8765/static/js/index.bE3scgDe.js:38
[ 3337053ms] [ERROR] Failed to load resource: net::ERR_CONNECTION_REFUSED @ http://localhost:8765/_stcore/host-config:0
[ 3343083ms] [ERROR] Failed to load resource: net::ERR_CONNECTION_REFUSED @ http://localhost:8765/_stcore/health:0
[ 3343083ms] [ERROR] Client Error in reaching server endpoint - No response received when attempting to reach /_stcore/health @ http://localhost:8765/static/js/index.bE3scgDe.js:33
[ 3343083ms] [ERROR] Is Streamlit still running? If you accidentally stopped Streamlit, just restart it in your terminal: @ http://localhost:8765/static/js/index.bE3scgDe.js:38
[ 3343084ms] [ERROR] Failed to load resource: net::ERR_CONNECTION_REFUSED @ http://localhost:8765/_stcore/host-config:0
[ 3348900ms] [ERROR] Failed to load resource: net::ERR_CONNECTION_REFUSED @ http://localhost:8765/_stcore/health:0
[ 3348900ms] [ERROR] Client Error in reaching server endpoint - No response received when attempting to reach /_stcore/health @ http://localhost:8765/static/js/index.bE3scgDe.js:33
[ 3348901ms] [ERROR] Is Streamlit still running? If you accidentally stopped Streamlit, just restart it in your terminal: @ http://localhost:8765/static/js/index.bE3scgDe.js:38
[ 3348924ms] [ERROR] Failed to load resource: net::ERR_CONNECTION_REFUSED @ http://localhost:8765/_stcore/host-config:0
[ 3354280ms] [ERROR] Failed to load resource: net::ERR_CONNECTION_REFUSED @ http://localhost:8765/_stcore/health:0
[ 3354280ms] [ERROR] Client Error in reaching server endpoint - No response received when attempting to reach /_stcore/health @ http://localhost:8765/static/js/index.bE3scgDe.js:33
[ 3354280ms] [ERROR] Is Streamlit still running? If you accidentally stopped Streamlit, just restart it in your terminal: @ http://localhost:8765/static/js/index.bE3scgDe.js:38
[ 3354313ms] [ERROR] Failed to load resource: net::ERR_CONNECTION_REFUSED @ http://localhost:8765/_stcore/host-config:0
[ 3359859ms] [ERROR] Failed to load resource: net::ERR_CONNECTION_REFUSED @ http://localhost:8765/_stcore/health:0
[ 3359859ms] [ERROR] Client Error in reaching server endpoint - No response received when attempting to reach /_stcore/health @ http://localhost:8765/static/js/index.bE3scgDe.js:33
[ 3359859ms] [ERROR] Is Streamlit still running? If you accidentally stopped Streamlit, just restart it in your terminal: @ http://localhost:8765/static/js/index.bE3scgDe.js:38
[ 3359862ms] [ERROR] Failed to load resource: net::ERR_CONNECTION_REFUSED @ http://localhost:8765/_stcore/host-config:0
[ 3365301ms] [ERROR] Failed to load resource: net::ERR_CONNECTION_REFUSED @ http://localhost:8765/_stcore/health:0
[ 3365301ms] [ERROR] Client Error in reaching server endpoint - No response received when attempting to reach /_stcore/health @ http://localhost:8765/static/js/index.bE3scgDe.js:33
[ 3365301ms] [ERROR] Is Streamlit still running? If you accidentally stopped Streamlit, just restart it in your terminal: @ http://localhost:8765/static/js/index.bE3scgDe.js:38
[ 3365325ms] [ERROR] Failed to load resource: net::ERR_CONNECTION_REFUSED @ http://localhost:8765/_stcore/host-config:0
[ 3370945ms] [ERROR] Failed to load resource: net::ERR_CONNECTION_REFUSED @ http://localhost:8765/_stcore/health:0
[ 3370945ms] [ERROR] Client Error in reaching server endpoint - No response received when attempting to reach /_stcore/health @ http://localhost:8765/static/js/index.bE3scgDe.js:33
[ 3370945ms] [ERROR] Is Streamlit still running? If you accidentally stopped Streamlit, just restart it in your terminal: @ http://localhost:8765/static/js/index.bE3scgDe.js:38
[ 3370969ms] [ERROR] Failed to load resource: net::ERR_CONNECTION_REFUSED @ http://localhost:8765/_stcore/host-config:0
[ 3376856ms] [ERROR] Failed to load resource: net::ERR_CONNECTION_REFUSED @ http://localhost:8765/_stcore/health:0
[ 3376856ms] [ERROR] Client Error in reaching server endpoint - No response received when attempting to reach /_stcore/health @ http://localhost:8765/static/js/index.bE3scgDe.js:33
[ 3376856ms] [ERROR] Is Streamlit still running? If you accidentally stopped Streamlit, just restart it in your terminal: @ http://localhost:8765/static/js/index.bE3scgDe.js:38
[ 3376857ms] [ERROR] Failed to load resource: net::ERR_CONNECTION_REFUSED @ http://localhost:8765/_stcore/host-config:0
[ 3382076ms] [ERROR] Failed to load resource: net::ERR_CONNECTION_REFUSED @ http://localhost:8765/_stcore/health:0
[ 3382076ms] [ERROR] Client Error in reaching server endpoint - No response received when attempting to reach /_stcore/health @ http://localhost:8765/static/js/index.bE3scgDe.js:33
[ 3382076ms] [ERROR] Is Streamlit still running? If you accidentally stopped Streamlit, just restart it in your terminal: @ http://localhost:8765/static/js/index.bE3scgDe.js:38
[ 3382099ms] [ERROR] Failed to load resource: net::ERR_CONNECTION_REFUSED @ http://localhost:8765/_stcore/host-config:0
[ 3387473ms] [ERROR] Failed to load resource: net::ERR_CONNECTION_REFUSED @ http://localhost:8765/_stcore/health:0
[ 3387473ms] [ERROR] Client Error in reaching server endpoint - No response received when attempting to reach /_stcore/health @ http://localhost:8765/static/js/index.bE3scgDe.js:33
[ 3387473ms] [ERROR] Is Streamlit still running? If you accidentally stopped Streamlit, just restart it in your terminal: @ http://localhost:8765/static/js/index.bE3scgDe.js:38
[ 3387495ms] [ERROR] Failed to load resource: net::ERR_CONNECTION_REFUSED @ http://localhost:8765/_stcore/host-config:0
[ 3393255ms] [ERROR] Failed to load resource: net::ERR_CONNECTION_REFUSED @ http://localhost:8765/_stcore/health:0
[ 3393255ms] [ERROR] Client Error in reaching server endpoint - No response received when attempting to reach /_stcore/health @ http://localhost:8765/static/js/index.bE3scgDe.js:33
[ 3393256ms] [ERROR] Is Streamlit still running? If you accidentally stopped Streamlit, just restart it in your terminal: @ http://localhost:8765/static/js/index.bE3scgDe.js:38
[ 3393258ms] [ERROR] Failed to load resource: net::ERR_CONNECTION_REFUSED @ http://localhost:8765/_stcore/host-config:0
[ 3398541ms] [ERROR] Failed to load resource: net::ERR_CONNECTION_REFUSED @ http://localhost:8765/_stcore/health:0
[ 3398541ms] [ERROR] Client Error in reaching server endpoint - No response received when attempting to reach /_stcore/health @ http://localhost:8765/static/js/index.bE3scgDe.js:33
[ 3398541ms] [ERROR] Is Streamlit still running? If you accidentally stopped Streamlit, just restart it in your terminal: @ http://localhost:8765/static/js/index.bE3scgDe.js:38
[ 3398566ms] [ERROR] Failed to load resource: net::ERR_CONNECTION_REFUSED @ http://localhost:8765/_stcore/host-config:0
[ 3404325ms] [ERROR] Failed to load resource: net::ERR_CONNECTION_REFUSED @ http://localhost:8765/_stcore/health:0
[ 3404325ms] [ERROR] Client Error in reaching server endpoint - No response received when attempting to reach /_stcore/health @ http://localhost:8765/static/js/index.bE3scgDe.js:33
[ 3404325ms] [ERROR] Is Streamlit still running? If you accidentally stopped Streamlit, just restart it in your terminal: @ http://localhost:8765/static/js/index.bE3scgDe.js:38
[ 3404326ms] [ERROR] Failed to load resource: net::ERR_CONNECTION_REFUSED @ http://localhost:8765/_stcore/host-config:0
[ 3410007ms] [ERROR] Failed to load resource: net::ERR_CONNECTION_REFUSED @ http://localhost:8765/_stcore/health:0
[ 3410008ms] [ERROR] Client Error in reaching server endpoint - No response received when attempting to reach /_stcore/health @ http://localhost:8765/static/js/index.bE3scgDe.js:33
[ 3410008ms] [ERROR] Is Streamlit still running? If you accidentally stopped Streamlit, just restart it in your terminal: @ http://localhost:8765/static/js/index.bE3scgDe.js:38
[ 3410010ms] [ERROR] Failed to load resource: net::ERR_CONNECTION_REFUSED @ http://localhost:8765/_stcore/host-config:0
[ 3416070ms] [ERROR] Failed to load resource: net::ERR_CONNECTION_REFUSED @ http://localhost:8765/_stcore/health:0
[ 3416070ms] [ERROR] Client Error in reaching server endpoint - No response received when attempting to reach /_stcore/health @ http://localhost:8765/static/js/index.bE3scgDe.js:33
[ 3416070ms] [ERROR] Is Streamlit still running? If you accidentally stopped Streamlit, just restart it in your terminal: @ http://localhost:8765/static/js/index.bE3scgDe.js:38
[ 3416096ms] [ERROR] Failed to load resource: net::ERR_CONNECTION_REFUSED @ http://localhost:8765/_stcore/host-config:0
[ 3421721ms] [ERROR] Failed to load resource: net::ERR_CONNECTION_REFUSED @ http://localhost:8765/_stcore/health:0
[ 3421722ms] [ERROR] Client Error in reaching server endpoint - No response received when attempting to reach /_stcore/health @ http://localhost:8765/static/js/index.bE3scgDe.js:33
[ 3421722ms] [ERROR] Is Streamlit still running? If you accidentally stopped Streamlit, just restart it in your terminal: @ http://localhost:8765/static/js/index.bE3scgDe.js:38
[ 3421724ms] [ERROR] Failed to load resource: net::ERR_CONNECTION_REFUSED @ http://localhost:8765/_stcore/host-config:0
[ 3427737ms] [ERROR] Failed to load resource: net::ERR_CONNECTION_REFUSED @ http://localhost:8765/_stcore/health:0
[ 3427737ms] [ERROR] Client Error in reaching server endpoint - No response received when attempting to reach /_stcore/health @ http://localhost:8765/static/js/index.bE3scgDe.js:33
[ 3427737ms] [ERROR] Is Streamlit still running? If you accidentally stopped Streamlit, just restart it in your terminal: @ http://localhost:8765/static/js/index.bE3scgDe.js:38
[ 3427764ms] [ERROR] Failed to load resource: net::ERR_CONNECTION_REFUSED @ http://localhost:8765/_stcore/host-config:0
[ 3433728ms] [ERROR] Failed to load resource: net::ERR_CONNECTION_REFUSED @ http://localhost:8765/_stcore/health:0
[ 3433728ms] [ERROR] Client Error in reaching server endpoint - No response received when attempting to reach /_stcore/health @ http://localhost:8765/static/js/index.bE3scgDe.js:33
[ 3433728ms] [ERROR] Is Streamlit still running? If you accidentally stopped Streamlit, just restart it in your terminal: @ http://localhost:8765/static/js/index.bE3scgDe.js:38
[ 3433730ms] [ERROR] Failed to load resource: net::ERR_CONNECTION_REFUSED @ http://localhost:8765/_stcore/host-config:0
[ 3439010ms] [ERROR] Failed to load resource: net::ERR_CONNECTION_REFUSED @ http://localhost:8765/_stcore/health:0
[ 3439010ms] [ERROR] Client Error in reaching server endpoint - No response received when attempting to reach /_stcore/health @ http://localhost:8765/static/js/index.bE3scgDe.js:33
[ 3439011ms] [ERROR] Is Streamlit still running? If you accidentally stopped Streamlit, just restart it in your terminal: @ http://localhost:8765/static/js/index.bE3scgDe.js:38
[ 3439011ms] [ERROR] Failed to load resource: net::ERR_CONNECTION_REFUSED @ http://localhost:8765/_stcore/host-config:0
[ 3444451ms] [ERROR] Failed to load resource: net::ERR_CONNECTION_REFUSED @ http://localhost:8765/_stcore/health:0
[ 3444452ms] [ERROR] Client Error in reaching server endpoint - No response received when attempting to reach /_stcore/health @ http://localhost:8765/static/js/index.bE3scgDe.js:33
[ 3444452ms] [ERROR] Is Streamlit still running? If you accidentally stopped Streamlit, just restart it in your terminal: @ http://localhost:8765/static/js/index.bE3scgDe.js:38
[ 3444454ms] [ERROR] Failed to load resource: net::ERR_CONNECTION_REFUSED @ http://localhost:8765/_stcore/host-config:0
[ 3449891ms] [ERROR] Failed to load resource: net::ERR_CONNECTION_REFUSED @ http://localhost:8765/_stcore/health:0
[ 3449891ms] [ERROR] Client Error in reaching server endpoint - No response received when attempting to reach /_stcore/health @ http://localhost:8765/static/js/index.bE3scgDe.js:33
[ 3449891ms] [ERROR] Is Streamlit still running? If you accidentally stopped Streamlit, just restart it in your terminal: @ http://localhost:8765/static/js/index.bE3scgDe.js:38
[ 3449916ms] [ERROR] Failed to load resource: net::ERR_CONNECTION_REFUSED @ http://localhost:8765/_stcore/host-config:0
[ 3455222ms] [ERROR] Failed to load resource: net::ERR_CONNECTION_REFUSED @ http://localhost:8765/_stcore/health:0
[ 3455222ms] [ERROR] Client Error in reaching server endpoint - No response received when attempting to reach /_stcore/health @ http://localhost:8765/static/js/index.bE3scgDe.js:33
[ 3455222ms] [ERROR] Is Streamlit still running? If you accidentally stopped Streamlit, just restart it in your terminal: @ http://localhost:8765/static/js/index.bE3scgDe.js:38
[ 3455225ms] [ERROR] Failed to load resource: net::ERR_CONNECTION_REFUSED @ http://localhost:8765/_stcore/host-config:0
[ 3461420ms] [ERROR] Failed to load resource: net::ERR_CONNECTION_REFUSED @ http://localhost:8765/_stcore/health:0
[ 3461420ms] [ERROR] Client Error in reaching server endpoint - No response received when attempting to reach /_stcore/health @ http://localhost:8765/static/js/index.bE3scgDe.js:33
[ 3461421ms] [ERROR] Is Streamlit still running? If you accidentally stopped Streamlit, just restart it in your terminal: @ http://localhost:8765/static/js/index.bE3scgDe.js:38
[ 3461423ms] [ERROR] Failed to load resource: net::ERR_CONNECTION_REFUSED @ http://localhost:8765/_stcore/host-config:0
[ 3467768ms] [ERROR] Failed to load resource: net::ERR_CONNECTION_REFUSED @ http://localhost:8765/_stcore/health:0
[ 3467768ms] [ERROR] Client Error in reaching server endpoint - No response received when attempting to reach /_stcore/health @ http://localhost:8765/static/js/index.bE3scgDe.js:33
[ 3467769ms] [ERROR] Is Streamlit still running? If you accidentally stopped Streamlit, just restart it in your terminal: @ http://localhost:8765/static/js/index.bE3scgDe.js:38
[ 3467791ms] [ERROR] Failed to load resource: net::ERR_CONNECTION_REFUSED @ http://localhost:8765/_stcore/host-config:0
[ 3473666ms] [ERROR] Failed to load resource: net::ERR_CONNECTION_REFUSED @ http://localhost:8765/_stcore/health:0
[ 3473666ms] [ERROR] Client Error in reaching server endpoint - No response received when attempting to reach /_stcore/health @ http://localhost:8765/static/js/index.bE3scgDe.js:33
[ 3473667ms] [ERROR] Is Streamlit still running? If you accidentally stopped Streamlit, just restart it in your terminal: @ http://localhost:8765/static/js/index.bE3scgDe.js:38
[ 3473692ms] [ERROR] Failed to load resource: net::ERR_CONNECTION_REFUSED @ http://localhost:8765/_stcore/host-config:0
[ 3478935ms] [ERROR] Failed to load resource: net::ERR_CONNECTION_REFUSED @ http://localhost:8765/_stcore/health:0
[ 3478935ms] [ERROR] Client Error in reaching server endpoint - No response received when attempting to reach /_stcore/health @ http://localhost:8765/static/js/index.bE3scgDe.js:33
[ 3478935ms] [ERROR] Is Streamlit still running? If you accidentally stopped Streamlit, just restart it in your terminal: @ http://localhost:8765/static/js/index.bE3scgDe.js:38
[ 3478959ms] [ERROR] Failed to load resource: net::ERR_CONNECTION_REFUSED @ http://localhost:8765/_stcore/host-config:0
[ 3484282ms] [ERROR] Failed to load resource: net::ERR_CONNECTION_REFUSED @ http://localhost:8765/_stcore/health:0
[ 3484282ms] [ERROR] Client Error in reaching server endpoint - No response received when attempting to reach /_stcore/health @ http://localhost:8765/static/js/index.bE3scgDe.js:33
[ 3484283ms] [ERROR] Is Streamlit still running? If you accidentally stopped Streamlit, just restart it in your terminal: @ http://localhost:8765/static/js/index.bE3scgDe.js:38
[ 3484285ms] [ERROR] Failed to load resource: net::ERR_CONNECTION_REFUSED @ http://localhost:8765/_stcore/host-config:0
[ 3490235ms] [ERROR] Failed to load resource: net::ERR_CONNECTION_REFUSED @ http://localhost:8765/_stcore/health:0
[ 3490235ms] [ERROR] Client Error in reaching server endpoint - No response received when attempting to reach /_stcore/health @ http://localhost:8765/static/js/index.bE3scgDe.js:33
[ 3490236ms] [ERROR] Is Streamlit still running? If you accidentally stopped Streamlit, just restart it in your terminal: @ http://localhost:8765/static/js/index.bE3scgDe.js:38
[ 3490258ms] [ERROR] Failed to load resource: net::ERR_CONNECTION_REFUSED @ http://localhost:8765/_stcore/host-config:0
[ 3496069ms] [ERROR] Failed to load resource: net::ERR_CONNECTION_REFUSED @ http://localhost:8765/_stcore/health:0
[ 3496069ms] [ERROR] Client Error in reaching server endpoint - No response received when attempting to reach /_stcore/health @ http://localhost:8765/static/js/index.bE3scgDe.js:33
[ 3496070ms] [ERROR] Is Streamlit still running? If you accidentally stopped Streamlit, just restart it in your terminal: @ http://localhost:8765/static/js/index.bE3scgDe.js:38
[ 3496091ms] [ERROR] Failed to load resource: net::ERR_CONNECTION_REFUSED @ http://localhost:8765/_stcore/host-config:0
[ 3501574ms] [ERROR] Failed to load resource: net::ERR_CONNECTION_REFUSED @ http://localhost:8765/_stcore/health:0
[ 3501574ms] [ERROR] Client Error in reaching server endpoint - No response received when attempting to reach /_stcore/health @ http://localhost:8765/static/js/index.bE3scgDe.js:33
[ 3501574ms] [ERROR] Is Streamlit still running? If you accidentally stopped Streamlit, just restart it in your terminal: @ http://localhost:8765/static/js/index.bE3scgDe.js:38
[ 3501597ms] [ERROR] Failed to load resource: net::ERR_CONNECTION_REFUSED @ http://localhost:8765/_stcore/host-config:0
[ 3507671ms] [ERROR] Failed to load resource: net::ERR_CONNECTION_REFUSED @ http://localhost:8765/_stcore/health:0
[ 3507671ms] [ERROR] Client Error in reaching server endpoint - No response received when attempting to reach /_stcore/health @ http://localhost:8765/static/js/index.bE3scgDe.js:33
[ 3507671ms] [ERROR] Is Streamlit still running? If you accidentally stopped Streamlit, just restart it in your terminal: @ http://localhost:8765/static/js/index.bE3scgDe.js:38
[ 3507695ms] [ERROR] Failed to load resource: net::ERR_CONNECTION_REFUSED @ http://localhost:8765/_stcore/host-config:0
[ 3513754ms] [ERROR] Failed to load resource: net::ERR_CONNECTION_REFUSED @ http://localhost:8765/_stcore/health:0
[ 3513754ms] [ERROR] Client Error in reaching server endpoint - No response received when attempting to reach /_stcore/health @ http://localhost:8765/static/js/index.bE3scgDe.js:33
[ 3513755ms] [ERROR] Is Streamlit still running? If you accidentally stopped Streamlit, just restart it in your terminal: @ http://localhost:8765/static/js/index.bE3scgDe.js:38
[ 3513778ms] [ERROR] Failed to load resource: net::ERR_CONNECTION_REFUSED @ http://localhost:8765/_stcore/host-config:0
[ 3519729ms] [ERROR] Failed to load resource: net::ERR_CONNECTION_REFUSED @ http://localhost:8765/_stcore/health:0
[ 3519730ms] [ERROR] Client Error in reaching server endpoint - No response received when attempting to reach /_stcore/health @ http://localhost:8765/static/js/index.bE3scgDe.js:33
[ 3519730ms] [ERROR] Is Streamlit still running? If you accidentally stopped Streamlit, just restart it in your terminal: @ http://localhost:8765/static/js/index.bE3scgDe.js:38
[ 3519757ms] [ERROR] Failed to load resource: net::ERR_CONNECTION_REFUSED @ http://localhost:8765/_stcore/host-config:0
[ 3526018ms] [ERROR] Failed to load resource: net::ERR_CONNECTION_REFUSED @ http://localhost:8765/_stcore/health:0
[ 3526019ms] [ERROR] Client Error in reaching server endpoint - No response received when attempting to reach /_stcore/health @ http://localhost:8765/static/js/index.bE3scgDe.js:33
[ 3526019ms] [ERROR] Is Streamlit still running? If you accidentally stopped Streamlit, just restart it in your terminal: @ http://localhost:8765/static/js/index.bE3scgDe.js:38
[ 3526021ms] [ERROR] Failed to load resource: net::ERR_CONNECTION_REFUSED @ http://localhost:8765/_stcore/host-config:0
[ 3531519ms] [ERROR] Failed to load resource: net::ERR_CONNECTION_REFUSED @ http://localhost:8765/_stcore/health:0
[ 3531519ms] [ERROR] Client Error in reaching server endpoint - No response received when attempting to reach /_stcore/health @ http://localhost:8765/static/js/index.bE3scgDe.js:33
[ 3531519ms] [ERROR] Is Streamlit still running? If you accidentally stopped Streamlit, just restart it in your terminal: @ http://localhost:8765/static/js/index.bE3scgDe.js:38
[ 3531545ms] [ERROR] Failed to load resource: net::ERR_CONNECTION_REFUSED @ http://localhost:8765/_stcore/host-config:0
[ 3537492ms] [ERROR] Failed to load resource: net::ERR_CONNECTION_REFUSED @ http://localhost:8765/_stcore/health:0
[ 3537493ms] [ERROR] Client Error in reaching server endpoint - No response received when attempting to reach /_stcore/health @ http://localhost:8765/static/js/index.bE3scgDe.js:33
[ 3537493ms] [ERROR] Is Streamlit still running? If you accidentally stopped Streamlit, just restart it in your terminal: @ http://localhost:8765/static/js/index.bE3scgDe.js:38
[ 3537495ms] [ERROR] Failed to load resource: net::ERR_CONNECTION_REFUSED @ http://localhost:8765/_stcore/host-config:0
[ 3542889ms] [ERROR] Failed to load resource: net::ERR_CONNECTION_REFUSED @ http://localhost:8765/_stcore/health:0
[ 3542889ms] [ERROR] Client Error in reaching server endpoint - No response received when attempting to reach /_stcore/health @ http://localhost:8765/static/js/index.bE3scgDe.js:33
[ 3542889ms] [ERROR] Is Streamlit still running? If you accidentally stopped Streamlit, just restart it in your terminal: @ http://localhost:8765/static/js/index.bE3scgDe.js:38
[ 3542913ms] [ERROR] Failed to load resource: net::ERR_CONNECTION_REFUSED @ http://localhost:8765/_stcore/host-config:0
[ 3548627ms] [ERROR] Failed to load resource: net::ERR_CONNECTION_REFUSED @ http://localhost:8765/_stcore/health:0
[ 3548628ms] [ERROR] Client Error in reaching server endpoint - No response received when attempting to reach /_stcore/health @ http://localhost:8765/static/js/index.bE3scgDe.js:33
[ 3548628ms] [ERROR] Is Streamlit still running? If you accidentally stopped Streamlit, just restart it in your terminal: @ http://localhost:8765/static/js/index.bE3scgDe.js:38
[ 3548652ms] [ERROR] Failed to load resource: net::ERR_CONNECTION_REFUSED @ http://localhost:8765/_stcore/host-config:0
[ 3554852ms] [ERROR] Failed to load resource: net::ERR_CONNECTION_REFUSED @ http://localhost:8765/_stcore/health:0
[ 3554852ms] [ERROR] Client Error in reaching server endpoint - No response received when attempting to reach /_stcore/health @ http://localhost:8765/static/js/index.bE3scgDe.js:33
[ 3554852ms] [ERROR] Is Streamlit still running? If you accidentally stopped Streamlit, just restart it in your terminal: @ http://localhost:8765/static/js/index.bE3scgDe.js:38
[ 3554874ms] [ERROR] Failed to load resource: net::ERR_CONNECTION_REFUSED @ http://localhost:8765/_stcore/host-config:0
[ 3560625ms] [ERROR] Failed to load resource: net::ERR_CONNECTION_REFUSED @ http://localhost:8765/_stcore/health:0
[ 3560625ms] [ERROR] Client Error in reaching server endpoint - No response received when attempting to reach /_stcore/health @ http://localhost:8765/static/js/index.bE3scgDe.js:33
[ 3560626ms] [ERROR] Is Streamlit still running? If you accidentally stopped Streamlit, just restart it in your terminal: @ http://localhost:8765/static/js/index.bE3scgDe.js:38
[ 3560648ms] [ERROR] Failed to load resource: net::ERR_CONNECTION_REFUSED @ http://localhost:8765/_stcore/host-config:0
[ 3566769ms] [ERROR] Failed to load resource: net::ERR_CONNECTION_REFUSED @ http://localhost:8765/_stcore/health:0
[ 3566769ms] [ERROR] Client Error in reaching server endpoint - No response received when attempting to reach /_stcore/health @ http://localhost:8765/static/js/index.bE3scgDe.js:33
[ 3566769ms] [ERROR] Is Streamlit still running? If you accidentally stopped Streamlit, just restart it in your terminal: @ http://localhost:8765/static/js/index.bE3scgDe.js:38
[ 3566794ms] [ERROR] Failed to load resource: net::ERR_CONNECTION_REFUSED @ http://localhost:8765/_stcore/host-config:0
[ 3572571ms] [ERROR] Failed to load resource: net::ERR_CONNECTION_REFUSED @ http://localhost:8765/_stcore/health:0
[ 3572571ms] [ERROR] Client Error in reaching server endpoint - No response received when attempting to reach /_stcore/health @ http://localhost:8765/static/js/index.bE3scgDe.js:33
[ 3572572ms] [ERROR] Is Streamlit still running? If you accidentally stopped Streamlit, just restart it in your terminal: @ http://localhost:8765/static/js/index.bE3scgDe.js:38
[ 3572595ms] [ERROR] Failed to load resource: net::ERR_CONNECTION_REFUSED @ http://localhost:8765/_stcore/host-config:0
[ 3578715ms] [ERROR] Failed to load resource: net::ERR_CONNECTION_REFUSED @ http://localhost:8765/_stcore/health:0
[ 3578716ms] [ERROR] Client Error in reaching server endpoint - No response received when attempting to reach /_stcore/health @ http://localhost:8765/static/js/index.bE3scgDe.js:33
[ 3578716ms] [ERROR] Is Streamlit still running? If you accidentally stopped Streamlit, just restart it in your terminal: @ http://localhost:8765/static/js/index.bE3scgDe.js:38
[ 3578739ms] [ERROR] Failed to load resource: net::ERR_CONNECTION_REFUSED @ http://localhost:8765/_stcore/host-config:0
[ 3584396ms] [ERROR] Failed to load resource: net::ERR_CONNECTION_REFUSED @ http://localhost:8765/_stcore/health:0
[ 3584396ms] [ERROR] Client Error in reaching server endpoint - No response received when attempting to reach /_stcore/health @ http://localhost:8765/static/js/index.bE3scgDe.js:33
[ 3584396ms] [ERROR] Is Streamlit still running? If you accidentally stopped Streamlit, just restart it in your terminal: @ http://localhost:8765/static/js/index.bE3scgDe.js:38
[ 3584418ms] [ERROR] Failed to load resource: net::ERR_CONNECTION_REFUSED @ http://localhost:8765/_stcore/host-config:0
[ 3590430ms] [ERROR] Failed to load resource: net::ERR_CONNECTION_REFUSED @ http://localhost:8765/_stcore/health:0
[ 3590430ms] [ERROR] Client Error in reaching server endpoint - No response received when attempting to reach /_stcore/health @ http://localhost:8765/static/js/index.bE3scgDe.js:33
[ 3590430ms] [ERROR] Is Streamlit still running? If you accidentally stopped Streamlit, just restart it in your terminal: @ http://localhost:8765/static/js/index.bE3scgDe.js:38
[ 3590452ms] [ERROR] Failed to load resource: net::ERR_CONNECTION_REFUSED @ http://localhost:8765/_stcore/host-config:0
[ 3596150ms] [ERROR] Failed to load resource: net::ERR_CONNECTION_REFUSED @ http://localhost:8765/_stcore/health:0
[ 3596150ms] [ERROR] Client Error in reaching server endpoint - No response received when attempting to reach /_stcore/health @ http://localhost:8765/static/js/index.bE3scgDe.js:33
[ 3596151ms] [ERROR] Is Streamlit still running? If you accidentally stopped Streamlit, just restart it in your terminal: @ http://localhost:8765/static/js/index.bE3scgDe.js:38
[ 3596173ms] [ERROR] Failed to load resource: net::ERR_CONNECTION_REFUSED @ http://localhost:8765/_stcore/host-config:0
[ 3601688ms] [ERROR] Failed to load resource: net::ERR_CONNECTION_REFUSED @ http://localhost:8765/_stcore/health:0
[ 3601688ms] [ERROR] Client Error in reaching server endpoint - No response received when attempting to reach /_stcore/health @ http://localhost:8765/static/js/index.bE3scgDe.js:33
[ 3601689ms] [ERROR] Is Streamlit still running? If you accidentally stopped Streamlit, just restart it in your terminal: @ http://localhost:8765/static/js/index.bE3scgDe.js:38
[ 3601712ms] [ERROR] Failed to load resource: net::ERR_CONNECTION_REFUSED @ http://localhost:8765/_stcore/host-config:0
[ 3607504ms] [ERROR] Failed to load resource: net::ERR_CONNECTION_REFUSED @ http://localhost:8765/_stcore/health:0
[ 3607505ms] [ERROR] Client Error in reaching server endpoint - No response received when attempting to reach /_stcore/health @ http://localhost:8765/static/js/index.bE3scgDe.js:33
[ 3607505ms] [ERROR] Is Streamlit still running? If you accidentally stopped Streamlit, just restart it in your terminal: @ http://localhost:8765/static/js/index.bE3scgDe.js:38
[ 3607507ms] [ERROR] Failed to load resource: net::ERR_CONNECTION_REFUSED @ http://localhost:8765/_stcore/host-config:0
[ 3612931ms] [ERROR] Failed to load resource: net::ERR_CONNECTION_REFUSED @ http://localhost:8765/_stcore/health:0
[ 3612931ms] [ERROR] Client Error in reaching server endpoint - No response received when attempting to reach /_stcore/health @ http://localhost:8765/static/js/index.bE3scgDe.js:33
[ 3612931ms] [ERROR] Is Streamlit still running? If you accidentally stopped Streamlit, just restart it in your terminal: @ http://localhost:8765/static/js/index.bE3scgDe.js:38
[ 3612933ms] [ERROR] Failed to load resource: net::ERR_CONNECTION_REFUSED @ http://localhost:8765/_stcore/host-config:0
[ 3618311ms] [ERROR] Failed to load resource: net::ERR_CONNECTION_REFUSED @ http://localhost:8765/_stcore/health:0
[ 3618311ms] [ERROR] Client Error in reaching server endpoint - No response received when attempting to reach /_stcore/health @ http://localhost:8765/static/js/index.bE3scgDe.js:33
[ 3618311ms] [ERROR] Is Streamlit still running? If you accidentally stopped Streamlit, just restart it in your terminal: @ http://localhost:8765/static/js/index.bE3scgDe.js:38
[ 3618312ms] [ERROR] Failed to load resource: net::ERR_CONNECTION_REFUSED @ http://localhost:8765/_stcore/host-config:0
[ 3623687ms] [ERROR] Failed to load resource: net::ERR_CONNECTION_REFUSED @ http://localhost:8765/_stcore/health:0
[ 3623687ms] [ERROR] Client Error in reaching server endpoint - No response received when attempting to reach /_stcore/health @ http://localhost:8765/static/js/index.bE3scgDe.js:33
[ 3623687ms] [ERROR] Is Streamlit still running? If you accidentally stopped Streamlit, just restart it in your terminal: @ http://localhost:8765/static/js/index.bE3scgDe.js:38
[ 3623710ms] [ERROR] Failed to load resource: net::ERR_CONNECTION_REFUSED @ http://localhost:8765/_stcore/host-config:0
[ 3629423ms] [ERROR] Failed to load resource: net::ERR_CONNECTION_REFUSED @ http://localhost:8765/_stcore/health:0
[ 3629424ms] [ERROR] Client Error in reaching server endpoint - No response received when attempting to reach /_stcore/health @ http://localhost:8765/static/js/index.bE3scgDe.js:33
[ 3629424ms] [ERROR] Is Streamlit still running? If you accidentally stopped Streamlit, just restart it in your terminal: @ http://localhost:8765/static/js/index.bE3scgDe.js:38
[ 3629424ms] [ERROR] Failed to load resource: net::ERR_CONNECTION_REFUSED @ http://localhost:8765/_stcore/host-config:0
[ 3635443ms] [ERROR] Failed to load resource: net::ERR_CONNECTION_REFUSED @ http://localhost:8765/_stcore/health:0
[ 3635443ms] [ERROR] Client Error in reaching server endpoint - No response received when attempting to reach /_stcore/health @ http://localhost:8765/static/js/index.bE3scgDe.js:33
[ 3635444ms] [ERROR] Is Streamlit still running? If you accidentally stopped Streamlit, just restart it in your terminal: @ http://localhost:8765/static/js/index.bE3scgDe.js:38
[ 3635468ms] [ERROR] Failed to load resource: net::ERR_CONNECTION_REFUSED @ http://localhost:8765/_stcore/host-config:0
[ 3641293ms] [ERROR] Failed to load resource: net::ERR_CONNECTION_REFUSED @ http://localhost:8765/_stcore/health:0
[ 3641293ms] [ERROR] Client Error in reaching server endpoint - No response received when attempting to reach /_stcore/health @ http://localhost:8765/static/js/index.bE3scgDe.js:33
[ 3641293ms] [ERROR] Is Streamlit still running? If you accidentally stopped Streamlit, just restart it in your terminal: @ http://localhost:8765/static/js/index.bE3scgDe.js:38
[ 3641295ms] [ERROR] Failed to load resource: net::ERR_CONNECTION_REFUSED @ http://localhost:8765/_stcore/host-config:0
[ 3647313ms] [ERROR] Failed to load resource: net::ERR_CONNECTION_REFUSED @ http://localhost:8765/_stcore/health:0
[ 3647313ms] [ERROR] Client Error in reaching server endpoint - No response received when attempting to reach /_stcore/health @ http://localhost:8765/static/js/index.bE3scgDe.js:33
[ 3647314ms] [ERROR] Is Streamlit still running? If you accidentally stopped Streamlit, just restart it in your terminal: @ http://localhost:8765/static/js/index.bE3scgDe.js:38
[ 3647316ms] [ERROR] Failed to load resource: net::ERR_CONNECTION_REFUSED @ http://localhost:8765/_stcore/host-config:0
[ 3653102ms] [ERROR] Failed to load resource: net::ERR_CONNECTION_REFUSED @ http://localhost:8765/_stcore/health:0
[ 3653102ms] [ERROR] Client Error in reaching server endpoint - No response received when attempting to reach /_stcore/health @ http://localhost:8765/static/js/index.bE3scgDe.js:33
[ 3653102ms] [ERROR] Is Streamlit still running? If you accidentally stopped Streamlit, just restart it in your terminal: @ http://localhost:8765/static/js/index.bE3scgDe.js:38
[ 3653104ms] [ERROR] Failed to load resource: net::ERR_CONNECTION_REFUSED @ http://localhost:8765/_stcore/host-config:0
[ 3659373ms] [ERROR] Failed to load resource: net::ERR_CONNECTION_REFUSED @ http://localhost:8765/_stcore/health:0
[ 3659373ms] [ERROR] Client Error in reaching server endpoint - No response received when attempting to reach /_stcore/health @ http://localhost:8765/static/js/index.bE3scgDe.js:33
[ 3659373ms] [ERROR] Is Streamlit still running? If you accidentally stopped Streamlit, just restart it in your terminal: @ http://localhost:8765/static/js/index.bE3scgDe.js:38
[ 3659375ms] [ERROR] Failed to load resource: net::ERR_CONNECTION_REFUSED @ http://localhost:8765/_stcore/host-config:0
[ 3664861ms] [ERROR] Failed to load resource: net::ERR_CONNECTION_REFUSED @ http://localhost:8765/_stcore/health:0
[ 3664861ms] [ERROR] Client Error in reaching server endpoint - No response received when attempting to reach /_stcore/health @ http://localhost:8765/static/js/index.bE3scgDe.js:33
[ 3664862ms] [ERROR] Is Streamlit still running? If you accidentally stopped Streamlit, just restart it in your terminal: @ http://localhost:8765/static/js/index.bE3scgDe.js:38
[ 3664883ms] [ERROR] Failed to load resource: net::ERR_CONNECTION_REFUSED @ http://localhost:8765/_stcore/host-config:0
[ 3670884ms] [ERROR] Failed to load resource: net::ERR_CONNECTION_REFUSED @ http://localhost:8765/_stcore/health:0
[ 3670884ms] [ERROR] Client Error in reaching server endpoint - No response received when attempting to reach /_stcore/health @ http://localhost:8765/static/js/index.bE3scgDe.js:33
[ 3670884ms] [ERROR] Is Streamlit still running? If you accidentally stopped Streamlit, just restart it in your terminal: @ http://localhost:8765/static/js/index.bE3scgDe.js:38
[ 3670905ms] [ERROR] Failed to load resource: net::ERR_CONNECTION_REFUSED @ http://localhost:8765/_stcore/host-config:0
[ 3676415ms] [ERROR] Failed to load resource: net::ERR_CONNECTION_REFUSED @ http://localhost:8765/_stcore/health:0
[ 3676415ms] [ERROR] Client Error in reaching server endpoint - No response received when attempting to reach /_stcore/health @ http://localhost:8765/static/js/index.bE3scgDe.js:33
[ 3676415ms] [ERROR] Is Streamlit still running? If you accidentally stopped Streamlit, just restart it in your terminal: @ http://localhost:8765/static/js/index.bE3scgDe.js:38
[ 3676439ms] [ERROR] Failed to load resource: net::ERR_CONNECTION_REFUSED @ http://localhost:8765/_stcore/host-config:0
[ 3682703ms] [ERROR] Failed to load resource: net::ERR_CONNECTION_REFUSED @ http://localhost:8765/_stcore/health:0
[ 3682703ms] [ERROR] Client Error in reaching server endpoint - No response received when attempting to reach /_stcore/health @ http://localhost:8765/static/js/index.bE3scgDe.js:33
[ 3682704ms] [ERROR] Is Streamlit still running? If you accidentally stopped Streamlit, just restart it in your terminal: @ http://localhost:8765/static/js/index.bE3scgDe.js:38
[ 3682727ms] [ERROR] Failed to load resource: net::ERR_CONNECTION_REFUSED @ http://localhost:8765/_stcore/host-config:0
[ 3688599ms] [ERROR] Failed to load resource: net::ERR_CONNECTION_REFUSED @ http://localhost:8765/_stcore/health:0
[ 3688599ms] [ERROR] Client Error in reaching server endpoint - No response received when attempting to reach /_stcore/health @ http://localhost:8765/static/js/index.bE3scgDe.js:33
[ 3688599ms] [ERROR] Is Streamlit still running? If you accidentally stopped Streamlit, just restart it in your terminal: @ http://localhost:8765/static/js/index.bE3scgDe.js:38
[ 3688623ms] [ERROR] Failed to load resource: net::ERR_CONNECTION_REFUSED @ http://localhost:8765/_stcore/host-config:0
[ 3694920ms] [ERROR] Failed to load resource: net::ERR_CONNECTION_REFUSED @ http://localhost:8765/_stcore/health:0
[ 3694920ms] [ERROR] Client Error in reaching server endpoint - No response received when attempting to reach /_stcore/health @ http://localhost:8765/static/js/index.bE3scgDe.js:33
[ 3694920ms] [ERROR] Is Streamlit still running? If you accidentally stopped Streamlit, just restart it in your terminal: @ http://localhost:8765/static/js/index.bE3scgDe.js:38
[ 3694922ms] [ERROR] Failed to load resource: net::ERR_CONNECTION_REFUSED @ http://localhost:8765/_stcore/host-config:0
[ 3700091ms] [ERROR] Failed to load resource: net::ERR_CONNECTION_REFUSED @ http://localhost:8765/_stcore/health:0
[ 3700091ms] [ERROR] Client Error in reaching server endpoint - No response received when attempting to reach /_stcore/health @ http://localhost:8765/static/js/index.bE3scgDe.js:33
[ 3700091ms] [ERROR] Is Streamlit still running? If you accidentally stopped Streamlit, just restart it in your terminal: @ http://localhost:8765/static/js/index.bE3scgDe.js:38
[ 3700093ms] [ERROR] Failed to load resource: net::ERR_CONNECTION_REFUSED @ http://localhost:8765/_stcore/host-config:0
[ 3706272ms] [ERROR] Failed to load resource: net::ERR_CONNECTION_REFUSED @ http://localhost:8765/_stcore/health:0
[ 3706272ms] [ERROR] Client Error in reaching server endpoint - No response received when attempting to reach /_stcore/health @ http://localhost:8765/static/js/index.bE3scgDe.js:33
[ 3706272ms] [ERROR] Is Streamlit still running? If you accidentally stopped Streamlit, just restart it in your terminal: @ http://localhost:8765/static/js/index.bE3scgDe.js:38
[ 3706274ms] [ERROR] Failed to load resource: net::ERR_CONNECTION_REFUSED @ http://localhost:8765/_stcore/host-config:0
[ 3711674ms] [ERROR] Failed to load resource: net::ERR_CONNECTION_REFUSED @ http://localhost:8765/_stcore/health:0
[ 3711674ms] [ERROR] Client Error in reaching server endpoint - No response received when attempting to reach /_stcore/health @ http://localhost:8765/static/js/index.bE3scgDe.js:33
[ 3711675ms] [ERROR] Is Streamlit still running? If you accidentally stopped Streamlit, just restart it in your terminal: @ http://localhost:8765/static/js/index.bE3scgDe.js:38
[ 3711700ms] [ERROR] Failed to load resource: net::ERR_CONNECTION_REFUSED @ http://localhost:8765/_stcore/host-config:0
[ 3717527ms] [ERROR] Failed to load resource: net::ERR_CONNECTION_REFUSED @ http://localhost:8765/_stcore/health:0
[ 3717527ms] [ERROR] Client Error in reaching server endpoint - No response received when attempting to reach /_stcore/health @ http://localhost:8765/static/js/index.bE3scgDe.js:33
[ 3717527ms] [ERROR] Is Streamlit still running? If you accidentally stopped Streamlit, just restart it in your terminal: @ http://localhost:8765/static/js/index.bE3scgDe.js:38
[ 3717551ms] [ERROR] Failed to load resource: net::ERR_CONNECTION_REFUSED @ http://localhost:8765/_stcore/host-config:0
[ 3723516ms] [ERROR] Failed to load resource: net::ERR_CONNECTION_REFUSED @ http://localhost:8765/_stcore/health:0
[ 3723517ms] [ERROR] Client Error in reaching server endpoint - No response received when attempting to reach /_stcore/health @ http://localhost:8765/static/js/index.bE3scgDe.js:33
[ 3723517ms] [ERROR] Is Streamlit still running? If you accidentally stopped Streamlit, just restart it in your terminal: @ http://localhost:8765/static/js/index.bE3scgDe.js:38
[ 3723519ms] [ERROR] Failed to load resource: net::ERR_CONNECTION_REFUSED @ http://localhost:8765/_stcore/host-config:0
[ 3729525ms] [ERROR] Failed to load resource: net::ERR_CONNECTION_REFUSED @ http://localhost:8765/_stcore/health:0
[ 3729525ms] [ERROR] Client Error in reaching server endpoint - No response received when attempting to reach /_stcore/health @ http://localhost:8765/static/js/index.bE3scgDe.js:33
[ 3729526ms] [ERROR] Is Streamlit still running? If you accidentally stopped Streamlit, just restart it in your terminal: @ http://localhost:8765/static/js/index.bE3scgDe.js:38
[ 3729527ms] [ERROR] Failed to load resource: net::ERR_CONNECTION_REFUSED @ http://localhost:8765/_stcore/host-config:0
[ 3735262ms] [ERROR] Failed to load resource: net::ERR_CONNECTION_REFUSED @ http://localhost:8765/_stcore/health:0
[ 3735262ms] [ERROR] Client Error in reaching server endpoint - No response received when attempting to reach /_stcore/health @ http://localhost:8765/static/js/index.bE3scgDe.js:33
[ 3735262ms] [ERROR] Is Streamlit still running? If you accidentally stopped Streamlit, just restart it in your terminal: @ http://localhost:8765/static/js/index.bE3scgDe.js:38
[ 3735286ms] [ERROR] Failed to load resource: net::ERR_CONNECTION_REFUSED @ http://localhost:8765/_stcore/host-config:0
[ 3740530ms] [ERROR] Failed to load resource: net::ERR_CONNECTION_REFUSED @ http://localhost:8765/_stcore/health:0
[ 3740531ms] [ERROR] Client Error in reaching server endpoint - No response received when attempting to reach /_stcore/health @ http://localhost:8765/static/js/index.bE3scgDe.js:33
[ 3740531ms] [ERROR] Is Streamlit still running? If you accidentally stopped Streamlit, just restart it in your terminal: @ http://localhost:8765/static/js/index.bE3scgDe.js:38
[ 3740554ms] [ERROR] Failed to load resource: net::ERR_CONNECTION_REFUSED @ http://localhost:8765/_stcore/host-config:0
[ 3745718ms] [ERROR] Failed to load resource: net::ERR_CONNECTION_REFUSED @ http://localhost:8765/_stcore/health:0
[ 3745718ms] [ERROR] Client Error in reaching server endpoint - No response received when attempting to reach /_stcore/health @ http://localhost:8765/static/js/index.bE3scgDe.js:33
[ 3745719ms] [ERROR] Is Streamlit still running? If you accidentally stopped Streamlit, just restart it in your terminal: @ http://localhost:8765/static/js/index.bE3scgDe.js:38
[ 3745751ms] [ERROR] Failed to load resource: net::ERR_CONNECTION_REFUSED @ http://localhost:8765/_stcore/host-config:0
[ 3751255ms] [ERROR] Failed to load resource: net::ERR_CONNECTION_REFUSED @ http://localhost:8765/_stcore/health:0
[ 3751255ms] [ERROR] Client Error in reaching server endpoint - No response received when attempting to reach /_stcore/health @ http://localhost:8765/static/js/index.bE3scgDe.js:33
[ 3751256ms] [ERROR] Is Streamlit still running? If you accidentally stopped Streamlit, just restart it in your terminal: @ http://localhost:8765/static/js/index.bE3scgDe.js:38
[ 3751278ms] [ERROR] Failed to load resource: net::ERR_CONNECTION_REFUSED @ http://localhost:8765/_stcore/host-config:0
[ 3756836ms] [ERROR] Failed to load resource: net::ERR_CONNECTION_REFUSED @ http://localhost:8765/_stcore/health:0
[ 3756836ms] [ERROR] Client Error in reaching server endpoint - No response received when attempting to reach /_stcore/health @ http://localhost:8765/static/js/index.bE3scgDe.js:33
[ 3756836ms] [ERROR] Is Streamlit still running? If you accidentally stopped Streamlit, just restart it in your terminal: @ http://localhost:8765/static/js/index.bE3scgDe.js:38
[ 3756837ms] [ERROR] Failed to load resource: net::ERR_CONNECTION_REFUSED @ http://localhost:8765/_stcore/host-config:0
[ 3762516ms] [ERROR] Failed to load resource: net::ERR_CONNECTION_REFUSED @ http://localhost:8765/_stcore/health:0
[ 3762516ms] [ERROR] Client Error in reaching server endpoint - No response received when attempting to reach /_stcore/health @ http://localhost:8765/static/js/index.bE3scgDe.js:33
[ 3762516ms] [ERROR] Is Streamlit still running? If you accidentally stopped Streamlit, just restart it in your terminal: @ http://localhost:8765/static/js/index.bE3scgDe.js:38
[ 3762516ms] [ERROR] Failed to load resource: net::ERR_CONNECTION_REFUSED @ http://localhost:8765/_stcore/host-config:0
[ 3767950ms] [ERROR] Failed to load resource: net::ERR_CONNECTION_REFUSED @ http://localhost:8765/_stcore/health:0
[ 3767951ms] [ERROR] Client Error in reaching server endpoint - No response received when attempting to reach /_stcore/health @ http://localhost:8765/static/js/index.bE3scgDe.js:33
[ 3767951ms] [ERROR] Is Streamlit still running? If you accidentally stopped Streamlit, just restart it in your terminal: @ http://localhost:8765/static/js/index.bE3scgDe.js:38
[ 3767974ms] [ERROR] Failed to load resource: net::ERR_CONNECTION_REFUSED @ http://localhost:8765/_stcore/host-config:0
[ 3774238ms] [ERROR] Failed to load resource: net::ERR_CONNECTION_REFUSED @ http://localhost:8765/_stcore/health:0
[ 3774239ms] [ERROR] Client Error in reaching server endpoint - No response received when attempting to reach /_stcore/health @ http://localhost:8765/static/js/index.bE3scgDe.js:33
[ 3774239ms] [ERROR] Is Streamlit still running? If you accidentally stopped Streamlit, just restart it in your terminal: @ http://localhost:8765/static/js/index.bE3scgDe.js:38
[ 3774263ms] [ERROR] Failed to load resource: net::ERR_CONNECTION_REFUSED @ http://localhost:8765/_stcore/host-config:0
[ 3780229ms] [ERROR] Failed to load resource: net::ERR_CONNECTION_REFUSED @ http://localhost:8765/_stcore/health:0
[ 3780229ms] [ERROR] Client Error in reaching server endpoint - No response received when attempting to reach /_stcore/health @ http://localhost:8765/static/js/index.bE3scgDe.js:33
[ 3780230ms] [ERROR] Is Streamlit still running? If you accidentally stopped Streamlit, just restart it in your terminal: @ http://localhost:8765/static/js/index.bE3scgDe.js:38
[ 3780232ms] [ERROR] Failed to load resource: net::ERR_CONNECTION_REFUSED @ http://localhost:8765/_stcore/host-config:0
[ 3786283ms] [ERROR] Failed to load resource: net::ERR_CONNECTION_REFUSED @ http://localhost:8765/_stcore/health:0
[ 3786283ms] [ERROR] Client Error in reaching server endpoint - No response received when attempting to reach /_stcore/health @ http://localhost:8765/static/js/index.bE3scgDe.js:33
[ 3786283ms] [ERROR] Is Streamlit still running? If you accidentally stopped Streamlit, just restart it in your terminal: @ http://localhost:8765/static/js/index.bE3scgDe.js:38
[ 3786286ms] [ERROR] Failed to load resource: net::ERR_CONNECTION_REFUSED @ http://localhost:8765/_stcore/host-config:0
[ 3792182ms] [ERROR] Failed to load resource: net::ERR_CONNECTION_REFUSED @ http://localhost:8765/_stcore/health:0
[ 3792182ms] [ERROR] Client Error in reaching server endpoint - No response received when attempting to reach /_stcore/health @ http://localhost:8765/static/js/index.bE3scgDe.js:33
[ 3792182ms] [ERROR] Is Streamlit still running? If you accidentally stopped Streamlit, just restart it in your terminal: @ http://localhost:8765/static/js/index.bE3scgDe.js:38
[ 3792184ms] [ERROR] Failed to load resource: net::ERR_CONNECTION_REFUSED @ http://localhost:8765/_stcore/host-config:0
[ 3797759ms] [ERROR] Failed to load resource: net::ERR_CONNECTION_REFUSED @ http://localhost:8765/_stcore/health:0
[ 3797759ms] [ERROR] Client Error in reaching server endpoint - No response received when attempting to reach /_stcore/health @ http://localhost:8765/static/js/index.bE3scgDe.js:33
[ 3797759ms] [ERROR] Is Streamlit still running? If you accidentally stopped Streamlit, just restart it in your terminal: @ http://localhost:8765/static/js/index.bE3scgDe.js:38
[ 3797782ms] [ERROR] Failed to load resource: net::ERR_CONNECTION_REFUSED @ http://localhost:8765/_stcore/host-config:0
[ 3803671ms] [ERROR] Failed to load resource: net::ERR_CONNECTION_REFUSED @ http://localhost:8765/_stcore/health:0
[ 3803671ms] [ERROR] Client Error in reaching server endpoint - No response received when attempting to reach /_stcore/health @ http://localhost:8765/static/js/index.bE3scgDe.js:33
[ 3803671ms] [ERROR] Is Streamlit still running? If you accidentally stopped Streamlit, just restart it in your terminal: @ http://localhost:8765/static/js/index.bE3scgDe.js:38
[ 3803695ms] [ERROR] Failed to load resource: net::ERR_CONNECTION_REFUSED @ http://localhost:8765/_stcore/host-config:0
[ 3809721ms] [ERROR] Failed to load resource: net::ERR_CONNECTION_REFUSED @ http://localhost:8765/_stcore/health:0
[ 3809721ms] [ERROR] Client Error in reaching server endpoint - No response received when attempting to reach /_stcore/health @ http://localhost:8765/static/js/index.bE3scgDe.js:33
[ 3809721ms] [ERROR] Is Streamlit still running? If you accidentally stopped Streamlit, just restart it in your terminal: @ http://localhost:8765/static/js/index.bE3scgDe.js:38
[ 3809723ms] [ERROR] Failed to load resource: net::ERR_CONNECTION_REFUSED @ http://localhost:8765/_stcore/host-config:0
[ 3815352ms] [ERROR] Failed to load resource: net::ERR_CONNECTION_REFUSED @ http://localhost:8765/_stcore/health:0
[ 3815352ms] [ERROR] Client Error in reaching server endpoint - No response received when attempting to reach /_stcore/health @ http://localhost:8765/static/js/index.bE3scgDe.js:33
[ 3815353ms] [ERROR] Is Streamlit still running? If you accidentally stopped Streamlit, just restart it in your terminal: @ http://localhost:8765/static/js/index.bE3scgDe.js:38
[ 3815376ms] [ERROR] Failed to load resource: net::ERR_CONNECTION_REFUSED @ http://localhost:8765/_stcore/host-config:0
[ 3820778ms] [ERROR] Failed to load resource: net::ERR_CONNECTION_REFUSED @ http://localhost:8765/_stcore/health:0
[ 3820778ms] [ERROR] Client Error in reaching server endpoint - No response received when attempting to reach /_stcore/health @ http://localhost:8765/static/js/index.bE3scgDe.js:33
[ 3820779ms] [ERROR] Is Streamlit still running? If you accidentally stopped Streamlit, just restart it in your terminal: @ http://localhost:8765/static/js/index.bE3scgDe.js:38
[ 3820804ms] [ERROR] Failed to load resource: net::ERR_CONNECTION_REFUSED @ http://localhost:8765/_stcore/host-config:0
[ 3826422ms] [ERROR] Failed to load resource: net::ERR_CONNECTION_REFUSED @ http://localhost:8765/_stcore/health:0
[ 3826422ms] [ERROR] Client Error in reaching server endpoint - No response received when attempting to reach /_stcore/health @ http://localhost:8765/static/js/index.bE3scgDe.js:33
[ 3826422ms] [ERROR] Is Streamlit still running? If you accidentally stopped Streamlit, just restart it in your terminal: @ http://localhost:8765/static/js/index.bE3scgDe.js:38
[ 3826423ms] [ERROR] Failed to load resource: net::ERR_CONNECTION_REFUSED @ http://localhost:8765/_stcore/host-config:0
[ 3832710ms] [ERROR] Failed to load resource: net::ERR_CONNECTION_REFUSED @ http://localhost:8765/_stcore/health:0
[ 3832710ms] [ERROR] Client Error in reaching server endpoint - No response received when attempting to reach /_stcore/health @ http://localhost:8765/static/js/index.bE3scgDe.js:33
[ 3832711ms] [ERROR] Is Streamlit still running? If you accidentally stopped Streamlit, just restart it in your terminal: @ http://localhost:8765/static/js/index.bE3scgDe.js:38
[ 3832712ms] [ERROR] Failed to load resource: net::ERR_CONNECTION_REFUSED @ http://localhost:8765/_stcore/host-config:0
[ 3838120ms] [ERROR] Failed to load resource: net::ERR_CONNECTION_REFUSED @ http://localhost:8765/_stcore/health:0
[ 3838120ms] [ERROR] Client Error in reaching server endpoint - No response received when attempting to reach /_stcore/health @ http://localhost:8765/static/js/index.bE3scgDe.js:33
[ 3838121ms] [ERROR] Is Streamlit still running? If you accidentally stopped Streamlit, just restart it in your terminal: @ http://localhost:8765/static/js/index.bE3scgDe.js:38
[ 3838153ms] [ERROR] Failed to load resource: net::ERR_CONNECTION_REFUSED @ http://localhost:8765/_stcore/host-config:0
[ 3844126ms] [ERROR] Failed to load resource: net::ERR_CONNECTION_REFUSED @ http://localhost:8765/_stcore/health:0
[ 3844126ms] [ERROR] Client Error in reaching server endpoint - No response received when attempting to reach /_stcore/health @ http://localhost:8765/static/js/index.bE3scgDe.js:33
[ 3844127ms] [ERROR] Is Streamlit still running? If you accidentally stopped Streamlit, just restart it in your terminal: @ http://localhost:8765/static/js/index.bE3scgDe.js:38
[ 3844149ms] [ERROR] Failed to load resource: net::ERR_CONNECTION_REFUSED @ http://localhost:8765/_stcore/host-config:0
[ 3849976ms] [ERROR] Failed to load resource: net::ERR_CONNECTION_REFUSED @ http://localhost:8765/_stcore/health:0
[ 3849976ms] [ERROR] Client Error in reaching server endpoint - No response received when attempting to reach /_stcore/health @ http://localhost:8765/static/js/index.bE3scgDe.js:33
[ 3849976ms] [ERROR] Is Streamlit still running? If you accidentally stopped Streamlit, just restart it in your terminal: @ http://localhost:8765/static/js/index.bE3scgDe.js:38
[ 3849999ms] [ERROR] Failed to load resource: net::ERR_CONNECTION_REFUSED @ http://localhost:8765/_stcore/host-config:0
[ 3855196ms] [ERROR] Failed to load resource: net::ERR_CONNECTION_REFUSED @ http://localhost:8765/_stcore/health:0
[ 3855196ms] [ERROR] Client Error in reaching server endpoint - No response received when attempting to reach /_stcore/health @ http://localhost:8765/static/js/index.bE3scgDe.js:33
[ 3855196ms] [ERROR] Is Streamlit still running? If you accidentally stopped Streamlit, just restart it in your terminal: @ http://localhost:8765/static/js/index.bE3scgDe.js:38
[ 3855219ms] [ERROR] Failed to load resource: net::ERR_CONNECTION_REFUSED @ http://localhost:8765/_stcore/host-config:0
[ 3860401ms] [ERROR] Failed to load resource: net::ERR_CONNECTION_REFUSED @ http://localhost:8765/_stcore/health:0
[ 3860402ms] [ERROR] Client Error in reaching server endpoint - No response received when attempting to reach /_stcore/health @ http://localhost:8765/static/js/index.bE3scgDe.js:33
[ 3860402ms] [ERROR] Is Streamlit still running? If you accidentally stopped Streamlit, just restart it in your terminal: @ http://localhost:8765/static/js/index.bE3scgDe.js:38
[ 3860426ms] [ERROR] Failed to load resource: net::ERR_CONNECTION_REFUSED @ http://localhost:8765/_stcore/host-config:0
[ 3866357ms] [ERROR] Failed to load resource: net::ERR_CONNECTION_REFUSED @ http://localhost:8765/_stcore/health:0
[ 3866358ms] [ERROR] Client Error in reaching server endpoint - No response received when attempting to reach /_stcore/health @ http://localhost:8765/static/js/index.bE3scgDe.js:33
[ 3866358ms] [ERROR] Is Streamlit still running? If you accidentally stopped Streamlit, just restart it in your terminal: @ http://localhost:8765/static/js/index.bE3scgDe.js:38
[ 3866380ms] [ERROR] Failed to load resource: net::ERR_CONNECTION_REFUSED @ http://localhost:8765/_stcore/host-config:0
[ 3871783ms] [ERROR] Failed to load resource: net::ERR_CONNECTION_REFUSED @ http://localhost:8765/_stcore/health:0
[ 3871783ms] [ERROR] Client Error in reaching server endpoint - No response received when attempting to reach /_stcore/health @ http://localhost:8765/static/js/index.bE3scgDe.js:33
[ 3871783ms] [ERROR] Is Streamlit still running? If you accidentally stopped Streamlit, just restart it in your terminal: @ http://localhost:8765/static/js/index.bE3scgDe.js:38
[ 3871807ms] [ERROR] Failed to load resource: net::ERR_CONNECTION_REFUSED @ http://localhost:8765/_stcore/host-config:0
[ 3877431ms] [ERROR] Failed to load resource: net::ERR_CONNECTION_REFUSED @ http://localhost:8765/_stcore/health:0
[ 3877431ms] [ERROR] Client Error in reaching server endpoint - No response received when attempting to reach /_stcore/health @ http://localhost:8765/static/js/index.bE3scgDe.js:33
[ 3877431ms] [ERROR] Is Streamlit still running? If you accidentally stopped Streamlit, just restart it in your terminal: @ http://localhost:8765/static/js/index.bE3scgDe.js:38
[ 3877432ms] [ERROR] Failed to load resource: net::ERR_CONNECTION_REFUSED @ http://localhost:8765/_stcore/host-config:0
[ 3883449ms] [ERROR] Failed to load resource: net::ERR_CONNECTION_REFUSED @ http://localhost:8765/_stcore/health:0
[ 3883449ms] [ERROR] Client Error in reaching server endpoint - No response received when attempting to reach /_stcore/health @ http://localhost:8765/static/js/index.bE3scgDe.js:33
[ 3883450ms] [ERROR] Is Streamlit still running? If you accidentally stopped Streamlit, just restart it in your terminal: @ http://localhost:8765/static/js/index.bE3scgDe.js:38
[ 3883472ms] [ERROR] Failed to load resource: net::ERR_CONNECTION_REFUSED @ http://localhost:8765/_stcore/host-config:0
[ 3888795ms] [ERROR] Failed to load resource: net::ERR_CONNECTION_REFUSED @ http://localhost:8765/_stcore/health:0
[ 3888795ms] [ERROR] Client Error in reaching server endpoint - No response received when attempting to reach /_stcore/health @ http://localhost:8765/static/js/index.bE3scgDe.js:33
[ 3888795ms] [ERROR] Is Streamlit still running? If you accidentally stopped Streamlit, just restart it in your terminal: @ http://localhost:8765/static/js/index.bE3scgDe.js:38
[ 3888816ms] [ERROR] Failed to load resource: net::ERR_CONNECTION_REFUSED @ http://localhost:8765/_stcore/host-config:0
[ 3894804ms] [ERROR] Failed to load resource: net::ERR_CONNECTION_REFUSED @ http://localhost:8765/_stcore/health:0
[ 3894804ms] [ERROR] Client Error in reaching server endpoint - No response received when attempting to reach /_stcore/health @ http://localhost:8765/static/js/index.bE3scgDe.js:33
[ 3894804ms] [ERROR] Is Streamlit still running? If you accidentally stopped Streamlit, just restart it in your terminal: @ http://localhost:8765/static/js/index.bE3scgDe.js:38
[ 3894828ms] [ERROR] Failed to load resource: net::ERR_CONNECTION_REFUSED @ http://localhost:8765/_stcore/host-config:0
[ 3900604ms] [ERROR] Failed to load resource: net::ERR_CONNECTION_REFUSED @ http://localhost:8765/_stcore/health:0
[ 3900604ms] [ERROR] Client Error in reaching server endpoint - No response received when attempting to reach /_stcore/health @ http://localhost:8765/static/js/index.bE3scgDe.js:33
[ 3900605ms] [ERROR] Is Streamlit still running? If you accidentally stopped Streamlit, just restart it in your terminal: @ http://localhost:8765/static/js/index.bE3scgDe.js:38
[ 3900628ms] [ERROR] Failed to load resource: net::ERR_CONNECTION_REFUSED @ http://localhost:8765/_stcore/host-config:0
[ 3906825ms] [ERROR] Failed to load resource: net::ERR_CONNECTION_REFUSED @ http://localhost:8765/_stcore/health:0
[ 3906826ms] [ERROR] Client Error in reaching server endpoint - No response received when attempting to reach /_stcore/health @ http://localhost:8765/static/js/index.bE3scgDe.js:33
[ 3906826ms] [ERROR] Is Streamlit still running? If you accidentally stopped Streamlit, just restart it in your terminal: @ http://localhost:8765/static/js/index.bE3scgDe.js:38
[ 3906826ms] [ERROR] Failed to load resource: net::ERR_CONNECTION_REFUSED @ http://localhost:8765/_stcore/host-config:0
[ 3913004ms] [ERROR] Failed to load resource: net::ERR_CONNECTION_REFUSED @ http://localhost:8765/_stcore/health:0
[ 3913004ms] [ERROR] Client Error in reaching server endpoint - No response received when attempting to reach /_stcore/health @ http://localhost:8765/static/js/index.bE3scgDe.js:33
[ 3913004ms] [ERROR] Is Streamlit still running? If you accidentally stopped Streamlit, just restart it in your terminal: @ http://localhost:8765/static/js/index.bE3scgDe.js:38
[ 3913005ms] [ERROR] Failed to load resource: net::ERR_CONNECTION_REFUSED @ http://localhost:8765/_stcore/host-config:0
[ 3918396ms] [ERROR] Failed to load resource: net::ERR_CONNECTION_REFUSED @ http://localhost:8765/_stcore/health:0
[ 3918396ms] [ERROR] Client Error in reaching server endpoint - No response received when attempting to reach /_stcore/health @ http://localhost:8765/static/js/index.bE3scgDe.js:33
[ 3918396ms] [ERROR] Is Streamlit still running? If you accidentally stopped Streamlit, just restart it in your terminal: @ http://localhost:8765/static/js/index.bE3scgDe.js:38
[ 3918399ms] [ERROR] Failed to load resource: net::ERR_CONNECTION_REFUSED @ http://localhost:8765/_stcore/host-config:0
[ 3923822ms] [ERROR] Failed to load resource: net::ERR_CONNECTION_REFUSED @ http://localhost:8765/_stcore/health:0
[ 3923822ms] [ERROR] Client Error in reaching server endpoint - No response received when attempting to reach /_stcore/health @ http://localhost:8765/static/js/index.bE3scgDe.js:33
[ 3923823ms] [ERROR] Is Streamlit still running? If you accidentally stopped Streamlit, just restart it in your terminal: @ http://localhost:8765/static/js/index.bE3scgDe.js:38
[ 3923854ms] [ERROR] Failed to load resource: net::ERR_CONNECTION_REFUSED @ http://localhost:8765/_stcore/host-config:0
[ 3929439ms] [ERROR] Failed to load resource: net::ERR_CONNECTION_REFUSED @ http://localhost:8765/_stcore/health:0
[ 3929439ms] [ERROR] Client Error in reaching server endpoint - No response received when attempting to reach /_stcore/health @ http://localhost:8765/static/js/index.bE3scgDe.js:33
[ 3929439ms] [ERROR] Is Streamlit still running? If you accidentally stopped Streamlit, just restart it in your terminal: @ http://localhost:8765/static/js/index.bE3scgDe.js:38
[ 3929463ms] [ERROR] Failed to load resource: net::ERR_CONNECTION_REFUSED @ http://localhost:8765/_stcore/host-config:0
[ 3935759ms] [ERROR] Failed to load resource: net::ERR_CONNECTION_REFUSED @ http://localhost:8765/_stcore/health:0
[ 3935759ms] [ERROR] Client Error in reaching server endpoint - No response received when attempting to reach /_stcore/health @ http://localhost:8765/static/js/index.bE3scgDe.js:33
[ 3935760ms] [ERROR] Is Streamlit still running? If you accidentally stopped Streamlit, just restart it in your terminal: @ http://localhost:8765/static/js/index.bE3scgDe.js:38
[ 3935762ms] [ERROR] Failed to load resource: net::ERR_CONNECTION_REFUSED @ http://localhost:8765/_stcore/host-config:0
[ 3941823ms] [ERROR] Failed to load resource: net::ERR_CONNECTION_REFUSED @ http://localhost:8765/_stcore/health:0
[ 3941823ms] [ERROR] Client Error in reaching server endpoint - No response received when attempting to reach /_stcore/health @ http://localhost:8765/static/js/index.bE3scgDe.js:33
[ 3941823ms] [ERROR] Is Streamlit still running? If you accidentally stopped Streamlit, just restart it in your terminal: @ http://localhost:8765/static/js/index.bE3scgDe.js:38
[ 3941847ms] [ERROR] Failed to load resource: net::ERR_CONNECTION_REFUSED @ http://localhost:8765/_stcore/host-config:0
[ 3947593ms] [ERROR] Failed to load resource: net::ERR_CONNECTION_REFUSED @ http://localhost:8765/_stcore/health:0
[ 3947594ms] [ERROR] Client Error in reaching server endpoint - No response received when attempting to reach /_stcore/health @ http://localhost:8765/static/js/index.bE3scgDe.js:33
[ 3947594ms] [ERROR] Is Streamlit still running? If you accidentally stopped Streamlit, just restart it in your terminal: @ http://localhost:8765/static/js/index.bE3scgDe.js:38
[ 3947596ms] [ERROR] Failed to load resource: net::ERR_CONNECTION_REFUSED @ http://localhost:8765/_stcore/host-config:0
[ 3953678ms] [ERROR] Failed to load resource: net::ERR_CONNECTION_REFUSED @ http://localhost:8765/_stcore/health:0
[ 3953679ms] [ERROR] Client Error in reaching server endpoint - No response received when attempting to reach /_stcore/health @ http://localhost:8765/static/js/index.bE3scgDe.js:33
[ 3953679ms] [ERROR] Is Streamlit still running? If you accidentally stopped Streamlit, just restart it in your terminal: @ http://localhost:8765/static/js/index.bE3scgDe.js:38
[ 3953702ms] [ERROR] Failed to load resource: net::ERR_CONNECTION_REFUSED @ http://localhost:8765/_stcore/host-config:0
[ 3959918ms] [ERROR] Failed to load resource: net::ERR_CONNECTION_REFUSED @ http://localhost:8765/_stcore/health:0
[ 3959918ms] [ERROR] Client Error in reaching server endpoint - No response received when attempting to reach /_stcore/health @ http://localhost:8765/static/js/index.bE3scgDe.js:33
[ 3959919ms] [ERROR] Is Streamlit still running? If you accidentally stopped Streamlit, just restart it in your terminal: @ http://localhost:8765/static/js/index.bE3scgDe.js:38
[ 3959940ms] [ERROR] Failed to load resource: net::ERR_CONNECTION_REFUSED @ http://localhost:8765/_stcore/host-config:0
[ 3965973ms] [ERROR] Failed to load resource: net::ERR_CONNECTION_REFUSED @ http://localhost:8765/_stcore/health:0
[ 3965974ms] [ERROR] Client Error in reaching server endpoint - No response received when attempting to reach /_stcore/health @ http://localhost:8765/static/js/index.bE3scgDe.js:33
[ 3965974ms] [ERROR] Is Streamlit still running? If you accidentally stopped Streamlit, just restart it in your terminal: @ http://localhost:8765/static/js/index.bE3scgDe.js:38
[ 3965974ms] [ERROR] Failed to load resource: net::ERR_CONNECTION_REFUSED @ http://localhost:8765/_stcore/host-config:0
[ 3971741ms] [ERROR] Failed to load resource: net::ERR_CONNECTION_REFUSED @ http://localhost:8765/_stcore/health:0
[ 3971741ms] [ERROR] Client Error in reaching server endpoint - No response received when attempting to reach /_stcore/health @ http://localhost:8765/static/js/index.bE3scgDe.js:33
[ 3971741ms] [ERROR] Is Streamlit still running? If you accidentally stopped Streamlit, just restart it in your terminal: @ http://localhost:8765/static/js/index.bE3scgDe.js:38
[ 3971743ms] [ERROR] Failed to load resource: net::ERR_CONNECTION_REFUSED @ http://localhost:8765/_stcore/host-config:0
[ 3977041ms] [ERROR] Failed to load resource: net::ERR_CONNECTION_REFUSED @ http://localhost:8765/_stcore/health:0
[ 3977041ms] [ERROR] Client Error in reaching server endpoint - No response received when attempting to reach /_stcore/health @ http://localhost:8765/static/js/index.bE3scgDe.js:33
[ 3977042ms] [ERROR] Is Streamlit still running? If you accidentally stopped Streamlit, just restart it in your terminal: @ http://localhost:8765/static/js/index.bE3scgDe.js:38
[ 3977043ms] [ERROR] Failed to load resource: net::ERR_CONNECTION_REFUSED @ http://localhost:8765/_stcore/host-config:0
[ 3982922ms] [ERROR] Failed to load resource: net::ERR_CONNECTION_REFUSED @ http://localhost:8765/_stcore/health:0
[ 3982922ms] [ERROR] Client Error in reaching server endpoint - No response received when attempting to reach /_stcore/health @ http://localhost:8765/static/js/index.bE3scgDe.js:33
[ 3982922ms] [ERROR] Is Streamlit still running? If you accidentally stopped Streamlit, just restart it in your terminal: @ http://localhost:8765/static/js/index.bE3scgDe.js:38
[ 3982944ms] [ERROR] Failed to load resource: net::ERR_CONNECTION_REFUSED @ http://localhost:8765/_stcore/host-config:0
[ 3989175ms] [ERROR] Failed to load resource: net::ERR_CONNECTION_REFUSED @ http://localhost:8765/_stcore/health:0
[ 3989176ms] [ERROR] Client Error in reaching server endpoint - No response received when attempting to reach /_stcore/health @ http://localhost:8765/static/js/index.bE3scgDe.js:33
[ 3989176ms] [ERROR] Is Streamlit still running? If you accidentally stopped Streamlit, just restart it in your terminal: @ http://localhost:8765/static/js/index.bE3scgDe.js:38
[ 3989178ms] [ERROR] Failed to load resource: net::ERR_CONNECTION_REFUSED @ http://localhost:8765/_stcore/host-config:0
[ 3995434ms] [ERROR] Failed to load resource: net::ERR_CONNECTION_REFUSED @ http://localhost:8765/_stcore/health:0
[ 3995434ms] [ERROR] Client Error in reaching server endpoint - No response received when attempting to reach /_stcore/health @ http://localhost:8765/static/js/index.bE3scgDe.js:33
[ 3995434ms] [ERROR] Is Streamlit still running? If you accidentally stopped Streamlit, just restart it in your terminal: @ http://localhost:8765/static/js/index.bE3scgDe.js:38
[ 3995436ms] [ERROR] Failed to load resource: net::ERR_CONNECTION_REFUSED @ http://localhost:8765/_stcore/host-config:0
[ 4001330ms] [ERROR] Failed to load resource: net::ERR_CONNECTION_REFUSED @ http://localhost:8765/_stcore/health:0
[ 4001330ms] [ERROR] Client Error in reaching server endpoint - No response received when attempting to reach /_stcore/health @ http://localhost:8765/static/js/index.bE3scgDe.js:33
[ 4001330ms] [ERROR] Is Streamlit still running? If you accidentally stopped Streamlit, just restart it in your terminal: @ http://localhost:8765/static/js/index.bE3scgDe.js:38
[ 4001352ms] [ERROR] Failed to load resource: net::ERR_CONNECTION_REFUSED @ http://localhost:8765/_stcore/host-config:0
[ 4007383ms] [ERROR] Failed to load resource: net::ERR_CONNECTION_REFUSED @ http://localhost:8765/_stcore/health:0
[ 4007383ms] [ERROR] Client Error in reaching server endpoint - No response received when attempting to reach /_stcore/health @ http://localhost:8765/static/js/index.bE3scgDe.js:33
[ 4007383ms] [ERROR] Is Streamlit still running? If you accidentally stopped Streamlit, just restart it in your terminal: @ http://localhost:8765/static/js/index.bE3scgDe.js:38
[ 4007405ms] [ERROR] Failed to load resource: net::ERR_CONNECTION_REFUSED @ http://localhost:8765/_stcore/host-config:0
[ 4012758ms] [ERROR] Failed to load resource: net::ERR_CONNECTION_REFUSED @ http://localhost:8765/_stcore/health:0
[ 4012758ms] [ERROR] Client Error in reaching server endpoint - No response received when attempting to reach /_stcore/health @ http://localhost:8765/static/js/index.bE3scgDe.js:33
[ 4012758ms] [ERROR] Is Streamlit still running? If you accidentally stopped Streamlit, just restart it in your terminal: @ http://localhost:8765/static/js/index.bE3scgDe.js:38
[ 4012780ms] [ERROR] Failed to load resource: net::ERR_CONNECTION_REFUSED @ http://localhost:8765/_stcore/host-config:0
[ 4018546ms] [ERROR] Failed to load resource: net::ERR_CONNECTION_REFUSED @ http://localhost:8765/_stcore/health:0
[ 4018546ms] [ERROR] Client Error in reaching server endpoint - No response received when attempting to reach /_stcore/health @ http://localhost:8765/static/js/index.bE3scgDe.js:33
[ 4018547ms] [ERROR] Is Streamlit still running? If you accidentally stopped Streamlit, just restart it in your terminal: @ http://localhost:8765/static/js/index.bE3scgDe.js:38
[ 4018568ms] [ERROR] Failed to load resource: net::ERR_CONNECTION_REFUSED @ http://localhost:8765/_stcore/host-config:0
[ 4023737ms] [ERROR] Failed to load resource: net::ERR_CONNECTION_REFUSED @ http://localhost:8765/_stcore/health:0
[ 4023737ms] [ERROR] Client Error in reaching server endpoint - No response received when attempting to reach /_stcore/health @ http://localhost:8765/static/js/index.bE3scgDe.js:33
[ 4023737ms] [ERROR] Is Streamlit still running? If you accidentally stopped Streamlit, just restart it in your terminal: @ http://localhost:8765/static/js/index.bE3scgDe.js:38
[ 4023760ms] [ERROR] Failed to load resource: net::ERR_CONNECTION_REFUSED @ http://localhost:8765/_stcore/host-config:0
[ 4029882ms] [ERROR] Failed to load resource: net::ERR_CONNECTION_REFUSED @ http://localhost:8765/_stcore/health:0
[ 4029882ms] [ERROR] Client Error in reaching server endpoint - No response received when attempting to reach /_stcore/health @ http://localhost:8765/static/js/index.bE3scgDe.js:33
[ 4029882ms] [ERROR] Is Streamlit still running? If you accidentally stopped Streamlit, just restart it in your terminal: @ http://localhost:8765/static/js/index.bE3scgDe.js:38
[ 4029903ms] [ERROR] Failed to load resource: net::ERR_CONNECTION_REFUSED @ http://localhost:8765/_stcore/host-config:0
[ 4035618ms] [ERROR] Failed to load resource: net::ERR_CONNECTION_REFUSED @ http://localhost:8765/_stcore/health:0
[ 4035618ms] [ERROR] Client Error in reaching server endpoint - No response received when attempting to reach /_stcore/health @ http://localhost:8765/static/js/index.bE3scgDe.js:33
[ 4035618ms] [ERROR] Is Streamlit still running? If you accidentally stopped Streamlit, just restart it in your terminal: @ http://localhost:8765/static/js/index.bE3scgDe.js:38
[ 4035640ms] [ERROR] Failed to load resource: net::ERR_CONNECTION_REFUSED @ http://localhost:8765/_stcore/host-config:0
[ 4041921ms] [ERROR] Failed to load resource: net::ERR_CONNECTION_REFUSED @ http://localhost:8765/_stcore/health:0
[ 4041922ms] [ERROR] Client Error in reaching server endpoint - No response received when attempting to reach /_stcore/health @ http://localhost:8765/static/js/index.bE3scgDe.js:33
[ 4041922ms] [ERROR] Is Streamlit still running? If you accidentally stopped Streamlit, just restart it in your terminal: @ http://localhost:8765/static/js/index.bE3scgDe.js:38
[ 4041944ms] [ERROR] Failed to load resource: net::ERR_CONNECTION_REFUSED @ http://localhost:8765/_stcore/host-config:0
[ 4047332ms] [ERROR] Failed to load resource: net::ERR_CONNECTION_REFUSED @ http://localhost:8765/_stcore/health:0
[ 4047332ms] [ERROR] Client Error in reaching server endpoint - No response received when attempting to reach /_stcore/health @ http://localhost:8765/static/js/index.bE3scgDe.js:33
[ 4047332ms] [ERROR] Is Streamlit still running? If you accidentally stopped Streamlit, just restart it in your terminal: @ http://localhost:8765/static/js/index.bE3scgDe.js:38
[ 4047334ms] [ERROR] Failed to load resource: net::ERR_CONNECTION_REFUSED @ http://localhost:8765/_stcore/host-config:0
[ 4052477ms] [ERROR] Failed to load resource: net::ERR_CONNECTION_REFUSED @ http://localhost:8765/_stcore/health:0
[ 4052477ms] [ERROR] Client Error in reaching server endpoint - No response received when attempting to reach /_stcore/health @ http://localhost:8765/static/js/index.bE3scgDe.js:33
[ 4052477ms] [ERROR] Is Streamlit still running? If you accidentally stopped Streamlit, just restart it in your terminal: @ http://localhost:8765/static/js/index.bE3scgDe.js:38
[ 4052499ms] [ERROR] Failed to load resource: net::ERR_CONNECTION_REFUSED @ http://localhost:8765/_stcore/host-config:0
[ 4057636ms] [ERROR] Failed to load resource: net::ERR_CONNECTION_REFUSED @ http://localhost:8765/_stcore/health:0
[ 4057637ms] [ERROR] Client Error in reaching server endpoint - No response received when attempting to reach /_stcore/health @ http://localhost:8765/static/js/index.bE3scgDe.js:33
[ 4057637ms] [ERROR] Is Streamlit still running? If you accidentally stopped Streamlit, just restart it in your terminal: @ http://localhost:8765/static/js/index.bE3scgDe.js:38
[ 4057658ms] [ERROR] Failed to load resource: net::ERR_CONNECTION_REFUSED @ http://localhost:8765/_stcore/host-config:0
[ 4063200ms] [ERROR] Failed to load resource: net::ERR_CONNECTION_REFUSED @ http://localhost:8765/_stcore/health:0
[ 4063200ms] [ERROR] Client Error in reaching server endpoint - No response received when attempting to reach /_stcore/health @ http://localhost:8765/static/js/index.bE3scgDe.js:33
[ 4063200ms] [ERROR] Is Streamlit still running? If you accidentally stopped Streamlit, just restart it in your terminal: @ http://localhost:8765/static/js/index.bE3scgDe.js:38
[ 4063202ms] [ERROR] Failed to load resource: net::ERR_CONNECTION_REFUSED @ http://localhost:8765/_stcore/host-config:0
[ 4069395ms] [ERROR] Failed to load resource: net::ERR_CONNECTION_REFUSED @ http://localhost:8765/_stcore/health:0
[ 4069395ms] [ERROR] Client Error in reaching server endpoint - No response received when attempting to reach /_stcore/health @ http://localhost:8765/static/js/index.bE3scgDe.js:33
[ 4069395ms] [ERROR] Is Streamlit still running? If you accidentally stopped Streamlit, just restart it in your terminal: @ http://localhost:8765/static/js/index.bE3scgDe.js:38
[ 4069416ms] [ERROR] Failed to load resource: net::ERR_CONNECTION_REFUSED @ http://localhost:8765/_stcore/host-config:0
[ 4075695ms] [ERROR] Failed to load resource: net::ERR_CONNECTION_REFUSED @ http://localhost:8765/_stcore/health:0
[ 4075696ms] [ERROR] Client Error in reaching server endpoint - No response received when attempting to reach /_stcore/health @ http://localhost:8765/static/js/index.bE3scgDe.js:33
[ 4075696ms] [ERROR] Is Streamlit still running? If you accidentally stopped Streamlit, just restart it in your terminal: @ http://localhost:8765/static/js/index.bE3scgDe.js:38
[ 4075696ms] [ERROR] Failed to load resource: net::ERR_CONNECTION_REFUSED @ http://localhost:8765/_stcore/host-config:0
[ 4081827ms] [ERROR] Failed to load resource: net::ERR_CONNECTION_REFUSED @ http://localhost:8765/_stcore/health:0
[ 4081828ms] [ERROR] Client Error in reaching server endpoint - No response received when attempting to reach /_stcore/health @ http://localhost:8765/static/js/index.bE3scgDe.js:33
[ 4081828ms] [ERROR] Is Streamlit still running? If you accidentally stopped Streamlit, just restart it in your terminal: @ http://localhost:8765/static/js/index.bE3scgDe.js:38
[ 4081850ms] [ERROR] Failed to load resource: net::ERR_CONNECTION_REFUSED @ http://localhost:8765/_stcore/host-config:0
[ 4088067ms] [ERROR] Failed to load resource: net::ERR_CONNECTION_REFUSED @ http://localhost:8765/_stcore/health:0
[ 4088068ms] [ERROR] Client Error in reaching server endpoint - No response received when attempting to reach /_stcore/health @ http://localhost:8765/static/js/index.bE3scgDe.js:33
[ 4088068ms] [ERROR] Is Streamlit still running? If you accidentally stopped Streamlit, just restart it in your terminal: @ http://localhost:8765/static/js/index.bE3scgDe.js:38
[ 4088106ms] [ERROR] Failed to load resource: net::ERR_CONNECTION_REFUSED @ http://localhost:8765/_stcore/host-config:0
[ 4094011ms] [ERROR] Failed to load resource: net::ERR_CONNECTION_REFUSED @ http://localhost:8765/_stcore/health:0
[ 4094011ms] [ERROR] Client Error in reaching server endpoint - No response received when attempting to reach /_stcore/health @ http://localhost:8765/static/js/index.bE3scgDe.js:33
[ 4094011ms] [ERROR] Is Streamlit still running? If you accidentally stopped Streamlit, just restart it in your terminal: @ http://localhost:8765/static/js/index.bE3scgDe.js:38
[ 4094033ms] [ERROR] Failed to load resource: net::ERR_CONNECTION_REFUSED @ http://localhost:8765/_stcore/host-config:0
[ 4100187ms] [ERROR] Failed to load resource: net::ERR_CONNECTION_REFUSED @ http://localhost:8765/_stcore/health:0
[ 4100187ms] [ERROR] Client Error in reaching server endpoint - No response received when attempting to reach /_stcore/health @ http://localhost:8765/static/js/index.bE3scgDe.js:33
[ 4100187ms] [ERROR] Is Streamlit still running? If you accidentally stopped Streamlit, just restart it in your terminal: @ http://localhost:8765/static/js/index.bE3scgDe.js:38
[ 4100209ms] [ERROR] Failed to load resource: net::ERR_CONNECTION_REFUSED @ http://localhost:8765/_stcore/host-config:0
[ 4105614ms] [ERROR] Failed to load resource: net::ERR_CONNECTION_REFUSED @ http://localhost:8765/_stcore/health:0
[ 4105614ms] [ERROR] Client Error in reaching server endpoint - No response received when attempting to reach /_stcore/health @ http://localhost:8765/static/js/index.bE3scgDe.js:33
[ 4105615ms] [ERROR] Is Streamlit still running? If you accidentally stopped Streamlit, just restart it in your terminal: @ http://localhost:8765/static/js/index.bE3scgDe.js:38
[ 4105615ms] [ERROR] Failed to load resource: net::ERR_CONNECTION_REFUSED @ http://localhost:8765/_stcore/host-config:0
[ 4111054ms] [ERROR] Failed to load resource: net::ERR_CONNECTION_REFUSED @ http://localhost:8765/_stcore/health:0
[ 4111054ms] [ERROR] Client Error in reaching server endpoint - No response received when attempting to reach /_stcore/health @ http://localhost:8765/static/js/index.bE3scgDe.js:33
[ 4111054ms] [ERROR] Is Streamlit still running? If you accidentally stopped Streamlit, just restart it in your terminal: @ http://localhost:8765/static/js/index.bE3scgDe.js:38
[ 4111074ms] [ERROR] Failed to load resource: net::ERR_CONNECTION_REFUSED @ http://localhost:8765/_stcore/host-config:0
[ 4117247ms] [ERROR] Failed to load resource: net::ERR_CONNECTION_REFUSED @ http://localhost:8765/_stcore/health:0
[ 4117248ms] [ERROR] Client Error in reaching server endpoint - No response received when attempting to reach /_stcore/health @ http://localhost:8765/static/js/index.bE3scgDe.js:33
[ 4117248ms] [ERROR] Is Streamlit still running? If you accidentally stopped Streamlit, just restart it in your terminal: @ http://localhost:8765/static/js/index.bE3scgDe.js:38
[ 4117250ms] [ERROR] Failed to load resource: net::ERR_CONNECTION_REFUSED @ http://localhost:8765/_stcore/host-config:0
[ 4122897ms] [ERROR] Failed to load resource: net::ERR_CONNECTION_REFUSED @ http://localhost:8765/_stcore/health:0
[ 4122897ms] [ERROR] Client Error in reaching server endpoint - No response received when attempting to reach /_stcore/health @ http://localhost:8765/static/js/index.bE3scgDe.js:33
[ 4122897ms] [ERROR] Is Streamlit still running? If you accidentally stopped Streamlit, just restart it in your terminal: @ http://localhost:8765/static/js/index.bE3scgDe.js:38
[ 4122917ms] [ERROR] Failed to load resource: net::ERR_CONNECTION_REFUSED @ http://localhost:8765/_stcore/host-config:0
[ 4128865ms] [ERROR] Failed to load resource: net::ERR_CONNECTION_REFUSED @ http://localhost:8765/_stcore/health:0
[ 4128865ms] [ERROR] Client Error in reaching server endpoint - No response received when attempting to reach /_stcore/health @ http://localhost:8765/static/js/index.bE3scgDe.js:33
[ 4128865ms] [ERROR] Is Streamlit still running? If you accidentally stopped Streamlit, just restart it in your terminal: @ http://localhost:8765/static/js/index.bE3scgDe.js:38
[ 4128867ms] [ERROR] Failed to load resource: net::ERR_CONNECTION_REFUSED @ http://localhost:8765/_stcore/host-config:0
[ 4134028ms] [ERROR] Failed to load resource: net::ERR_CONNECTION_REFUSED @ http://localhost:8765/_stcore/health:0
[ 4134029ms] [ERROR] Client Error in reaching server endpoint - No response received when attempting to reach /_stcore/health @ http://localhost:8765/static/js/index.bE3scgDe.js:33
[ 4134029ms] [ERROR] Is Streamlit still running? If you accidentally stopped Streamlit, just restart it in your terminal: @ http://localhost:8765/static/js/index.bE3scgDe.js:38
[ 4134048ms] [ERROR] Failed to load resource: net::ERR_CONNECTION_REFUSED @ http://localhost:8765/_stcore/host-config:0
[ 4140188ms] [ERROR] Failed to load resource: net::ERR_CONNECTION_REFUSED @ http://localhost:8765/_stcore/health:0
[ 4140188ms] [ERROR] Client Error in reaching server endpoint - No response received when attempting to reach /_stcore/health @ http://localhost:8765/static/js/index.bE3scgDe.js:33
[ 4140189ms] [ERROR] Is Streamlit still running? If you accidentally stopped Streamlit, just restart it in your terminal: @ http://localhost:8765/static/js/index.bE3scgDe.js:38
[ 4140209ms] [ERROR] Failed to load resource: net::ERR_CONNECTION_REFUSED @ http://localhost:8765/_stcore/host-config:0
[ 4145674ms] [ERROR] Failed to load resource: net::ERR_CONNECTION_REFUSED @ http://localhost:8765/_stcore/health:0
[ 4145674ms] [ERROR] Client Error in reaching server endpoint - No response received when attempting to reach /_stcore/health @ http://localhost:8765/static/js/index.bE3scgDe.js:33
[ 4145674ms] [ERROR] Is Streamlit still running? If you accidentally stopped Streamlit, just restart it in your terminal: @ http://localhost:8765/static/js/index.bE3scgDe.js:38
[ 4145704ms] [ERROR] Failed to load resource: net::ERR_CONNECTION_REFUSED @ http://localhost:8765/_stcore/host-config:0
[ 4151066ms] [ERROR] Failed to load resource: net::ERR_CONNECTION_REFUSED @ http://localhost:8765/_stcore/health:0
[ 4151067ms] [ERROR] Client Error in reaching server endpoint - No response received when attempting to reach /_stcore/health @ http://localhost:8765/static/js/index.bE3scgDe.js:33
[ 4151067ms] [ERROR] Is Streamlit still running? If you accidentally stopped Streamlit, just restart it in your terminal: @ http://localhost:8765/static/js/index.bE3scgDe.js:38
[ 4151088ms] [ERROR] Failed to load resource: net::ERR_CONNECTION_REFUSED @ http://localhost:8765/_stcore/host-config:0
[ 4156763ms] [ERROR] Failed to load resource: net::ERR_CONNECTION_REFUSED @ http://localhost:8765/_stcore/health:0
[ 4156763ms] [ERROR] Client Error in reaching server endpoint - No response received when attempting to reach /_stcore/health @ http://localhost:8765/static/js/index.bE3scgDe.js:33
[ 4156763ms] [ERROR] Is Streamlit still running? If you accidentally stopped Streamlit, just restart it in your terminal: @ http://localhost:8765/static/js/index.bE3scgDe.js:38
[ 4156764ms] [ERROR] Failed to load resource: net::ERR_CONNECTION_REFUSED @ http://localhost:8765/_stcore/host-config:0
[ 4162343ms] [ERROR] Failed to load resource: net::ERR_CONNECTION_REFUSED @ http://localhost:8765/_stcore/health:0
[ 4162343ms] [ERROR] Client Error in reaching server endpoint - No response received when attempting to reach /_stcore/health @ http://localhost:8765/static/js/index.bE3scgDe.js:33
[ 4162344ms] [ERROR] Is Streamlit still running? If you accidentally stopped Streamlit, just restart it in your terminal: @ http://localhost:8765/static/js/index.bE3scgDe.js:38
[ 4162366ms] [ERROR] Failed to load resource: net::ERR_CONNECTION_REFUSED @ http://localhost:8765/_stcore/host-config:0
[ 4167944ms] [ERROR] Failed to load resource: net::ERR_CONNECTION_REFUSED @ http://localhost:8765/_stcore/health:0
[ 4167944ms] [ERROR] Client Error in reaching server endpoint - No response received when attempting to reach /_stcore/health @ http://localhost:8765/static/js/index.bE3scgDe.js:33
[ 4167944ms] [ERROR] Is Streamlit still running? If you accidentally stopped Streamlit, just restart it in your terminal: @ http://localhost:8765/static/js/index.bE3scgDe.js:38
[ 4167944ms] [ERROR] Failed to load resource: net::ERR_CONNECTION_REFUSED @ http://localhost:8765/_stcore/host-config:0
[ 4173127ms] [ERROR] Failed to load resource: net::ERR_CONNECTION_REFUSED @ http://localhost:8765/_stcore/health:0
[ 4173127ms] [ERROR] Client Error in reaching server endpoint - No response received when attempting to reach /_stcore/health @ http://localhost:8765/static/js/index.bE3scgDe.js:33
[ 4173127ms] [ERROR] Is Streamlit still running? If you accidentally stopped Streamlit, just restart it in your terminal: @ http://localhost:8765/static/js/index.bE3scgDe.js:38
[ 4173149ms] [ERROR] Failed to load resource: net::ERR_CONNECTION_REFUSED @ http://localhost:8765/_stcore/host-config:0
[ 4178367ms] [ERROR] Failed to load resource: net::ERR_CONNECTION_REFUSED @ http://localhost:8765/_stcore/health:0
[ 4178367ms] [ERROR] Client Error in reaching server endpoint - No response received when attempting to reach /_stcore/health @ http://localhost:8765/static/js/index.bE3scgDe.js:33
[ 4178367ms] [ERROR] Is Streamlit still running? If you accidentally stopped Streamlit, just restart it in your terminal: @ http://localhost:8765/static/js/index.bE3scgDe.js:38
[ 4178388ms] [ERROR] Failed to load resource: net::ERR_CONNECTION_REFUSED @ http://localhost:8765/_stcore/host-config:0
[ 4184359ms] [ERROR] Failed to load resource: net::ERR_CONNECTION_REFUSED @ http://localhost:8765/_stcore/health:0
[ 4184359ms] [ERROR] Client Error in reaching server endpoint - No response received when attempting to reach /_stcore/health @ http://localhost:8765/static/js/index.bE3scgDe.js:33
[ 4184359ms] [ERROR] Is Streamlit still running? If you accidentally stopped Streamlit, just restart it in your terminal: @ http://localhost:8765/static/js/index.bE3scgDe.js:38
[ 4184380ms] [ERROR] Failed to load resource: net::ERR_CONNECTION_REFUSED @ http://localhost:8765/_stcore/host-config:0
[ 4189843ms] [ERROR] Failed to load resource: net::ERR_CONNECTION_REFUSED @ http://localhost:8765/_stcore/health:0
[ 4189843ms] [ERROR] Client Error in reaching server endpoint - No response received when attempting to reach /_stcore/health @ http://localhost:8765/static/js/index.bE3scgDe.js:33
[ 4189844ms] [ERROR] Is Streamlit still running? If you accidentally stopped Streamlit, just restart it in your terminal: @ http://localhost:8765/static/js/index.bE3scgDe.js:38
[ 4189844ms] [ERROR] Failed to load resource: net::ERR_CONNECTION_REFUSED @ http://localhost:8765/_stcore/host-config:0
[ 4195855ms] [ERROR] Failed to load resource: net::ERR_CONNECTION_REFUSED @ http://localhost:8765/_stcore/health:0
[ 4195855ms] [ERROR] Client Error in reaching server endpoint - No response received when attempting to reach /_stcore/health @ http://localhost:8765/static/js/index.bE3scgDe.js:33
[ 4195855ms] [ERROR] Is Streamlit still running? If you accidentally stopped Streamlit, just restart it in your terminal: @ http://localhost:8765/static/js/index.bE3scgDe.js:38
[ 4195876ms] [ERROR] Failed to load resource: net::ERR_CONNECTION_REFUSED @ http://localhost:8765/_stcore/host-config:0
[ 4201826ms] [ERROR] Failed to load resource: net::ERR_CONNECTION_REFUSED @ http://localhost:8765/_stcore/health:0
[ 4201826ms] [ERROR] Client Error in reaching server endpoint - No response received when attempting to reach /_stcore/health @ http://localhost:8765/static/js/index.bE3scgDe.js:33
[ 4201826ms] [ERROR] Is Streamlit still running? If you accidentally stopped Streamlit, just restart it in your terminal: @ http://localhost:8765/static/js/index.bE3scgDe.js:38
[ 4201849ms] [ERROR] Failed to load resource: net::ERR_CONNECTION_REFUSED @ http://localhost:8765/_stcore/host-config:0
[ 4207498ms] [ERROR] Failed to load resource: net::ERR_CONNECTION_REFUSED @ http://localhost:8765/_stcore/health:0
[ 4207498ms] [ERROR] Client Error in reaching server endpoint - No response received when attempting to reach /_stcore/health @ http://localhost:8765/static/js/index.bE3scgDe.js:33
[ 4207499ms] [ERROR] Is Streamlit still running? If you accidentally stopped Streamlit, just restart it in your terminal: @ http://localhost:8765/static/js/index.bE3scgDe.js:38
[ 4207521ms] [ERROR] Failed to load resource: net::ERR_CONNECTION_REFUSED @ http://localhost:8765/_stcore/host-config:0
[ 4212673ms] [ERROR] Failed to load resource: net::ERR_CONNECTION_REFUSED @ http://localhost:8765/_stcore/health:0
[ 4212673ms] [ERROR] Client Error in reaching server endpoint - No response received when attempting to reach /_stcore/health @ http://localhost:8765/static/js/index.bE3scgDe.js:33
[ 4212673ms] [ERROR] Is Streamlit still running? If you accidentally stopped Streamlit, just restart it in your terminal: @ http://localhost:8765/static/js/index.bE3scgDe.js:38
[ 4212675ms] [ERROR] Failed to load resource: net::ERR_CONNECTION_REFUSED @ http://localhost:8765/_stcore/host-config:0
[ 4218992ms] [ERROR] Failed to load resource: net::ERR_CONNECTION_REFUSED @ http://localhost:8765/_stcore/health:0
[ 4218992ms] [ERROR] Client Error in reaching server endpoint - No response received when attempting to reach /_stcore/health @ http://localhost:8765/static/js/index.bE3scgDe.js:33
[ 4218992ms] [ERROR] Is Streamlit still running? If you accidentally stopped Streamlit, just restart it in your terminal: @ http://localhost:8765/static/js/index.bE3scgDe.js:38
[ 4218994ms] [ERROR] Failed to load resource: net::ERR_CONNECTION_REFUSED @ http://localhost:8765/_stcore/host-config:0
[ 4224210ms] [ERROR] Failed to load resource: net::ERR_CONNECTION_REFUSED @ http://localhost:8765/_stcore/health:0
[ 4224210ms] [ERROR] Client Error in reaching server endpoint - No response received when attempting to reach /_stcore/health @ http://localhost:8765/static/js/index.bE3scgDe.js:33
[ 4224210ms] [ERROR] Is Streamlit still running? If you accidentally stopped Streamlit, just restart it in your terminal: @ http://localhost:8765/static/js/index.bE3scgDe.js:38
[ 4224232ms] [ERROR] Failed to load resource: net::ERR_CONNECTION_REFUSED @ http://localhost:8765/_stcore/host-config:0
[ 4229813ms] [ERROR] Failed to load resource: net::ERR_CONNECTION_REFUSED @ http://localhost:8765/_stcore/health:0
[ 4229814ms] [ERROR] Client Error in reaching server endpoint - No response received when attempting to reach /_stcore/health @ http://localhost:8765/static/js/index.bE3scgDe.js:33
[ 4229814ms] [ERROR] Is Streamlit still running? If you accidentally stopped Streamlit, just restart it in your terminal: @ http://localhost:8765/static/js/index.bE3scgDe.js:38
[ 4229834ms] [ERROR] Failed to load resource: net::ERR_CONNECTION_REFUSED @ http://localhost:8765/_stcore/host-config:0
[ 4235033ms] [ERROR] Failed to load resource: net::ERR_CONNECTION_REFUSED @ http://localhost:8765/_stcore/health:0
[ 4235034ms] [ERROR] Client Error in reaching server endpoint - No response received when attempting to reach /_stcore/health @ http://localhost:8765/static/js/index.bE3scgDe.js:33
[ 4235034ms] [ERROR] Is Streamlit still running? If you accidentally stopped Streamlit, just restart it in your terminal: @ http://localhost:8765/static/js/index.bE3scgDe.js:38
[ 4235055ms] [ERROR] Failed to load resource: net::ERR_CONNECTION_REFUSED @ http://localhost:8765/_stcore/host-config:0
[ 4241040ms] [ERROR] Failed to load resource: net::ERR_CONNECTION_REFUSED @ http://localhost:8765/_stcore/health:0
[ 4241040ms] [ERROR] Client Error in reaching server endpoint - No response received when attempting to reach /_stcore/health @ http://localhost:8765/static/js/index.bE3scgDe.js:33
[ 4241040ms] [ERROR] Is Streamlit still running? If you accidentally stopped Streamlit, just restart it in your terminal: @ http://localhost:8765/static/js/index.bE3scgDe.js:38
[ 4241060ms] [ERROR] Failed to load resource: net::ERR_CONNECTION_REFUSED @ http://localhost:8765/_stcore/host-config:0
[ 4247248ms] [ERROR] Failed to load resource: net::ERR_CONNECTION_REFUSED @ http://localhost:8765/_stcore/health:0
[ 4247248ms] [ERROR] Client Error in reaching server endpoint - No response received when attempting to reach /_stcore/health @ http://localhost:8765/static/js/index.bE3scgDe.js:33
[ 4247249ms] [ERROR] Is Streamlit still running? If you accidentally stopped Streamlit, just restart it in your terminal: @ http://localhost:8765/static/js/index.bE3scgDe.js:38
[ 4247249ms] [ERROR] Failed to load resource: net::ERR_CONNECTION_REFUSED @ http://localhost:8765/_stcore/host-config:0
[ 4252548ms] [ERROR] Failed to load resource: net::ERR_CONNECTION_REFUSED @ http://localhost:8765/_stcore/health:0
[ 4252549ms] [ERROR] Client Error in reaching server endpoint - No response received when attempting to reach /_stcore/health @ http://localhost:8765/static/js/index.bE3scgDe.js:33
[ 4252549ms] [ERROR] Is Streamlit still running? If you accidentally stopped Streamlit, just restart it in your terminal: @ http://localhost:8765/static/js/index.bE3scgDe.js:38
[ 4252569ms] [ERROR] Failed to load resource: net::ERR_CONNECTION_REFUSED @ http://localhost:8765/_stcore/host-config:0
[ 4258755ms] [ERROR] Failed to load resource: net::ERR_CONNECTION_REFUSED @ http://localhost:8765/_stcore/health:0
[ 4258755ms] [ERROR] Client Error in reaching server endpoint - No response received when attempting to reach /_stcore/health @ http://localhost:8765/static/js/index.bE3scgDe.js:33
[ 4258755ms] [ERROR] Is Streamlit still running? If you accidentally stopped Streamlit, just restart it in your terminal: @ http://localhost:8765/static/js/index.bE3scgDe.js:38
[ 4258757ms] [ERROR] Failed to load resource: net::ERR_CONNECTION_REFUSED @ http://localhost:8765/_stcore/host-config:0
[ 4264652ms] [ERROR] Failed to load resource: net::ERR_CONNECTION_REFUSED @ http://localhost:8765/_stcore/health:0
[ 4264652ms] [ERROR] Client Error in reaching server endpoint - No response received when attempting to reach /_stcore/health @ http://localhost:8765/static/js/index.bE3scgDe.js:33
[ 4264653ms] [ERROR] Is Streamlit still running? If you accidentally stopped Streamlit, just restart it in your terminal: @ http://localhost:8765/static/js/index.bE3scgDe.js:38
[ 4264676ms] [ERROR] Failed to load resource: net::ERR_CONNECTION_REFUSED @ http://localhost:8765/_stcore/host-config:0
[ 4269952ms] [ERROR] Failed to load resource: net::ERR_CONNECTION_REFUSED @ http://localhost:8765/_stcore/health:0
[ 4269952ms] [ERROR] Client Error in reaching server endpoint - No response received when attempting to reach /_stcore/health @ http://localhost:8765/static/js/index.bE3scgDe.js:33
[ 4269952ms] [ERROR] Is Streamlit still running? If you accidentally stopped Streamlit, just restart it in your terminal: @ http://localhost:8765/static/js/index.bE3scgDe.js:38
[ 4269954ms] [ERROR] Failed to load resource: net::ERR_CONNECTION_REFUSED @ http://localhost:8765/_stcore/host-config:0
[ 4275593ms] [ERROR] Failed to load resource: net::ERR_CONNECTION_REFUSED @ http://localhost:8765/_stcore/health:0
[ 4275593ms] [ERROR] Client Error in reaching server endpoint - No response received when attempting to reach /_stcore/health @ http://localhost:8765/static/js/index.bE3scgDe.js:33
[ 4275593ms] [ERROR] Is Streamlit still running? If you accidentally stopped Streamlit, just restart it in your terminal: @ http://localhost:8765/static/js/index.bE3scgDe.js:38
[ 4275614ms] [ERROR] Failed to load resource: net::ERR_CONNECTION_REFUSED @ http://localhost:8765/_stcore/host-config:0
[ 4281147ms] [ERROR] Failed to load resource: net::ERR_CONNECTION_REFUSED @ http://localhost:8765/_stcore/health:0
[ 4281148ms] [ERROR] Client Error in reaching server endpoint - No response received when attempting to reach /_stcore/health @ http://localhost:8765/static/js/index.bE3scgDe.js:33
[ 4281148ms] [ERROR] Is Streamlit still running? If you accidentally stopped Streamlit, just restart it in your terminal: @ http://localhost:8765/static/js/index.bE3scgDe.js:38
[ 4281170ms] [ERROR] Failed to load resource: net::ERR_CONNECTION_REFUSED @ http://localhost:8765/_stcore/host-config:0
[ 4287243ms] [ERROR] Failed to load resource: net::ERR_CONNECTION_REFUSED @ http://localhost:8765/_stcore/health:0
[ 4287243ms] [ERROR] Client Error in reaching server endpoint - No response received when attempting to reach /_stcore/health @ http://localhost:8765/static/js/index.bE3scgDe.js:33
[ 4287244ms] [ERROR] Is Streamlit still running? If you accidentally stopped Streamlit, just restart it in your terminal: @ http://localhost:8765/static/js/index.bE3scgDe.js:38
[ 4287268ms] [ERROR] Failed to load resource: net::ERR_CONNECTION_REFUSED @ http://localhost:8765/_stcore/host-config:0
[ 4292423ms] [ERROR] Failed to load resource: net::ERR_CONNECTION_REFUSED @ http://localhost:8765/_stcore/health:0
[ 4292423ms] [ERROR] Client Error in reaching server endpoint - No response received when attempting to reach /_stcore/health @ http://localhost:8765/static/js/index.bE3scgDe.js:33
[ 4292423ms] [ERROR] Is Streamlit still running? If you accidentally stopped Streamlit, just restart it in your terminal: @ http://localhost:8765/static/js/index.bE3scgDe.js:38
[ 4292444ms] [ERROR] Failed to load resource: net::ERR_CONNECTION_REFUSED @ http://localhost:8765/_stcore/host-config:0
[ 4297938ms] [ERROR] Failed to load resource: net::ERR_CONNECTION_REFUSED @ http://localhost:8765/_stcore/health:0
[ 4297938ms] [ERROR] Client Error in reaching server endpoint - No response received when attempting to reach /_stcore/health @ http://localhost:8765/static/js/index.bE3scgDe.js:33
[ 4297938ms] [ERROR] Is Streamlit still running? If you accidentally stopped Streamlit, just restart it in your terminal: @ http://localhost:8765/static/js/index.bE3scgDe.js:38
[ 4297960ms] [ERROR] Failed to load resource: net::ERR_CONNECTION_REFUSED @ http://localhost:8765/_stcore/host-config:0
[ 4303912ms] [ERROR] Failed to load resource: net::ERR_CONNECTION_REFUSED @ http://localhost:8765/_stcore/health:0
[ 4303913ms] [ERROR] Client Error in reaching server endpoint - No response received when attempting to reach /_stcore/health @ http://localhost:8765/static/js/index.bE3scgDe.js:33
[ 4303913ms] [ERROR] Is Streamlit still running? If you accidentally stopped Streamlit, just restart it in your terminal: @ http://localhost:8765/static/js/index.bE3scgDe.js:38
[ 4303933ms] [ERROR] Failed to load resource: net::ERR_CONNECTION_REFUSED @ http://localhost:8765/_stcore/host-config:0
[ 4310186ms] [ERROR] Failed to load resource: net::ERR_CONNECTION_REFUSED @ http://localhost:8765/_stcore/health:0
[ 4310187ms] [ERROR] Client Error in reaching server endpoint - No response received when attempting to reach /_stcore/health @ http://localhost:8765/static/js/index.bE3scgDe.js:33
[ 4310187ms] [ERROR] Is Streamlit still running? If you accidentally stopped Streamlit, just restart it in your terminal: @ http://localhost:8765/static/js/index.bE3scgDe.js:38
[ 4310219ms] [ERROR] Failed to load resource: net::ERR_CONNECTION_REFUSED @ http://localhost:8765/_stcore/host-config:0
[ 4315501ms] [ERROR] Failed to load resource: net::ERR_CONNECTION_REFUSED @ http://localhost:8765/_stcore/health:0
[ 4315501ms] [ERROR] Client Error in reaching server endpoint - No response received when attempting to reach /_stcore/health @ http://localhost:8765/static/js/index.bE3scgDe.js:33
[ 4315501ms] [ERROR] Is Streamlit still running? If you accidentally stopped Streamlit, just restart it in your terminal: @ http://localhost:8765/static/js/index.bE3scgDe.js:38
[ 4315523ms] [ERROR] Failed to load resource: net::ERR_CONNECTION_REFUSED @ http://localhost:8765/_stcore/host-config:0
[ 4322199ms] [ERROR] Failed to load resource: net::ERR_CONNECTION_REFUSED @ http://localhost:8765/_stcore/health:0
[ 4322200ms] [ERROR] Client Error in reaching server endpoint - No response received when attempting to reach /_stcore/health @ http://localhost:8765/static/js/index.bE3scgDe.js:33
[ 4322200ms] [ERROR] Is Streamlit still running? If you accidentally stopped Streamlit, just restart it in your terminal: @ http://localhost:8765/static/js/index.bE3scgDe.js:38
[ 4322223ms] [ERROR] Failed to load resource: net::ERR_CONNECTION_REFUSED @ http://localhost:8765/_stcore/host-config:0
[ 4327904ms] [ERROR] Failed to load resource: net::ERR_CONNECTION_REFUSED @ http://localhost:8765/_stcore/health:0
[ 4327905ms] [ERROR] Client Error in reaching server endpoint - No response received when attempting to reach /_stcore/health @ http://localhost:8765/static/js/index.bE3scgDe.js:33
[ 4327905ms] [ERROR] Is Streamlit still running? If you accidentally stopped Streamlit, just restart it in your terminal: @ http://localhost:8765/static/js/index.bE3scgDe.js:38
[ 4327926ms] [ERROR] Failed to load resource: net::ERR_CONNECTION_REFUSED @ http://localhost:8765/_stcore/host-config:0
[ 4333954ms] [ERROR] Failed to load resource: net::ERR_CONNECTION_REFUSED @ http://localhost:8765/_stcore/health:0
[ 4333954ms] [ERROR] Client Error in reaching server endpoint - No response received when attempting to reach /_stcore/health @ http://localhost:8765/static/js/index.bE3scgDe.js:33
[ 4333955ms] [ERROR] Is Streamlit still running? If you accidentally stopped Streamlit, just restart it in your terminal: @ http://localhost:8765/static/js/index.bE3scgDe.js:38
[ 4333977ms] [ERROR] Failed to load resource: net::ERR_CONNECTION_REFUSED @ http://localhost:8765/_stcore/host-config:0
[ 4339445ms] [ERROR] Failed to load resource: net::ERR_CONNECTION_REFUSED @ http://localhost:8765/_stcore/health:0
[ 4339446ms] [ERROR] Client Error in reaching server endpoint - No response received when attempting to reach /_stcore/health @ http://localhost:8765/static/js/index.bE3scgDe.js:33
[ 4339446ms] [ERROR] Is Streamlit still running? If you accidentally stopped Streamlit, just restart it in your terminal: @ http://localhost:8765/static/js/index.bE3scgDe.js:38
[ 4339448ms] [ERROR] Failed to load resource: net::ERR_CONNECTION_REFUSED @ http://localhost:8765/_stcore/host-config:0
[ 4344728ms] [ERROR] Failed to load resource: net::ERR_CONNECTION_REFUSED @ http://localhost:8765/_stcore/health:0
[ 4344728ms] [ERROR] Client Error in reaching server endpoint - No response received when attempting to reach /_stcore/health @ http://localhost:8765/static/js/index.bE3scgDe.js:33
[ 4344728ms] [ERROR] Is Streamlit still running? If you accidentally stopped Streamlit, just restart it in your terminal: @ http://localhost:8765/static/js/index.bE3scgDe.js:38
[ 4344730ms] [ERROR] Failed to load resource: net::ERR_CONNECTION_REFUSED @ http://localhost:8765/_stcore/host-config:0
[ 4350609ms] [ERROR] Failed to load resource: net::ERR_CONNECTION_REFUSED @ http://localhost:8765/_stcore/health:0
[ 4350609ms] [ERROR] Client Error in reaching server endpoint - No response received when attempting to reach /_stcore/health @ http://localhost:8765/static/js/index.bE3scgDe.js:33
[ 4350609ms] [ERROR] Is Streamlit still running? If you accidentally stopped Streamlit, just restart it in your terminal: @ http://localhost:8765/static/js/index.bE3scgDe.js:38
[ 4350612ms] [ERROR] Failed to load resource: net::ERR_CONNECTION_REFUSED @ http://localhost:8765/_stcore/host-config:0
[ 4356705ms] [ERROR] Failed to load resource: net::ERR_CONNECTION_REFUSED @ http://localhost:8765/_stcore/health:0
[ 4356705ms] [ERROR] Client Error in reaching server endpoint - No response received when attempting to reach /_stcore/health @ http://localhost:8765/static/js/index.bE3scgDe.js:33
[ 4356706ms] [ERROR] Is Streamlit still running? If you accidentally stopped Streamlit, just restart it in your terminal: @ http://localhost:8765/static/js/index.bE3scgDe.js:38
[ 4356728ms] [ERROR] Failed to load resource: net::ERR_CONNECTION_REFUSED @ http://localhost:8765/_stcore/host-config:0
[ 4362115ms] [ERROR] Failed to load resource: net::ERR_CONNECTION_REFUSED @ http://localhost:8765/_stcore/health:0
[ 4362115ms] [ERROR] Client Error in reaching server endpoint - No response received when attempting to reach /_stcore/health @ http://localhost:8765/static/js/index.bE3scgDe.js:33
[ 4362115ms] [ERROR] Is Streamlit still running? If you accidentally stopped Streamlit, just restart it in your terminal: @ http://localhost:8765/static/js/index.bE3scgDe.js:38
[ 4362137ms] [ERROR] Failed to load resource: net::ERR_CONNECTION_REFUSED @ http://localhost:8765/_stcore/host-config:0
[ 4367997ms] [ERROR] Failed to load resource: net::ERR_CONNECTION_REFUSED @ http://localhost:8765/_stcore/health:0
[ 4367998ms] [ERROR] Client Error in reaching server endpoint - No response received when attempting to reach /_stcore/health @ http://localhost:8765/static/js/index.bE3scgDe.js:33
[ 4367998ms] [ERROR] Is Streamlit still running? If you accidentally stopped Streamlit, just restart it in your terminal: @ http://localhost:8765/static/js/index.bE3scgDe.js:38
[ 4368000ms] [ERROR] Failed to load resource: net::ERR_CONNECTION_REFUSED @ http://localhost:8765/_stcore/host-config:0
[ 4373360ms] [ERROR] Failed to load resource: net::ERR_CONNECTION_REFUSED @ http://localhost:8765/_stcore/health:0
[ 4373360ms] [ERROR] Client Error in reaching server endpoint - No response received when attempting to reach /_stcore/health @ http://localhost:8765/static/js/index.bE3scgDe.js:33
[ 4373361ms] [ERROR] Is Streamlit still running? If you accidentally stopped Streamlit, just restart it in your terminal: @ http://localhost:8765/static/js/index.bE3scgDe.js:38
[ 4373363ms] [ERROR] Failed to load resource: net::ERR_CONNECTION_REFUSED @ http://localhost:8765/_stcore/host-config:0
[ 4379177ms] [ERROR] Failed to load resource: net::ERR_CONNECTION_REFUSED @ http://localhost:8765/_stcore/health:0
[ 4379178ms] [ERROR] Client Error in reaching server endpoint - No response received when attempting to reach /_stcore/health @ http://localhost:8765/static/js/index.bE3scgDe.js:33
[ 4379178ms] [ERROR] Is Streamlit still running? If you accidentally stopped Streamlit, just restart it in your terminal: @ http://localhost:8765/static/js/index.bE3scgDe.js:38
[ 4379180ms] [ERROR] Failed to load resource: net::ERR_CONNECTION_REFUSED @ http://localhost:8765/_stcore/host-config:0
[ 4385227ms] [ERROR] Failed to load resource: net::ERR_CONNECTION_REFUSED @ http://localhost:8765/_stcore/health:0
[ 4385228ms] [ERROR] Client Error in reaching server endpoint - No response received when attempting to reach /_stcore/health @ http://localhost:8765/static/js/index.bE3scgDe.js:33
[ 4385228ms] [ERROR] Is Streamlit still running? If you accidentally stopped Streamlit, just restart it in your terminal: @ http://localhost:8765/static/js/index.bE3scgDe.js:38
[ 4385251ms] [ERROR] Failed to load resource: net::ERR_CONNECTION_REFUSED @ http://localhost:8765/_stcore/host-config:0
[ 4391295ms] [ERROR] Failed to load resource: net::ERR_CONNECTION_REFUSED @ http://localhost:8765/_stcore/health:0
[ 4391295ms] [ERROR] Client Error in reaching server endpoint - No response received when attempting to reach /_stcore/health @ http://localhost:8765/static/js/index.bE3scgDe.js:33
[ 4391295ms] [ERROR] Is Streamlit still running? If you accidentally stopped Streamlit, just restart it in your terminal: @ http://localhost:8765/static/js/index.bE3scgDe.js:38
[ 4391314ms] [ERROR] Failed to load resource: net::ERR_CONNECTION_REFUSED @ http://localhost:8765/_stcore/host-config:0
[ 4397082ms] [ERROR] Failed to load resource: net::ERR_CONNECTION_REFUSED @ http://localhost:8765/_stcore/health:0
[ 4397082ms] [ERROR] Client Error in reaching server endpoint - No response received when attempting to reach /_stcore/health @ http://localhost:8765/static/js/index.bE3scgDe.js:33
[ 4397082ms] [ERROR] Is Streamlit still running? If you accidentally stopped Streamlit, just restart it in your terminal: @ http://localhost:8765/static/js/index.bE3scgDe.js:38
[ 4397103ms] [ERROR] Failed to load resource: net::ERR_CONNECTION_REFUSED @ http://localhost:8765/_stcore/host-config:0
[ 4403118ms] [ERROR] Failed to load resource: net::ERR_CONNECTION_REFUSED @ http://localhost:8765/_stcore/health:0
[ 4403118ms] [ERROR] Client Error in reaching server endpoint - No response received when attempting to reach /_stcore/health @ http://localhost:8765/static/js/index.bE3scgDe.js:33
[ 4403118ms] [ERROR] Is Streamlit still running? If you accidentally stopped Streamlit, just restart it in your terminal: @ http://localhost:8765/static/js/index.bE3scgDe.js:38
[ 4403120ms] [ERROR] Failed to load resource: net::ERR_CONNECTION_REFUSED @ http://localhost:8765/_stcore/host-config:0
[ 4408400ms] [ERROR] Failed to load resource: net::ERR_CONNECTION_REFUSED @ http://localhost:8765/_stcore/health:0
[ 4408401ms] [ERROR] Client Error in reaching server endpoint - No response received when attempting to reach /_stcore/health @ http://localhost:8765/static/js/index.bE3scgDe.js:33
[ 4408401ms] [ERROR] Is Streamlit still running? If you accidentally stopped Streamlit, just restart it in your terminal: @ http://localhost:8765/static/js/index.bE3scgDe.js:38
[ 4408422ms] [ERROR] Failed to load resource: net::ERR_CONNECTION_REFUSED @ http://localhost:8765/_stcore/host-config:0
[ 4413719ms] [ERROR] Failed to load resource: net::ERR_CONNECTION_REFUSED @ http://localhost:8765/_stcore/health:0
[ 4413720ms] [ERROR] Client Error in reaching server endpoint - No response received when attempting to reach /_stcore/health @ http://localhost:8765/static/js/index.bE3scgDe.js:33
[ 4413720ms] [ERROR] Is Streamlit still running? If you accidentally stopped Streamlit, just restart it in your terminal: @ http://localhost:8765/static/js/index.bE3scgDe.js:38
[ 4413720ms] [ERROR] Failed to load resource: net::ERR_CONNECTION_REFUSED @ http://localhost:8765/_stcore/host-config:0
[ 4419488ms] [ERROR] Failed to load resource: net::ERR_CONNECTION_REFUSED @ http://localhost:8765/_stcore/health:0
[ 4419488ms] [ERROR] Client Error in reaching server endpoint - No response received when attempting to reach /_stcore/health @ http://localhost:8765/static/js/index.bE3scgDe.js:33
[ 4419488ms] [ERROR] Is Streamlit still running? If you accidentally stopped Streamlit, just restart it in your terminal: @ http://localhost:8765/static/js/index.bE3scgDe.js:38
[ 4419510ms] [ERROR] Failed to load resource: net::ERR_CONNECTION_REFUSED @ http://localhost:8765/_stcore/host-config:0
[ 4425835ms] [ERROR] Failed to load resource: net::ERR_CONNECTION_REFUSED @ http://localhost:8765/_stcore/health:0
[ 4425836ms] [ERROR] Client Error in reaching server endpoint - No response received when attempting to reach /_stcore/health @ http://localhost:8765/static/js/index.bE3scgDe.js:33
[ 4425836ms] [ERROR] Is Streamlit still running? If you accidentally stopped Streamlit, just restart it in your terminal: @ http://localhost:8765/static/js/index.bE3scgDe.js:38
[ 4425855ms] [ERROR] Failed to load resource: net::ERR_CONNECTION_REFUSED @ http://localhost:8765/_stcore/host-config:0
[ 4432126ms] [ERROR] Failed to load resource: net::ERR_CONNECTION_REFUSED @ http://localhost:8765/_stcore/health:0
[ 4432127ms] [ERROR] Client Error in reaching server endpoint - No response received when attempting to reach /_stcore/health @ http://localhost:8765/static/js/index.bE3scgDe.js:33
[ 4432127ms] [ERROR] Is Streamlit still running? If you accidentally stopped Streamlit, just restart it in your terminal: @ http://localhost:8765/static/js/index.bE3scgDe.js:38
[ 4432149ms] [ERROR] Failed to load resource: net::ERR_CONNECTION_REFUSED @ http://localhost:8765/_stcore/host-config:0
[ 4438196ms] [ERROR] Failed to load resource: net::ERR_CONNECTION_REFUSED @ http://localhost:8765/_stcore/health:0
[ 4438196ms] [ERROR] Client Error in reaching server endpoint - No response received when attempting to reach /_stcore/health @ http://localhost:8765/static/js/index.bE3scgDe.js:33
[ 4438196ms] [ERROR] Is Streamlit still running? If you accidentally stopped Streamlit, just restart it in your terminal: @ http://localhost:8765/static/js/index.bE3scgDe.js:38
[ 4438222ms] [ERROR] Failed to load resource: net::ERR_CONNECTION_REFUSED @ http://localhost:8765/_stcore/host-config:0
[ 4444514ms] [ERROR] Failed to load resource: net::ERR_CONNECTION_REFUSED @ http://localhost:8765/_stcore/health:0
[ 4444515ms] [ERROR] Client Error in reaching server endpoint - No response received when attempting to reach /_stcore/health @ http://localhost:8765/static/js/index.bE3scgDe.js:33
[ 4444515ms] [ERROR] Is Streamlit still running? If you accidentally stopped Streamlit, just restart it in your terminal: @ http://localhost:8765/static/js/index.bE3scgDe.js:38
[ 4444517ms] [ERROR] Failed to load resource: net::ERR_CONNECTION_REFUSED @ http://localhost:8765/_stcore/host-config:0
[ 4449907ms] [ERROR] Failed to load resource: net::ERR_CONNECTION_REFUSED @ http://localhost:8765/_stcore/health:0
[ 4449907ms] [ERROR] Client Error in reaching server endpoint - No response received when attempting to reach /_stcore/health @ http://localhost:8765/static/js/index.bE3scgDe.js:33
[ 4449908ms] [ERROR] Is Streamlit still running? If you accidentally stopped Streamlit, just restart it in your terminal: @ http://localhost:8765/static/js/index.bE3scgDe.js:38
[ 4449929ms] [ERROR] Failed to load resource: net::ERR_CONNECTION_REFUSED @ http://localhost:8765/_stcore/host-config:0
[ 4455632ms] [ERROR] Failed to load resource: net::ERR_CONNECTION_REFUSED @ http://localhost:8765/_stcore/health:0
[ 4455632ms] [ERROR] Client Error in reaching server endpoint - No response received when attempting to reach /_stcore/health @ http://localhost:8765/static/js/index.bE3scgDe.js:33
[ 4455632ms] [ERROR] Is Streamlit still running? If you accidentally stopped Streamlit, just restart it in your terminal: @ http://localhost:8765/static/js/index.bE3scgDe.js:38
[ 4455653ms] [ERROR] Failed to load resource: net::ERR_CONNECTION_REFUSED @ http://localhost:8765/_stcore/host-config:0
[ 4461056ms] [ERROR] Failed to load resource: net::ERR_CONNECTION_REFUSED @ http://localhost:8765/_stcore/health:0
[ 4461056ms] [ERROR] Client Error in reaching server endpoint - No response received when attempting to reach /_stcore/health @ http://localhost:8765/static/js/index.bE3scgDe.js:33
[ 4461056ms] [ERROR] Is Streamlit still running? If you accidentally stopped Streamlit, just restart it in your terminal: @ http://localhost:8765/static/js/index.bE3scgDe.js:38
[ 4461078ms] [ERROR] Failed to load resource: net::ERR_CONNECTION_REFUSED @ http://localhost:8765/_stcore/host-config:0
[ 4466922ms] [ERROR] Failed to load resource: net::ERR_CONNECTION_REFUSED @ http://localhost:8765/_stcore/health:0
[ 4466922ms] [ERROR] Client Error in reaching server endpoint - No response received when attempting to reach /_stcore/health @ http://localhost:8765/static/js/index.bE3scgDe.js:33
[ 4466922ms] [ERROR] Is Streamlit still running? If you accidentally stopped Streamlit, just restart it in your terminal: @ http://localhost:8765/static/js/index.bE3scgDe.js:38
[ 4466942ms] [ERROR] Failed to load resource: net::ERR_CONNECTION_REFUSED @ http://localhost:8765/_stcore/host-config:0
[ 4473179ms] [ERROR] Failed to load resource: net::ERR_CONNECTION_REFUSED @ http://localhost:8765/_stcore/health:0
[ 4473179ms] [ERROR] Client Error in reaching server endpoint - No response received when attempting to reach /_stcore/health @ http://localhost:8765/static/js/index.bE3scgDe.js:33
[ 4473179ms] [ERROR] Is Streamlit still running? If you accidentally stopped Streamlit, just restart it in your terminal: @ http://localhost:8765/static/js/index.bE3scgDe.js:38
[ 4473201ms] [ERROR] Failed to load resource: net::ERR_CONNECTION_REFUSED @ http://localhost:8765/_stcore/host-config:0
[ 4479092ms] [ERROR] Failed to load resource: net::ERR_CONNECTION_REFUSED @ http://localhost:8765/_stcore/health:0
[ 4479092ms] [ERROR] Client Error in reaching server endpoint - No response received when attempting to reach /_stcore/health @ http://localhost:8765/static/js/index.bE3scgDe.js:33
[ 4479092ms] [ERROR] Is Streamlit still running? If you accidentally stopped Streamlit, just restart it in your terminal: @ http://localhost:8765/static/js/index.bE3scgDe.js:38
[ 4479113ms] [ERROR] Failed to load resource: net::ERR_CONNECTION_REFUSED @ http://localhost:8765/_stcore/host-config:0
[ 4484812ms] [ERROR] Failed to load resource: net::ERR_CONNECTION_REFUSED @ http://localhost:8765/_stcore/health:0
[ 4484812ms] [ERROR] Client Error in reaching server endpoint - No response received when attempting to reach /_stcore/health @ http://localhost:8765/static/js/index.bE3scgDe.js:33
[ 4484812ms] [ERROR] Is Streamlit still running? If you accidentally stopped Streamlit, just restart it in your terminal: @ http://localhost:8765/static/js/index.bE3scgDe.js:38
[ 4484834ms] [ERROR] Failed to load resource: net::ERR_CONNECTION_REFUSED @ http://localhost:8765/_stcore/host-config:0
[ 4490264ms] [ERROR] Failed to load resource: net::ERR_CONNECTION_REFUSED @ http://localhost:8765/_stcore/health:0
[ 4490264ms] [ERROR] Client Error in reaching server endpoint - No response received when attempting to reach /_stcore/health @ http://localhost:8765/static/js/index.bE3scgDe.js:33
[ 4490265ms] [ERROR] Is Streamlit still running? If you accidentally stopped Streamlit, just restart it in your terminal: @ http://localhost:8765/static/js/index.bE3scgDe.js:38
[ 4490287ms] [ERROR] Failed to load resource: net::ERR_CONNECTION_REFUSED @ http://localhost:8765/_stcore/host-config:0
[ 4496130ms] [ERROR] Failed to load resource: net::ERR_CONNECTION_REFUSED @ http://localhost:8765/_stcore/health:0
[ 4496130ms] [ERROR] Client Error in reaching server endpoint - No response received when attempting to reach /_stcore/health @ http://localhost:8765/static/js/index.bE3scgDe.js:33
[ 4496130ms] [ERROR] Is Streamlit still running? If you accidentally stopped Streamlit, just restart it in your terminal: @ http://localhost:8765/static/js/index.bE3scgDe.js:38
[ 4496151ms] [ERROR] Failed to load resource: net::ERR_CONNECTION_REFUSED @ http://localhost:8765/_stcore/host-config:0
[ 4501697ms] [ERROR] Failed to load resource: net::ERR_CONNECTION_REFUSED @ http://localhost:8765/_stcore/health:0
[ 4501697ms] [ERROR] Client Error in reaching server endpoint - No response received when attempting to reach /_stcore/health @ http://localhost:8765/static/js/index.bE3scgDe.js:33
[ 4501698ms] [ERROR] Is Streamlit still running? If you accidentally stopped Streamlit, just restart it in your terminal: @ http://localhost:8765/static/js/index.bE3scgDe.js:38
[ 4501717ms] [ERROR] Failed to load resource: net::ERR_CONNECTION_REFUSED @ http://localhost:8765/_stcore/host-config:0
[ 4507905ms] [ERROR] Failed to load resource: net::ERR_CONNECTION_REFUSED @ http://localhost:8765/_stcore/health:0
[ 4507905ms] [ERROR] Client Error in reaching server endpoint - No response received when attempting to reach /_stcore/health @ http://localhost:8765/static/js/index.bE3scgDe.js:33
[ 4507905ms] [ERROR] Is Streamlit still running? If you accidentally stopped Streamlit, just restart it in your terminal: @ http://localhost:8765/static/js/index.bE3scgDe.js:38
[ 4507927ms] [ERROR] Failed to load resource: net::ERR_CONNECTION_REFUSED @ http://localhost:8765/_stcore/host-config:0
[ 4513317ms] [ERROR] Failed to load resource: net::ERR_CONNECTION_REFUSED @ http://localhost:8765/_stcore/health:0
[ 4513317ms] [ERROR] Client Error in reaching server endpoint - No response received when attempting to reach /_stcore/health @ http://localhost:8765/static/js/index.bE3scgDe.js:33
[ 4513318ms] [ERROR] Is Streamlit still running? If you accidentally stopped Streamlit, just restart it in your terminal: @ http://localhost:8765/static/js/index.bE3scgDe.js:38
[ 4513337ms] [ERROR] Failed to load resource: net::ERR_CONNECTION_REFUSED @ http://localhost:8765/_stcore/host-config:0
[ 4518990ms] [ERROR] Failed to load resource: net::ERR_CONNECTION_REFUSED @ http://localhost:8765/_stcore/health:0
[ 4518991ms] [ERROR] Client Error in reaching server endpoint - No response received when attempting to reach /_stcore/health @ http://localhost:8765/static/js/index.bE3scgDe.js:33
[ 4518991ms] [ERROR] Is Streamlit still running? If you accidentally stopped Streamlit, just restart it in your terminal: @ http://localhost:8765/static/js/index.bE3scgDe.js:38
[ 4519014ms] [ERROR] Failed to load resource: net::ERR_CONNECTION_REFUSED @ http://localhost:8765/_stcore/host-config:0
[ 4524227ms] [ERROR] Failed to load resource: net::ERR_CONNECTION_REFUSED @ http://localhost:8765/_stcore/health:0
[ 4524227ms] [ERROR] Client Error in reaching server endpoint - No response received when attempting to reach /_stcore/health @ http://localhost:8765/static/js/index.bE3scgDe.js:33
[ 4524228ms] [ERROR] Is Streamlit still running? If you accidentally stopped Streamlit, just restart it in your terminal: @ http://localhost:8765/static/js/index.bE3scgDe.js:38
[ 4524274ms] [ERROR] Failed to load resource: net::ERR_CONNECTION_REFUSED @ http://localhost:8765/_stcore/host-config:0
[ 4530200ms] [ERROR] Failed to load resource: net::ERR_CONNECTION_REFUSED @ http://localhost:8765/_stcore/health:0
[ 4530201ms] [ERROR] Client Error in reaching server endpoint - No response received when attempting to reach /_stcore/health @ http://localhost:8765/static/js/index.bE3scgDe.js:33
[ 4530201ms] [ERROR] Is Streamlit still running? If you accidentally stopped Streamlit, just restart it in your terminal: @ http://localhost:8765/static/js/index.bE3scgDe.js:38
[ 4530201ms] [ERROR] Failed to load resource: net::ERR_CONNECTION_REFUSED @ http://localhost:8765/_stcore/host-config:0
[ 4536067ms] [ERROR] Failed to load resource: net::ERR_CONNECTION_REFUSED @ http://localhost:8765/_stcore/health:0
[ 4536067ms] [ERROR] Client Error in reaching server endpoint - No response received when attempting to reach /_stcore/health @ http://localhost:8765/static/js/index.bE3scgDe.js:33
[ 4536067ms] [ERROR] Is Streamlit still running? If you accidentally stopped Streamlit, just restart it in your terminal: @ http://localhost:8765/static/js/index.bE3scgDe.js:38
[ 4536087ms] [ERROR] Failed to load resource: net::ERR_CONNECTION_REFUSED @ http://localhost:8765/_stcore/host-config:0
[ 4541336ms] [ERROR] Failed to load resource: net::ERR_CONNECTION_REFUSED @ http://localhost:8765/_stcore/health:0
[ 4541336ms] [ERROR] Client Error in reaching server endpoint - No response received when attempting to reach /_stcore/health @ http://localhost:8765/static/js/index.bE3scgDe.js:33
[ 4541336ms] [ERROR] Is Streamlit still running? If you accidentally stopped Streamlit, just restart it in your terminal: @ http://localhost:8765/static/js/index.bE3scgDe.js:38
[ 4541337ms] [ERROR] Failed to load resource: net::ERR_CONNECTION_REFUSED @ http://localhost:8765/_stcore/host-config:0
[ 4546774ms] [ERROR] Failed to load resource: net::ERR_CONNECTION_REFUSED @ http://localhost:8765/_stcore/health:0
[ 4546774ms] [ERROR] Client Error in reaching server endpoint - No response received when attempting to reach /_stcore/health @ http://localhost:8765/static/js/index.bE3scgDe.js:33
[ 4546774ms] [ERROR] Is Streamlit still running? If you accidentally stopped Streamlit, just restart it in your terminal: @ http://localhost:8765/static/js/index.bE3scgDe.js:38
[ 4546797ms] [ERROR] Failed to load resource: net::ERR_CONNECTION_REFUSED @ http://localhost:8765/_stcore/host-config:0
[ 4551949ms] [ERROR] Failed to load resource: net::ERR_CONNECTION_REFUSED @ http://localhost:8765/_stcore/health:0
[ 4551950ms] [ERROR] Client Error in reaching server endpoint - No response received when attempting to reach /_stcore/health @ http://localhost:8765/static/js/index.bE3scgDe.js:33
[ 4551950ms] [ERROR] Is Streamlit still running? If you accidentally stopped Streamlit, just restart it in your terminal: @ http://localhost:8765/static/js/index.bE3scgDe.js:38
[ 4551950ms] [ERROR] Failed to load resource: net::ERR_CONNECTION_REFUSED @ http://localhost:8765/_stcore/host-config:0
[ 4557750ms] [ERROR] Failed to load resource: net::ERR_CONNECTION_REFUSED @ http://localhost:8765/_stcore/health:0
[ 4557750ms] [ERROR] Client Error in reaching server endpoint - No response received when attempting to reach /_stcore/health @ http://localhost:8765/static/js/index.bE3scgDe.js:33
[ 4557751ms] [ERROR] Is Streamlit still running? If you accidentally stopped Streamlit, just restart it in your terminal: @ http://localhost:8765/static/js/index.bE3scgDe.js:38
[ 4557753ms] [ERROR] Failed to load resource: net::ERR_CONNECTION_REFUSED @ http://localhost:8765/_stcore/host-config:0
[ 4562893ms] [ERROR] Failed to load resource: net::ERR_CONNECTION_REFUSED @ http://localhost:8765/_stcore/health:0
[ 4562893ms] [ERROR] Client Error in reaching server endpoint - No response received when attempting to reach /_stcore/health @ http://localhost:8765/static/js/index.bE3scgDe.js:33
[ 4562894ms] [ERROR] Is Streamlit still running? If you accidentally stopped Streamlit, just restart it in your terminal: @ http://localhost:8765/static/js/index.bE3scgDe.js:38
[ 4562915ms] [ERROR] Failed to load resource: net::ERR_CONNECTION_REFUSED @ http://localhost:8765/_stcore/host-config:0
[ 4568240ms] [ERROR] Failed to load resource: net::ERR_CONNECTION_REFUSED @ http://localhost:8765/_stcore/health:0
[ 4568240ms] [ERROR] Client Error in reaching server endpoint - No response received when attempting to reach /_stcore/health @ http://localhost:8765/static/js/index.bE3scgDe.js:33
[ 4568240ms] [ERROR] Is Streamlit still running? If you accidentally stopped Streamlit, just restart it in your terminal: @ http://localhost:8765/static/js/index.bE3scgDe.js:38
[ 4568260ms] [ERROR] Failed to load resource: net::ERR_CONNECTION_REFUSED @ http://localhost:8765/_stcore/host-config:0
[ 4573426ms] [ERROR] Failed to load resource: net::ERR_CONNECTION_REFUSED @ http://localhost:8765/_stcore/health:0
[ 4573426ms] [ERROR] Client Error in reaching server endpoint - No response received when attempting to reach /_stcore/health @ http://localhost:8765/static/js/index.bE3scgDe.js:33
[ 4573427ms] [ERROR] Is Streamlit still running? If you accidentally stopped Streamlit, just restart it in your terminal: @ http://localhost:8765/static/js/index.bE3scgDe.js:38
[ 4573450ms] [ERROR] Failed to load resource: net::ERR_CONNECTION_REFUSED @ http://localhost:8765/_stcore/host-config:0
[ 4579029ms] [ERROR] Failed to load resource: net::ERR_CONNECTION_REFUSED @ http://localhost:8765/_stcore/health:0
[ 4579029ms] [ERROR] Client Error in reaching server endpoint - No response received when attempting to reach /_stcore/health @ http://localhost:8765/static/js/index.bE3scgDe.js:33
[ 4579030ms] [ERROR] Is Streamlit still running? If you accidentally stopped Streamlit, just restart it in your terminal: @ http://localhost:8765/static/js/index.bE3scgDe.js:38
[ 4579053ms] [ERROR] Failed to load resource: net::ERR_CONNECTION_REFUSED @ http://localhost:8765/_stcore/host-config:0
[ 4584580ms] [ERROR] Failed to load resource: net::ERR_CONNECTION_REFUSED @ http://localhost:8765/_stcore/health:0
[ 4584580ms] [ERROR] Client Error in reaching server endpoint - No response received when attempting to reach /_stcore/health @ http://localhost:8765/static/js/index.bE3scgDe.js:33
[ 4584581ms] [ERROR] Is Streamlit still running? If you accidentally stopped Streamlit, just restart it in your terminal: @ http://localhost:8765/static/js/index.bE3scgDe.js:38
[ 4584602ms] [ERROR] Failed to load resource: net::ERR_CONNECTION_REFUSED @ http://localhost:8765/_stcore/host-config:0
[ 4590051ms] [ERROR] Failed to load resource: net::ERR_CONNECTION_REFUSED @ http://localhost:8765/_stcore/health:0
[ 4590051ms] [ERROR] Client Error in reaching server endpoint - No response received when attempting to reach /_stcore/health @ http://localhost:8765/static/js/index.bE3scgDe.js:33
[ 4590051ms] [ERROR] Is Streamlit still running? If you accidentally stopped Streamlit, just restart it in your terminal: @ http://localhost:8765/static/js/index.bE3scgDe.js:38
[ 4590074ms] [ERROR] Failed to load resource: net::ERR_CONNECTION_REFUSED @ http://localhost:8765/_stcore/host-config:0
[ 4596124ms] [ERROR] Failed to load resource: net::ERR_CONNECTION_REFUSED @ http://localhost:8765/_stcore/health:0
[ 4596124ms] [ERROR] Client Error in reaching server endpoint - No response received when attempting to reach /_stcore/health @ http://localhost:8765/static/js/index.bE3scgDe.js:33
[ 4596125ms] [ERROR] Is Streamlit still running? If you accidentally stopped Streamlit, just restart it in your terminal: @ http://localhost:8765/static/js/index.bE3scgDe.js:38
[ 4596127ms] [ERROR] Failed to load resource: net::ERR_CONNECTION_REFUSED @ http://localhost:8765/_stcore/host-config:0
[ 4601958ms] [ERROR] Failed to load resource: net::ERR_CONNECTION_REFUSED @ http://localhost:8765/_stcore/health:0
[ 4601958ms] [ERROR] Client Error in reaching server endpoint - No response received when attempting to reach /_stcore/health @ http://localhost:8765/static/js/index.bE3scgDe.js:33
[ 4601958ms] [ERROR] Is Streamlit still running? If you accidentally stopped Streamlit, just restart it in your terminal: @ http://localhost:8765/static/js/index.bE3scgDe.js:38
[ 4601981ms] [ERROR] Failed to load resource: net::ERR_CONNECTION_REFUSED @ http://localhost:8765/_stcore/host-config:0
[ 4608050ms] [ERROR] Failed to load resource: net::ERR_CONNECTION_REFUSED @ http://localhost:8765/_stcore/health:0
[ 4608051ms] [ERROR] Client Error in reaching server endpoint - No response received when attempting to reach /_stcore/health @ http://localhost:8765/static/js/index.bE3scgDe.js:33
[ 4608051ms] [ERROR] Is Streamlit still running? If you accidentally stopped Streamlit, just restart it in your terminal: @ http://localhost:8765/static/js/index.bE3scgDe.js:38
[ 4608073ms] [ERROR] Failed to load resource: net::ERR_CONNECTION_REFUSED @ http://localhost:8765/_stcore/host-config:0
[ 4614027ms] [ERROR] Failed to load resource: net::ERR_CONNECTION_REFUSED @ http://localhost:8765/_stcore/health:0
[ 4614027ms] [ERROR] Client Error in reaching server endpoint - No response received when attempting to reach /_stcore/health @ http://localhost:8765/static/js/index.bE3scgDe.js:33
[ 4614027ms] [ERROR] Is Streamlit still running? If you accidentally stopped Streamlit, just restart it in your terminal: @ http://localhost:8765/static/js/index.bE3scgDe.js:38
[ 4614029ms] [ERROR] Failed to load resource: net::ERR_CONNECTION_REFUSED @ http://localhost:8765/_stcore/host-config:0
[ 4619638ms] [ERROR] Failed to load resource: net::ERR_CONNECTION_REFUSED @ http://localhost:8765/_stcore/health:0
[ 4619639ms] [ERROR] Client Error in reaching server endpoint - No response received when attempting to reach /_stcore/health @ http://localhost:8765/static/js/index.bE3scgDe.js:33
[ 4619639ms] [ERROR] Is Streamlit still running? If you accidentally stopped Streamlit, just restart it in your terminal: @ http://localhost:8765/static/js/index.bE3scgDe.js:38
[ 4619660ms] [ERROR] Failed to load resource: net::ERR_CONNECTION_REFUSED @ http://localhost:8765/_stcore/host-config:0
[ 4625424ms] [ERROR] Failed to load resource: net::ERR_CONNECTION_REFUSED @ http://localhost:8765/_stcore/health:0
[ 4625424ms] [ERROR] Client Error in reaching server endpoint - No response received when attempting to reach /_stcore/health @ http://localhost:8765/static/js/index.bE3scgDe.js:33
[ 4625424ms] [ERROR] Is Streamlit still running? If you accidentally stopped Streamlit, just restart it in your terminal: @ http://localhost:8765/static/js/index.bE3scgDe.js:38
[ 4625449ms] [ERROR] Failed to load resource: net::ERR_CONNECTION_REFUSED @ http://localhost:8765/_stcore/host-config:0
[ 4630991ms] [ERROR] Failed to load resource: net::ERR_CONNECTION_REFUSED @ http://localhost:8765/_stcore/health:0
[ 4630991ms] [ERROR] Client Error in reaching server endpoint - No response received when attempting to reach /_stcore/health @ http://localhost:8765/static/js/index.bE3scgDe.js:33
[ 4630991ms] [ERROR] Is Streamlit still running? If you accidentally stopped Streamlit, just restart it in your terminal: @ http://localhost:8765/static/js/index.bE3scgDe.js:38
[ 4630994ms] [ERROR] Failed to load resource: net::ERR_CONNECTION_REFUSED @ http://localhost:8765/_stcore/host-config:0
[ 4636369ms] [ERROR] Failed to load resource: net::ERR_CONNECTION_REFUSED @ http://localhost:8765/_stcore/health:0
[ 4636369ms] [ERROR] Client Error in reaching server endpoint - No response received when attempting to reach /_stcore/health @ http://localhost:8765/static/js/index.bE3scgDe.js:33
[ 4636370ms] [ERROR] Is Streamlit still running? If you accidentally stopped Streamlit, just restart it in your terminal: @ http://localhost:8765/static/js/index.bE3scgDe.js:38
[ 4636370ms] [ERROR] Failed to load resource: net::ERR_CONNECTION_REFUSED @ http://localhost:8765/_stcore/host-config:0
[ 4642354ms] [ERROR] Failed to load resource: net::ERR_CONNECTION_REFUSED @ http://localhost:8765/_stcore/health:0
[ 4642354ms] [ERROR] Client Error in reaching server endpoint - No response received when attempting to reach /_stcore/health @ http://localhost:8765/static/js/index.bE3scgDe.js:33
[ 4642354ms] [ERROR] Is Streamlit still running? If you accidentally stopped Streamlit, just restart it in your terminal: @ http://localhost:8765/static/js/index.bE3scgDe.js:38
[ 4642376ms] [ERROR] Failed to load resource: net::ERR_CONNECTION_REFUSED @ http://localhost:8765/_stcore/host-config:0
[ 4647828ms] [ERROR] Failed to load resource: net::ERR_CONNECTION_REFUSED @ http://localhost:8765/_stcore/health:0
[ 4647828ms] [ERROR] Client Error in reaching server endpoint - No response received when attempting to reach /_stcore/health @ http://localhost:8765/static/js/index.bE3scgDe.js:33
[ 4647829ms] [ERROR] Is Streamlit still running? If you accidentally stopped Streamlit, just restart it in your terminal: @ http://localhost:8765/static/js/index.bE3scgDe.js:38
[ 4647850ms] [ERROR] Failed to load resource: net::ERR_CONNECTION_REFUSED @ http://localhost:8765/_stcore/host-config:0
[ 4653472ms] [ERROR] Failed to load resource: net::ERR_CONNECTION_REFUSED @ http://localhost:8765/_stcore/health:0
[ 4653472ms] [ERROR] Client Error in reaching server endpoint - No response received when attempting to reach /_stcore/health @ http://localhost:8765/static/js/index.bE3scgDe.js:33
[ 4653472ms] [ERROR] Is Streamlit still running? If you accidentally stopped Streamlit, just restart it in your terminal: @ http://localhost:8765/static/js/index.bE3scgDe.js:38
[ 4653493ms] [ERROR] Failed to load resource: net::ERR_CONNECTION_REFUSED @ http://localhost:8765/_stcore/host-config:0
[ 4659640ms] [ERROR] Failed to load resource: net::ERR_CONNECTION_REFUSED @ http://localhost:8765/_stcore/health:0
[ 4659640ms] [ERROR] Client Error in reaching server endpoint - No response received when attempting to reach /_stcore/health @ http://localhost:8765/static/js/index.bE3scgDe.js:33
[ 4659641ms] [ERROR] Is Streamlit still running? If you accidentally stopped Streamlit, just restart it in your terminal: @ http://localhost:8765/static/js/index.bE3scgDe.js:38
[ 4659641ms] [ERROR] Failed to load resource: net::ERR_CONNECTION_REFUSED @ http://localhost:8765/_stcore/host-config:0
[ 4665674ms] [ERROR] Failed to load resource: net::ERR_CONNECTION_REFUSED @ http://localhost:8765/_stcore/health:0
[ 4665674ms] [ERROR] Client Error in reaching server endpoint - No response received when attempting to reach /_stcore/health @ http://localhost:8765/static/js/index.bE3scgDe.js:33
[ 4665674ms] [ERROR] Is Streamlit still running? If you accidentally stopped Streamlit, just restart it in your terminal: @ http://localhost:8765/static/js/index.bE3scgDe.js:38
[ 4665676ms] [ERROR] Failed to load resource: net::ERR_CONNECTION_REFUSED @ http://localhost:8765/_stcore/host-config:0
[ 4671131ms] [ERROR] Failed to load resource: net::ERR_CONNECTION_REFUSED @ http://localhost:8765/_stcore/health:0
[ 4671131ms] [ERROR] Client Error in reaching server endpoint - No response received when attempting to reach /_stcore/health @ http://localhost:8765/static/js/index.bE3scgDe.js:33
[ 4671132ms] [ERROR] Is Streamlit still running? If you accidentally stopped Streamlit, just restart it in your terminal: @ http://localhost:8765/static/js/index.bE3scgDe.js:38
[ 4671132ms] [ERROR] Failed to load resource: net::ERR_CONNECTION_REFUSED @ http://localhost:8765/_stcore/host-config:0
[ 4676603ms] [ERROR] Failed to load resource: net::ERR_CONNECTION_REFUSED @ http://localhost:8765/_stcore/health:0
[ 4676603ms] [ERROR] Client Error in reaching server endpoint - No response received when attempting to reach /_stcore/health @ http://localhost:8765/static/js/index.bE3scgDe.js:33
[ 4676604ms] [ERROR] Is Streamlit still running? If you accidentally stopped Streamlit, just restart it in your terminal: @ http://localhost:8765/static/js/index.bE3scgDe.js:38
[ 4676635ms] [ERROR] Failed to load resource: net::ERR_CONNECTION_REFUSED @ http://localhost:8765/_stcore/host-config:0
[ 4682923ms] [ERROR] Failed to load resource: net::ERR_CONNECTION_REFUSED @ http://localhost:8765/_stcore/health:0
[ 4682923ms] [ERROR] Client Error in reaching server endpoint - No response received when attempting to reach /_stcore/health @ http://localhost:8765/static/js/index.bE3scgDe.js:33
[ 4682923ms] [ERROR] Is Streamlit still running? If you accidentally stopped Streamlit, just restart it in your terminal: @ http://localhost:8765/static/js/index.bE3scgDe.js:38
[ 4682945ms] [ERROR] Failed to load resource: net::ERR_CONNECTION_REFUSED @ http://localhost:8765/_stcore/host-config:0
[ 4689050ms] [ERROR] Failed to load resource: net::ERR_CONNECTION_REFUSED @ http://localhost:8765/_stcore/health:0
[ 4689051ms] [ERROR] Client Error in reaching server endpoint - No response received when attempting to reach /_stcore/health @ http://localhost:8765/static/js/index.bE3scgDe.js:33
[ 4689051ms] [ERROR] Is Streamlit still running? If you accidentally stopped Streamlit, just restart it in your terminal: @ http://localhost:8765/static/js/index.bE3scgDe.js:38
[ 4689072ms] [ERROR] Failed to load resource: net::ERR_CONNECTION_REFUSED @ http://localhost:8765/_stcore/host-config:0
[ 4694301ms] [ERROR] Failed to load resource: net::ERR_CONNECTION_REFUSED @ http://localhost:8765/_stcore/health:0
[ 4694302ms] [ERROR] Client Error in reaching server endpoint - No response received when attempting to reach /_stcore/health @ http://localhost:8765/static/js/index.bE3scgDe.js:33
[ 4694302ms] [ERROR] Is Streamlit still running? If you accidentally stopped Streamlit, just restart it in your terminal: @ http://localhost:8765/static/js/index.bE3scgDe.js:38
[ 4694319ms] [ERROR] Failed to load resource: net::ERR_CONNECTION_REFUSED @ http://localhost:8765/_stcore/host-config:0
[ 4699617ms] [ERROR] Failed to load resource: net::ERR_CONNECTION_REFUSED @ http://localhost:8765/_stcore/health:0
[ 4699617ms] [ERROR] Client Error in reaching server endpoint - No response received when attempting to reach /_stcore/health @ http://localhost:8765/static/js/index.bE3scgDe.js:33
[ 4699618ms] [ERROR] Is Streamlit still running? If you accidentally stopped Streamlit, just restart it in your terminal: @ http://localhost:8765/static/js/index.bE3scgDe.js:38
[ 4699618ms] [ERROR] Failed to load resource: net::ERR_CONNECTION_REFUSED @ http://localhost:8765/_stcore/host-config:0
[ 4705029ms] [ERROR] Failed to load resource: net::ERR_CONNECTION_REFUSED @ http://localhost:8765/_stcore/health:0
[ 4705029ms] [ERROR] Client Error in reaching server endpoint - No response received when attempting to reach /_stcore/health @ http://localhost:8765/static/js/index.bE3scgDe.js:33
[ 4705030ms] [ERROR] Is Streamlit still running? If you accidentally stopped Streamlit, just restart it in your terminal: @ http://localhost:8765/static/js/index.bE3scgDe.js:38
[ 4705051ms] [ERROR] Failed to load resource: net::ERR_CONNECTION_REFUSED @ http://localhost:8765/_stcore/host-config:0
[ 4710727ms] [ERROR] Failed to load resource: net::ERR_CONNECTION_REFUSED @ http://localhost:8765/_stcore/health:0
[ 4710727ms] [ERROR] Client Error in reaching server endpoint - No response received when attempting to reach /_stcore/health @ http://localhost:8765/static/js/index.bE3scgDe.js:33
[ 4710727ms] [ERROR] Is Streamlit still running? If you accidentally stopped Streamlit, just restart it in your terminal: @ http://localhost:8765/static/js/index.bE3scgDe.js:38
[ 4710748ms] [ERROR] Failed to load resource: net::ERR_CONNECTION_REFUSED @ http://localhost:8765/_stcore/host-config:0
[ 4716067ms] [ERROR] Failed to load resource: net::ERR_CONNECTION_REFUSED @ http://localhost:8765/_stcore/health:0
[ 4716067ms] [ERROR] Client Error in reaching server endpoint - No response received when attempting to reach /_stcore/health @ http://localhost:8765/static/js/index.bE3scgDe.js:33
[ 4716067ms] [ERROR] Is Streamlit still running? If you accidentally stopped Streamlit, just restart it in your terminal: @ http://localhost:8765/static/js/index.bE3scgDe.js:38
[ 4716088ms] [ERROR] Failed to load resource: net::ERR_CONNECTION_REFUSED @ http://localhost:8765/_stcore/host-config:0
[ 4722060ms] [ERROR] Failed to load resource: net::ERR_CONNECTION_REFUSED @ http://localhost:8765/_stcore/health:0
[ 4722060ms] [ERROR] Client Error in reaching server endpoint - No response received when attempting to reach /_stcore/health @ http://localhost:8765/static/js/index.bE3scgDe.js:33
[ 4722060ms] [ERROR] Is Streamlit still running? If you accidentally stopped Streamlit, just restart it in your terminal: @ http://localhost:8765/static/js/index.bE3scgDe.js:38
[ 4722080ms] [ERROR] Failed to load resource: net::ERR_CONNECTION_REFUSED @ http://localhost:8765/_stcore/host-config:0
[ 4727780ms] [ERROR] Failed to load resource: net::ERR_CONNECTION_REFUSED @ http://localhost:8765/_stcore/health:0
[ 4727780ms] [ERROR] Client Error in reaching server endpoint - No response received when attempting to reach /_stcore/health @ http://localhost:8765/static/js/index.bE3scgDe.js:33
[ 4727781ms] [ERROR] Is Streamlit still running? If you accidentally stopped Streamlit, just restart it in your terminal: @ http://localhost:8765/static/js/index.bE3scgDe.js:38
[ 4727804ms] [ERROR] Failed to load resource: net::ERR_CONNECTION_REFUSED @ http://localhost:8765/_stcore/host-config:0
[ 4732992ms] [ERROR] Failed to load resource: net::ERR_CONNECTION_REFUSED @ http://localhost:8765/_stcore/health:0
[ 4732992ms] [ERROR] Client Error in reaching server endpoint - No response received when attempting to reach /_stcore/health @ http://localhost:8765/static/js/index.bE3scgDe.js:33
[ 4732992ms] [ERROR] Is Streamlit still running? If you accidentally stopped Streamlit, just restart it in your terminal: @ http://localhost:8765/static/js/index.bE3scgDe.js:38
[ 4732992ms] [ERROR] Failed to load resource: net::ERR_CONNECTION_REFUSED @ http://localhost:8765/_stcore/host-config:0
[ 4739039ms] [ERROR] Failed to load resource: net::ERR_CONNECTION_REFUSED @ http://localhost:8765/_stcore/health:0
[ 4739039ms] [ERROR] Client Error in reaching server endpoint - No response received when attempting to reach /_stcore/health @ http://localhost:8765/static/js/index.bE3scgDe.js:33
[ 4739039ms] [ERROR] Is Streamlit still running? If you accidentally stopped Streamlit, just restart it in your terminal: @ http://localhost:8765/static/js/index.bE3scgDe.js:38
[ 4739059ms] [ERROR] Failed to load resource: net::ERR_CONNECTION_REFUSED @ http://localhost:8765/_stcore/host-config:0
[ 4744932ms] [ERROR] Failed to load resource: net::ERR_CONNECTION_REFUSED @ http://localhost:8765/_stcore/health:0
[ 4744932ms] [ERROR] Client Error in reaching server endpoint - No response received when attempting to reach /_stcore/health @ http://localhost:8765/static/js/index.bE3scgDe.js:33
[ 4744933ms] [ERROR] Is Streamlit still running? If you accidentally stopped Streamlit, just restart it in your terminal: @ http://localhost:8765/static/js/index.bE3scgDe.js:38
[ 4744953ms] [ERROR] Failed to load resource: net::ERR_CONNECTION_REFUSED @ http://localhost:8765/_stcore/host-config:0
[ 4750394ms] [ERROR] Failed to load resource: net::ERR_CONNECTION_REFUSED @ http://localhost:8765/_stcore/health:0
[ 4750394ms] [ERROR] Client Error in reaching server endpoint - No response received when attempting to reach /_stcore/health @ http://localhost:8765/static/js/index.bE3scgDe.js:33
[ 4750394ms] [ERROR] Is Streamlit still running? If you accidentally stopped Streamlit, just restart it in your terminal: @ http://localhost:8765/static/js/index.bE3scgDe.js:38
[ 4750414ms] [ERROR] Failed to load resource: net::ERR_CONNECTION_REFUSED @ http://localhost:8765/_stcore/host-config:0
[ 4756052ms] [ERROR] Failed to load resource: net::ERR_CONNECTION_REFUSED @ http://localhost:8765/_stcore/health:0
[ 4756052ms] [ERROR] Client Error in reaching server endpoint - No response received when attempting to reach /_stcore/health @ http://localhost:8765/static/js/index.bE3scgDe.js:33
[ 4756053ms] [ERROR] Is Streamlit still running? If you accidentally stopped Streamlit, just restart it in your terminal: @ http://localhost:8765/static/js/index.bE3scgDe.js:38
[ 4756072ms] [ERROR] Failed to load resource: net::ERR_CONNECTION_REFUSED @ http://localhost:8765/_stcore/host-config:0
[ 4761587ms] [ERROR] Failed to load resource: net::ERR_CONNECTION_REFUSED @ http://localhost:8765/_stcore/health:0
[ 4761587ms] [ERROR] Client Error in reaching server endpoint - No response received when attempting to reach /_stcore/health @ http://localhost:8765/static/js/index.bE3scgDe.js:33
[ 4761587ms] [ERROR] Is Streamlit still running? If you accidentally stopped Streamlit, just restart it in your terminal: @ http://localhost:8765/static/js/index.bE3scgDe.js:38
[ 4761609ms] [ERROR] Failed to load resource: net::ERR_CONNECTION_REFUSED @ http://localhost:8765/_stcore/host-config:0
[ 4767482ms] [ERROR] Failed to load resource: net::ERR_CONNECTION_REFUSED @ http://localhost:8765/_stcore/health:0
[ 4767482ms] [ERROR] Client Error in reaching server endpoint - No response received when attempting to reach /_stcore/health @ http://localhost:8765/static/js/index.bE3scgDe.js:33
[ 4767482ms] [ERROR] Is Streamlit still running? If you accidentally stopped Streamlit, just restart it in your terminal: @ http://localhost:8765/static/js/index.bE3scgDe.js:38
[ 4767502ms] [ERROR] Failed to load resource: net::ERR_CONNECTION_REFUSED @ http://localhost:8765/_stcore/host-config:0
[ 4773018ms] [ERROR] Failed to load resource: net::ERR_CONNECTION_REFUSED @ http://localhost:8765/_stcore/health:0
[ 4773018ms] [ERROR] Client Error in reaching server endpoint - No response received when attempting to reach /_stcore/health @ http://localhost:8765/static/js/index.bE3scgDe.js:33
[ 4773018ms] [ERROR] Is Streamlit still running? If you accidentally stopped Streamlit, just restart it in your terminal: @ http://localhost:8765/static/js/index.bE3scgDe.js:38
[ 4773019ms] [ERROR] Failed to load resource: net::ERR_CONNECTION_REFUSED @ http://localhost:8765/_stcore/host-config:0
[ 4778379ms] [ERROR] Failed to load resource: net::ERR_CONNECTION_REFUSED @ http://localhost:8765/_stcore/health:0
[ 4778379ms] [ERROR] Client Error in reaching server endpoint - No response received when attempting to reach /_stcore/health @ http://localhost:8765/static/js/index.bE3scgDe.js:33
[ 4778379ms] [ERROR] Is Streamlit still running? If you accidentally stopped Streamlit, just restart it in your terminal: @ http://localhost:8765/static/js/index.bE3scgDe.js:38
[ 4778380ms] [ERROR] Failed to load resource: net::ERR_CONNECTION_REFUSED @ http://localhost:8765/_stcore/host-config:0
[ 4783945ms] [ERROR] Failed to load resource: net::ERR_CONNECTION_REFUSED @ http://localhost:8765/_stcore/health:0
[ 4783946ms] [ERROR] Client Error in reaching server endpoint - No response received when attempting to reach /_stcore/health @ http://localhost:8765/static/js/index.bE3scgDe.js:33
[ 4783946ms] [ERROR] Is Streamlit still running? If you accidentally stopped Streamlit, just restart it in your terminal: @ http://localhost:8765/static/js/index.bE3scgDe.js:38
[ 4783968ms] [ERROR] Failed to load resource: net::ERR_CONNECTION_REFUSED @ http://localhost:8765/_stcore/host-config:0
[ 4789966ms] [ERROR] Failed to load resource: net::ERR_CONNECTION_REFUSED @ http://localhost:8765/_stcore/health:0
[ 4789966ms] [ERROR] Client Error in reaching server endpoint - No response received when attempting to reach /_stcore/health @ http://localhost:8765/static/js/index.bE3scgDe.js:33
[ 4789966ms] [ERROR] Is Streamlit still running? If you accidentally stopped Streamlit, just restart it in your terminal: @ http://localhost:8765/static/js/index.bE3scgDe.js:38
[ 4789987ms] [ERROR] Failed to load resource: net::ERR_CONNECTION_REFUSED @ http://localhost:8765/_stcore/host-config:0
[ 4795497ms] [ERROR] Failed to load resource: net::ERR_CONNECTION_REFUSED @ http://localhost:8765/_stcore/health:0
[ 4795497ms] [ERROR] Client Error in reaching server endpoint - No response received when attempting to reach /_stcore/health @ http://localhost:8765/static/js/index.bE3scgDe.js:33
[ 4795497ms] [ERROR] Is Streamlit still running? If you accidentally stopped Streamlit, just restart it in your terminal: @ http://localhost:8765/static/js/index.bE3scgDe.js:38
[ 4795529ms] [ERROR] Failed to load resource: net::ERR_CONNECTION_REFUSED @ http://localhost:8765/_stcore/host-config:0
[ 4801679ms] [ERROR] Failed to load resource: net::ERR_CONNECTION_REFUSED @ http://localhost:8765/_stcore/health:0
[ 4801679ms] [ERROR] Client Error in reaching server endpoint - No response received when attempting to reach /_stcore/health @ http://localhost:8765/static/js/index.bE3scgDe.js:33
[ 4801679ms] [ERROR] Is Streamlit still running? If you accidentally stopped Streamlit, just restart it in your terminal: @ http://localhost:8765/static/js/index.bE3scgDe.js:38
[ 4801681ms] [ERROR] Failed to load resource: net::ERR_CONNECTION_REFUSED @ http://localhost:8765/_stcore/host-config:0
[ 4806837ms] [ERROR] Failed to load resource: net::ERR_CONNECTION_REFUSED @ http://localhost:8765/_stcore/health:0
[ 4806837ms] [ERROR] Client Error in reaching server endpoint - No response received when attempting to reach /_stcore/health @ http://localhost:8765/static/js/index.bE3scgDe.js:33
[ 4806837ms] [ERROR] Is Streamlit still running? If you accidentally stopped Streamlit, just restart it in your terminal: @ http://localhost:8765/static/js/index.bE3scgDe.js:38
[ 4806862ms] [ERROR] Failed to load resource: net::ERR_CONNECTION_REFUSED @ http://localhost:8765/_stcore/host-config:0
[ 4812880ms] [ERROR] Failed to load resource: net::ERR_CONNECTION_REFUSED @ http://localhost:8765/_stcore/health:0
[ 4812880ms] [ERROR] Client Error in reaching server endpoint - No response received when attempting to reach /_stcore/health @ http://localhost:8765/static/js/index.bE3scgDe.js:33
[ 4812880ms] [ERROR] Is Streamlit still running? If you accidentally stopped Streamlit, just restart it in your terminal: @ http://localhost:8765/static/js/index.bE3scgDe.js:38
[ 4812902ms] [ERROR] Failed to load resource: net::ERR_CONNECTION_REFUSED @ http://localhost:8765/_stcore/host-config:0
[ 4818599ms] [ERROR] Failed to load resource: net::ERR_CONNECTION_REFUSED @ http://localhost:8765/_stcore/health:0
[ 4818599ms] [ERROR] Client Error in reaching server endpoint - No response received when attempting to reach /_stcore/health @ http://localhost:8765/static/js/index.bE3scgDe.js:33
[ 4818600ms] [ERROR] Is Streamlit still running? If you accidentally stopped Streamlit, just restart it in your terminal: @ http://localhost:8765/static/js/index.bE3scgDe.js:38
[ 4818621ms] [ERROR] Failed to load resource: net::ERR_CONNECTION_REFUSED @ http://localhost:8765/_stcore/host-config:0
[ 4824914ms] [ERROR] Failed to load resource: net::ERR_CONNECTION_REFUSED @ http://localhost:8765/_stcore/health:0
[ 4824915ms] [ERROR] Client Error in reaching server endpoint - No response received when attempting to reach /_stcore/health @ http://localhost:8765/static/js/index.bE3scgDe.js:33
[ 4824915ms] [ERROR] Is Streamlit still running? If you accidentally stopped Streamlit, just restart it in your terminal: @ http://localhost:8765/static/js/index.bE3scgDe.js:38
[ 4824935ms] [ERROR] Failed to load resource: net::ERR_CONNECTION_REFUSED @ http://localhost:8765/_stcore/host-config:0
[ 4830264ms] [ERROR] Failed to load resource: net::ERR_CONNECTION_REFUSED @ http://localhost:8765/_stcore/health:0
[ 4830264ms] [ERROR] Client Error in reaching server endpoint - No response received when attempting to reach /_stcore/health @ http://localhost:8765/static/js/index.bE3scgDe.js:33
[ 4830264ms] [ERROR] Is Streamlit still running? If you accidentally stopped Streamlit, just restart it in your terminal: @ http://localhost:8765/static/js/index.bE3scgDe.js:38
[ 4830286ms] [ERROR] Failed to load resource: net::ERR_CONNECTION_REFUSED @ http://localhost:8765/_stcore/host-config:0
[ 4836584ms] [ERROR] Failed to load resource: net::ERR_CONNECTION_REFUSED @ http://localhost:8765/_stcore/health:0
[ 4836584ms] [ERROR] Client Error in reaching server endpoint - No response received when attempting to reach /_stcore/health @ http://localhost:8765/static/js/index.bE3scgDe.js:33
[ 4836584ms] [ERROR] Is Streamlit still running? If you accidentally stopped Streamlit, just restart it in your terminal: @ http://localhost:8765/static/js/index.bE3scgDe.js:38
[ 4836587ms] [ERROR] Failed to load resource: net::ERR_CONNECTION_REFUSED @ http://localhost:8765/_stcore/host-config:0
[ 4842604ms] [ERROR] Failed to load resource: net::ERR_CONNECTION_REFUSED @ http://localhost:8765/_stcore/health:0
[ 4842605ms] [ERROR] Client Error in reaching server endpoint - No response received when attempting to reach /_stcore/health @ http://localhost:8765/static/js/index.bE3scgDe.js:33
[ 4842605ms] [ERROR] Is Streamlit still running? If you accidentally stopped Streamlit, just restart it in your terminal: @ http://localhost:8765/static/js/index.bE3scgDe.js:38
[ 4842629ms] [ERROR] Failed to load resource: net::ERR_CONNECTION_REFUSED @ http://localhost:8765/_stcore/host-config:0
[ 4848486ms] [ERROR] Failed to load resource: net::ERR_CONNECTION_REFUSED @ http://localhost:8765/_stcore/health:0
[ 4848486ms] [ERROR] Client Error in reaching server endpoint - No response received when attempting to reach /_stcore/health @ http://localhost:8765/static/js/index.bE3scgDe.js:33
[ 4848487ms] [ERROR] Is Streamlit still running? If you accidentally stopped Streamlit, just restart it in your terminal: @ http://localhost:8765/static/js/index.bE3scgDe.js:38
[ 4848509ms] [ERROR] Failed to load resource: net::ERR_CONNECTION_REFUSED @ http://localhost:8765/_stcore/host-config:0
[ 4854255ms] [ERROR] Failed to load resource: net::ERR_CONNECTION_REFUSED @ http://localhost:8765/_stcore/health:0
[ 4854255ms] [ERROR] Client Error in reaching server endpoint - No response received when attempting to reach /_stcore/health @ http://localhost:8765/static/js/index.bE3scgDe.js:33
[ 4854255ms] [ERROR] Is Streamlit still running? If you accidentally stopped Streamlit, just restart it in your terminal: @ http://localhost:8765/static/js/index.bE3scgDe.js:38
[ 4854277ms] [ERROR] Failed to load resource: net::ERR_CONNECTION_REFUSED @ http://localhost:8765/_stcore/host-config:0
[ 4859600ms] [ERROR] Failed to load resource: net::ERR_CONNECTION_REFUSED @ http://localhost:8765/_stcore/health:0
[ 4859600ms] [ERROR] Client Error in reaching server endpoint - No response received when attempting to reach /_stcore/health @ http://localhost:8765/static/js/index.bE3scgDe.js:33
[ 4859600ms] [ERROR] Is Streamlit still running? If you accidentally stopped Streamlit, just restart it in your terminal: @ http://localhost:8765/static/js/index.bE3scgDe.js:38
[ 4859601ms] [ERROR] Failed to load resource: net::ERR_CONNECTION_REFUSED @ http://localhost:8765/_stcore/host-config:0
[ 4865905ms] [ERROR] Failed to load resource: net::ERR_CONNECTION_REFUSED @ http://localhost:8765/_stcore/health:0
[ 4865906ms] [ERROR] Client Error in reaching server endpoint - No response received when attempting to reach /_stcore/health @ http://localhost:8765/static/js/index.bE3scgDe.js:33
[ 4865906ms] [ERROR] Is Streamlit still running? If you accidentally stopped Streamlit, just restart it in your terminal: @ http://localhost:8765/static/js/index.bE3scgDe.js:38
[ 4865908ms] [ERROR] Failed to load resource: net::ERR_CONNECTION_REFUSED @ http://localhost:8765/_stcore/host-config:0
[ 4871267ms] [ERROR] Failed to load resource: net::ERR_CONNECTION_REFUSED @ http://localhost:8765/_stcore/health:0
[ 4871267ms] [ERROR] Client Error in reaching server endpoint - No response received when attempting to reach /_stcore/health @ http://localhost:8765/static/js/index.bE3scgDe.js:33
[ 4871268ms] [ERROR] Is Streamlit still running? If you accidentally stopped Streamlit, just restart it in your terminal: @ http://localhost:8765/static/js/index.bE3scgDe.js:38
[ 4871288ms] [ERROR] Failed to load resource: net::ERR_CONNECTION_REFUSED @ http://localhost:8765/_stcore/host-config:0
[ 4877174ms] [ERROR] Failed to load resource: net::ERR_CONNECTION_REFUSED @ http://localhost:8765/_stcore/health:0
[ 4877174ms] [ERROR] Client Error in reaching server endpoint - No response received when attempting to reach /_stcore/health @ http://localhost:8765/static/js/index.bE3scgDe.js:33
[ 4877174ms] [ERROR] Is Streamlit still running? If you accidentally stopped Streamlit, just restart it in your terminal: @ http://localhost:8765/static/js/index.bE3scgDe.js:38
[ 4877196ms] [ERROR] Failed to load resource: net::ERR_CONNECTION_REFUSED @ http://localhost:8765/_stcore/host-config:0
[ 4882320ms] [ERROR] Failed to load resource: net::ERR_CONNECTION_REFUSED @ http://localhost:8765/_stcore/health:0
[ 4882320ms] [ERROR] Client Error in reaching server endpoint - No response received when attempting to reach /_stcore/health @ http://localhost:8765/static/js/index.bE3scgDe.js:33
[ 4882320ms] [ERROR] Is Streamlit still running? If you accidentally stopped Streamlit, just restart it in your terminal: @ http://localhost:8765/static/js/index.bE3scgDe.js:38
[ 4882342ms] [ERROR] Failed to load resource: net::ERR_CONNECTION_REFUSED @ http://localhost:8765/_stcore/host-config:0
[ 4887963ms] [ERROR] Failed to load resource: net::ERR_CONNECTION_REFUSED @ http://localhost:8765/_stcore/health:0
[ 4887963ms] [ERROR] Client Error in reaching server endpoint - No response received when attempting to reach /_stcore/health @ http://localhost:8765/static/js/index.bE3scgDe.js:33
[ 4887963ms] [ERROR] Is Streamlit still running? If you accidentally stopped Streamlit, just restart it in your terminal: @ http://localhost:8765/static/js/index.bE3scgDe.js:38
[ 4887965ms] [ERROR] Failed to load resource: net::ERR_CONNECTION_REFUSED @ http://localhost:8765/_stcore/host-config:0
[ 4893718ms] [ERROR] Failed to load resource: net::ERR_CONNECTION_REFUSED @ http://localhost:8765/_stcore/health:0
[ 4893719ms] [ERROR] Client Error in reaching server endpoint - No response received when attempting to reach /_stcore/health @ http://localhost:8765/static/js/index.bE3scgDe.js:33
[ 4893719ms] [ERROR] Is Streamlit still running? If you accidentally stopped Streamlit, just restart it in your terminal: @ http://localhost:8765/static/js/index.bE3scgDe.js:38
[ 4893740ms] [ERROR] Failed to load resource: net::ERR_CONNECTION_REFUSED @ http://localhost:8765/_stcore/host-config:0
[ 4899174ms] [ERROR] Failed to load resource: net::ERR_CONNECTION_REFUSED @ http://localhost:8765/_stcore/health:0
[ 4899175ms] [ERROR] Client Error in reaching server endpoint - No response received when attempting to reach /_stcore/health @ http://localhost:8765/static/js/index.bE3scgDe.js:33
[ 4899175ms] [ERROR] Is Streamlit still running? If you accidentally stopped Streamlit, just restart it in your terminal: @ http://localhost:8765/static/js/index.bE3scgDe.js:38
[ 4899196ms] [ERROR] Failed to load resource: net::ERR_CONNECTION_REFUSED @ http://localhost:8765/_stcore/host-config:0
[ 4905493ms] [ERROR] Failed to load resource: net::ERR_CONNECTION_REFUSED @ http://localhost:8765/_stcore/health:0
[ 4905493ms] [ERROR] Client Error in reaching server endpoint - No response received when attempting to reach /_stcore/health @ http://localhost:8765/static/js/index.bE3scgDe.js:33
[ 4905493ms] [ERROR] Is Streamlit still running? If you accidentally stopped Streamlit, just restart it in your terminal: @ http://localhost:8765/static/js/index.bE3scgDe.js:38
[ 4905515ms] [ERROR] Failed to load resource: net::ERR_CONNECTION_REFUSED @ http://localhost:8765/_stcore/host-config:0
[ 4911561ms] [ERROR] Failed to load resource: net::ERR_CONNECTION_REFUSED @ http://localhost:8765/_stcore/health:0
[ 4911561ms] [ERROR] Client Error in reaching server endpoint - No response received when attempting to reach /_stcore/health @ http://localhost:8765/static/js/index.bE3scgDe.js:33
[ 4911561ms] [ERROR] Is Streamlit still running? If you accidentally stopped Streamlit, just restart it in your terminal: @ http://localhost:8765/static/js/index.bE3scgDe.js:38
[ 4911584ms] [ERROR] Failed to load resource: net::ERR_CONNECTION_REFUSED @ http://localhost:8765/_stcore/host-config:0
[ 4917065ms] [ERROR] Failed to load resource: net::ERR_CONNECTION_REFUSED @ http://localhost:8765/_stcore/health:0
[ 4917066ms] [ERROR] Client Error in reaching server endpoint - No response received when attempting to reach /_stcore/health @ http://localhost:8765/static/js/index.bE3scgDe.js:33
[ 4917066ms] [ERROR] Is Streamlit still running? If you accidentally stopped Streamlit, just restart it in your terminal: @ http://localhost:8765/static/js/index.bE3scgDe.js:38
[ 4917088ms] [ERROR] Failed to load resource: net::ERR_CONNECTION_REFUSED @ http://localhost:8765/_stcore/host-config:0
[ 4922477ms] [ERROR] Failed to load resource: net::ERR_CONNECTION_REFUSED @ http://localhost:8765/_stcore/health:0
[ 4922477ms] [ERROR] Client Error in reaching server endpoint - No response received when attempting to reach /_stcore/health @ http://localhost:8765/static/js/index.bE3scgDe.js:33
[ 4922478ms] [ERROR] Is Streamlit still running? If you accidentally stopped Streamlit, just restart it in your terminal: @ http://localhost:8765/static/js/index.bE3scgDe.js:38
[ 4922498ms] [ERROR] Failed to load resource: net::ERR_CONNECTION_REFUSED @ http://localhost:8765/_stcore/host-config:0
[ 4928261ms] [ERROR] Failed to load resource: net::ERR_CONNECTION_REFUSED @ http://localhost:8765/_stcore/health:0
[ 4928261ms] [ERROR] Client Error in reaching server endpoint - No response received when attempting to reach /_stcore/health @ http://localhost:8765/static/js/index.bE3scgDe.js:33
[ 4928262ms] [ERROR] Is Streamlit still running? If you accidentally stopped Streamlit, just restart it in your terminal: @ http://localhost:8765/static/js/index.bE3scgDe.js:38
[ 4928294ms] [ERROR] Failed to load resource: net::ERR_CONNECTION_REFUSED @ http://localhost:8765/_stcore/host-config:0
[ 4934564ms] [ERROR] Failed to load resource: net::ERR_CONNECTION_REFUSED @ http://localhost:8765/_stcore/health:0
[ 4934565ms] [ERROR] Client Error in reaching server endpoint - No response received when attempting to reach /_stcore/health @ http://localhost:8765/static/js/index.bE3scgDe.js:33
[ 4934565ms] [ERROR] Is Streamlit still running? If you accidentally stopped Streamlit, just restart it in your terminal: @ http://localhost:8765/static/js/index.bE3scgDe.js:38
[ 4934588ms] [ERROR] Failed to load resource: net::ERR_CONNECTION_REFUSED @ http://localhost:8765/_stcore/host-config:0
[ 4940914ms] [ERROR] Failed to load resource: net::ERR_CONNECTION_REFUSED @ http://localhost:8765/_stcore/health:0
[ 4940914ms] [ERROR] Client Error in reaching server endpoint - No response received when attempting to reach /_stcore/health @ http://localhost:8765/static/js/index.bE3scgDe.js:33
[ 4940914ms] [ERROR] Is Streamlit still running? If you accidentally stopped Streamlit, just restart it in your terminal: @ http://localhost:8765/static/js/index.bE3scgDe.js:38
[ 4940916ms] [ERROR] Failed to load resource: net::ERR_CONNECTION_REFUSED @ http://localhost:8765/_stcore/host-config:0
[ 4947034ms] [ERROR] Failed to load resource: net::ERR_CONNECTION_REFUSED @ http://localhost:8765/_stcore/health:0
[ 4947034ms] [ERROR] Client Error in reaching server endpoint - No response received when attempting to reach /_stcore/health @ http://localhost:8765/static/js/index.bE3scgDe.js:33
[ 4947034ms] [ERROR] Is Streamlit still running? If you accidentally stopped Streamlit, just restart it in your terminal: @ http://localhost:8765/static/js/index.bE3scgDe.js:38
[ 4947067ms] [ERROR] Failed to load resource: net::ERR_CONNECTION_REFUSED @ http://localhost:8765/_stcore/host-config:0
[ 4952238ms] [ERROR] Failed to load resource: net::ERR_CONNECTION_REFUSED @ http://localhost:8765/_stcore/health:0
[ 4952238ms] [ERROR] Client Error in reaching server endpoint - No response received when attempting to reach /_stcore/health @ http://localhost:8765/static/js/index.bE3scgDe.js:33
[ 4952238ms] [ERROR] Is Streamlit still running? If you accidentally stopped Streamlit, just restart it in your terminal: @ http://localhost:8765/static/js/index.bE3scgDe.js:38
[ 4952271ms] [ERROR] Failed to load resource: net::ERR_CONNECTION_REFUSED @ http://localhost:8765/_stcore/host-config:0
[ 4957437ms] [ERROR] Failed to load resource: net::ERR_CONNECTION_REFUSED @ http://localhost:8765/_stcore/health:0
[ 4957437ms] [ERROR] Client Error in reaching server endpoint - No response received when attempting to reach /_stcore/health @ http://localhost:8765/static/js/index.bE3scgDe.js:33
[ 4957437ms] [ERROR] Is Streamlit still running? If you accidentally stopped Streamlit, just restart it in your terminal: @ http://localhost:8765/static/js/index.bE3scgDe.js:38
[ 4957465ms] [ERROR] Failed to load resource: net::ERR_CONNECTION_REFUSED @ http://localhost:8765/_stcore/host-config:0
[ 4962752ms] [ERROR] Failed to load resource: net::ERR_CONNECTION_REFUSED @ http://localhost:8765/_stcore/health:0
[ 4962753ms] [ERROR] Client Error in reaching server endpoint - No response received when attempting to reach /_stcore/health @ http://localhost:8765/static/js/index.bE3scgDe.js:33
[ 4962753ms] [ERROR] Is Streamlit still running? If you accidentally stopped Streamlit, just restart it in your terminal: @ http://localhost:8765/static/js/index.bE3scgDe.js:38
[ 4962783ms] [ERROR] Failed to load resource: net::ERR_CONNECTION_REFUSED @ http://localhost:8765/_stcore/host-config:0
[ 4969072ms] [ERROR] Failed to load resource: net::ERR_CONNECTION_REFUSED @ http://localhost:8765/_stcore/health:0
[ 4969072ms] [ERROR] Client Error in reaching server endpoint - No response received when attempting to reach /_stcore/health @ http://localhost:8765/static/js/index.bE3scgDe.js:33
[ 4969072ms] [ERROR] Is Streamlit still running? If you accidentally stopped Streamlit, just restart it in your terminal: @ http://localhost:8765/static/js/index.bE3scgDe.js:38
[ 4969074ms] [ERROR] Failed to load resource: net::ERR_CONNECTION_REFUSED @ http://localhost:8765/_stcore/host-config:0
[ 4974828ms] [ERROR] Failed to load resource: net::ERR_CONNECTION_REFUSED @ http://localhost:8765/_stcore/health:0
[ 4974828ms] [ERROR] Client Error in reaching server endpoint - No response received when attempting to reach /_stcore/health @ http://localhost:8765/static/js/index.bE3scgDe.js:33
[ 4974828ms] [ERROR] Is Streamlit still running? If you accidentally stopped Streamlit, just restart it in your terminal: @ http://localhost:8765/static/js/index.bE3scgDe.js:38
[ 4974858ms] [ERROR] Failed to load resource: net::ERR_CONNECTION_REFUSED @ http://localhost:8765/_stcore/host-config:0
[ 4980521ms] [ERROR] Failed to load resource: net::ERR_CONNECTION_REFUSED @ http://localhost:8765/_stcore/health:0
[ 4980521ms] [ERROR] Client Error in reaching server endpoint - No response received when attempting to reach /_stcore/health @ http://localhost:8765/static/js/index.bE3scgDe.js:33
[ 4980521ms] [ERROR] Is Streamlit still running? If you accidentally stopped Streamlit, just restart it in your terminal: @ http://localhost:8765/static/js/index.bE3scgDe.js:38
[ 4980549ms] [ERROR] Failed to load resource: net::ERR_CONNECTION_REFUSED @ http://localhost:8765/_stcore/host-config:0
[ 4986274ms] [ERROR] Failed to load resource: net::ERR_CONNECTION_REFUSED @ http://localhost:8765/_stcore/health:0
[ 4986274ms] [ERROR] Client Error in reaching server endpoint - No response received when attempting to reach /_stcore/health @ http://localhost:8765/static/js/index.bE3scgDe.js:33
[ 4986274ms] [ERROR] Is Streamlit still running? If you accidentally stopped Streamlit, just restart it in your terminal: @ http://localhost:8765/static/js/index.bE3scgDe.js:38
[ 4986297ms] [ERROR] Failed to load resource: net::ERR_CONNECTION_REFUSED @ http://localhost:8765/_stcore/host-config:0
[ 4991760ms] [ERROR] Failed to load resource: net::ERR_CONNECTION_REFUSED @ http://localhost:8765/_stcore/health:0
[ 4991760ms] [ERROR] Client Error in reaching server endpoint - No response received when attempting to reach /_stcore/health @ http://localhost:8765/static/js/index.bE3scgDe.js:33
[ 4991760ms] [ERROR] Is Streamlit still running? If you accidentally stopped Streamlit, just restart it in your terminal: @ http://localhost:8765/static/js/index.bE3scgDe.js:38
[ 4991802ms] [ERROR] Failed to load resource: net::ERR_CONNECTION_REFUSED @ http://localhost:8765/_stcore/host-config:0
[ 4997263ms] [ERROR] Failed to load resource: net::ERR_CONNECTION_REFUSED @ http://localhost:8765/_stcore/health:0
[ 4997263ms] [ERROR] Client Error in reaching server endpoint - No response received when attempting to reach /_stcore/health @ http://localhost:8765/static/js/index.bE3scgDe.js:33
[ 4997263ms] [ERROR] Is Streamlit still running? If you accidentally stopped Streamlit, just restart it in your terminal: @ http://localhost:8765/static/js/index.bE3scgDe.js:38
[ 4997286ms] [ERROR] Failed to load resource: net::ERR_CONNECTION_REFUSED @ http://localhost:8765/_stcore/host-config:0
[ 5003429ms] [ERROR] Failed to load resource: net::ERR_CONNECTION_REFUSED @ http://localhost:8765/_stcore/health:0
[ 5003429ms] [ERROR] Client Error in reaching server endpoint - No response received when attempting to reach /_stcore/health @ http://localhost:8765/static/js/index.bE3scgDe.js:33
[ 5003429ms] [ERROR] Is Streamlit still running? If you accidentally stopped Streamlit, just restart it in your terminal: @ http://localhost:8765/static/js/index.bE3scgDe.js:38
[ 5003453ms] [ERROR] Failed to load resource: net::ERR_CONNECTION_REFUSED @ http://localhost:8765/_stcore/host-config:0
[ 5008601ms] [ERROR] Failed to load resource: net::ERR_CONNECTION_REFUSED @ http://localhost:8765/_stcore/health:0
[ 5008601ms] [ERROR] Client Error in reaching server endpoint - No response received when attempting to reach /_stcore/health @ http://localhost:8765/static/js/index.bE3scgDe.js:33
[ 5008601ms] [ERROR] Is Streamlit still running? If you accidentally stopped Streamlit, just restart it in your terminal: @ http://localhost:8765/static/js/index.bE3scgDe.js:38
[ 5008629ms] [ERROR] Failed to load resource: net::ERR_CONNECTION_REFUSED @ http://localhost:8765/_stcore/host-config:0
[ 5014433ms] [ERROR] Failed to load resource: net::ERR_CONNECTION_REFUSED @ http://localhost:8765/_stcore/health:0
[ 5014433ms] [ERROR] Client Error in reaching server endpoint - No response received when attempting to reach /_stcore/health @ http://localhost:8765/static/js/index.bE3scgDe.js:33
[ 5014433ms] [ERROR] Is Streamlit still running? If you accidentally stopped Streamlit, just restart it in your terminal: @ http://localhost:8765/static/js/index.bE3scgDe.js:38
[ 5014456ms] [ERROR] Failed to load resource: net::ERR_CONNECTION_REFUSED @ http://localhost:8765/_stcore/host-config:0
[ 5019843ms] [ERROR] Failed to load resource: net::ERR_CONNECTION_REFUSED @ http://localhost:8765/_stcore/health:0
[ 5019843ms] [ERROR] Client Error in reaching server endpoint - No response received when attempting to reach /_stcore/health @ http://localhost:8765/static/js/index.bE3scgDe.js:33
[ 5019843ms] [ERROR] Is Streamlit still running? If you accidentally stopped Streamlit, just restart it in your terminal: @ http://localhost:8765/static/js/index.bE3scgDe.js:38
[ 5019868ms] [ERROR] Failed to load resource: net::ERR_CONNECTION_REFUSED @ http://localhost:8765/_stcore/host-config:0
[ 5025488ms] [ERROR] Failed to load resource: net::ERR_CONNECTION_REFUSED @ http://localhost:8765/_stcore/health:0
[ 5025488ms] [ERROR] Client Error in reaching server endpoint - No response received when attempting to reach /_stcore/health @ http://localhost:8765/static/js/index.bE3scgDe.js:33
[ 5025488ms] [ERROR] Is Streamlit still running? If you accidentally stopped Streamlit, just restart it in your terminal: @ http://localhost:8765/static/js/index.bE3scgDe.js:38
[ 5025490ms] [ERROR] Failed to load resource: net::ERR_CONNECTION_REFUSED @ http://localhost:8765/_stcore/host-config:0
[ 5030788ms] [ERROR] Failed to load resource: net::ERR_CONNECTION_REFUSED @ http://localhost:8765/_stcore/health:0
[ 5030788ms] [ERROR] Client Error in reaching server endpoint - No response received when attempting to reach /_stcore/health @ http://localhost:8765/static/js/index.bE3scgDe.js:33
[ 5030788ms] [ERROR] Is Streamlit still running? If you accidentally stopped Streamlit, just restart it in your terminal: @ http://localhost:8765/static/js/index.bE3scgDe.js:38
[ 5030815ms] [ERROR] Failed to load resource: net::ERR_CONNECTION_REFUSED @ http://localhost:8765/_stcore/host-config:0
[ 5036397ms] [ERROR] Failed to load resource: net::ERR_CONNECTION_REFUSED @ http://localhost:8765/_stcore/health:0
[ 5036397ms] [ERROR] Client Error in reaching server endpoint - No response received when attempting to reach /_stcore/health @ http://localhost:8765/static/js/index.bE3scgDe.js:33
[ 5036398ms] [ERROR] Is Streamlit still running? If you accidentally stopped Streamlit, just restart it in your terminal: @ http://localhost:8765/static/js/index.bE3scgDe.js:38
[ 5036419ms] [ERROR] Failed to load resource: net::ERR_CONNECTION_REFUSED @ http://localhost:8765/_stcore/host-config:0
[ 5042215ms] [ERROR] Failed to load resource: net::ERR_CONNECTION_REFUSED @ http://localhost:8765/_stcore/health:0
[ 5042215ms] [ERROR] Client Error in reaching server endpoint - No response received when attempting to reach /_stcore/health @ http://localhost:8765/static/js/index.bE3scgDe.js:33
[ 5042215ms] [ERROR] Is Streamlit still running? If you accidentally stopped Streamlit, just restart it in your terminal: @ http://localhost:8765/static/js/index.bE3scgDe.js:38
[ 5042237ms] [ERROR] Failed to load resource: net::ERR_CONNECTION_REFUSED @ http://localhost:8765/_stcore/host-config:0
[ 5048365ms] [ERROR] Failed to load resource: net::ERR_CONNECTION_REFUSED @ http://localhost:8765/_stcore/health:0
[ 5048365ms] [ERROR] Client Error in reaching server endpoint - No response received when attempting to reach /_stcore/health @ http://localhost:8765/static/js/index.bE3scgDe.js:33
[ 5048366ms] [ERROR] Is Streamlit still running? If you accidentally stopped Streamlit, just restart it in your terminal: @ http://localhost:8765/static/js/index.bE3scgDe.js:38
[ 5048393ms] [ERROR] Failed to load resource: net::ERR_CONNECTION_REFUSED @ http://localhost:8765/_stcore/host-config:0
[ 5054430ms] [ERROR] Failed to load resource: net::ERR_CONNECTION_REFUSED @ http://localhost:8765/_stcore/health:0
[ 5054431ms] [ERROR] Client Error in reaching server endpoint - No response received when attempting to reach /_stcore/health @ http://localhost:8765/static/js/index.bE3scgDe.js:33
[ 5054431ms] [ERROR] Is Streamlit still running? If you accidentally stopped Streamlit, just restart it in your terminal: @ http://localhost:8765/static/js/index.bE3scgDe.js:38
[ 5054457ms] [ERROR] Failed to load resource: net::ERR_CONNECTION_REFUSED @ http://localhost:8765/_stcore/host-config:0
[ 5060518ms] [ERROR] Failed to load resource: net::ERR_CONNECTION_REFUSED @ http://localhost:8765/_stcore/health:0
[ 5060518ms] [ERROR] Client Error in reaching server endpoint - No response received when attempting to reach /_stcore/health @ http://localhost:8765/static/js/index.bE3scgDe.js:33
[ 5060518ms] [ERROR] Is Streamlit still running? If you accidentally stopped Streamlit, just restart it in your terminal: @ http://localhost:8765/static/js/index.bE3scgDe.js:38
[ 5060540ms] [ERROR] Failed to load resource: net::ERR_CONNECTION_REFUSED @ http://localhost:8765/_stcore/host-config:0
[ 5066563ms] [ERROR] Failed to load resource: net::ERR_CONNECTION_REFUSED @ http://localhost:8765/_stcore/health:0
[ 5066563ms] [ERROR] Client Error in reaching server endpoint - No response received when attempting to reach /_stcore/health @ http://localhost:8765/static/js/index.bE3scgDe.js:33
[ 5066564ms] [ERROR] Is Streamlit still running? If you accidentally stopped Streamlit, just restart it in your terminal: @ http://localhost:8765/static/js/index.bE3scgDe.js:38
[ 5066586ms] [ERROR] Failed to load resource: net::ERR_CONNECTION_REFUSED @ http://localhost:8765/_stcore/host-config:0
[ 5072086ms] [ERROR] Failed to load resource: net::ERR_CONNECTION_REFUSED @ http://localhost:8765/_stcore/health:0
[ 5072086ms] [ERROR] Client Error in reaching server endpoint - No response received when attempting to reach /_stcore/health @ http://localhost:8765/static/js/index.bE3scgDe.js:33
[ 5072086ms] [ERROR] Is Streamlit still running? If you accidentally stopped Streamlit, just restart it in your terminal: @ http://localhost:8765/static/js/index.bE3scgDe.js:38
[ 5072108ms] [ERROR] Failed to load resource: net::ERR_CONNECTION_REFUSED @ http://localhost:8765/_stcore/host-config:0
[ 5077560ms] [ERROR] Failed to load resource: net::ERR_CONNECTION_REFUSED @ http://localhost:8765/_stcore/health:0
[ 5077561ms] [ERROR] Client Error in reaching server endpoint - No response received when attempting to reach /_stcore/health @ http://localhost:8765/static/js/index.bE3scgDe.js:33
[ 5077561ms] [ERROR] Is Streamlit still running? If you accidentally stopped Streamlit, just restart it in your terminal: @ http://localhost:8765/static/js/index.bE3scgDe.js:38
[ 5077584ms] [ERROR] Failed to load resource: net::ERR_CONNECTION_REFUSED @ http://localhost:8765/_stcore/host-config:0
[ 5083177ms] [ERROR] Failed to load resource: net::ERR_CONNECTION_REFUSED @ http://localhost:8765/_stcore/health:0
[ 5083177ms] [ERROR] Client Error in reaching server endpoint - No response received when attempting to reach /_stcore/health @ http://localhost:8765/static/js/index.bE3scgDe.js:33
[ 5083178ms] [ERROR] Is Streamlit still running? If you accidentally stopped Streamlit, just restart it in your terminal: @ http://localhost:8765/static/js/index.bE3scgDe.js:38
[ 5083180ms] [ERROR] Failed to load resource: net::ERR_CONNECTION_REFUSED @ http://localhost:8765/_stcore/host-config:0
[ 5088725ms] [ERROR] Failed to load resource: net::ERR_CONNECTION_REFUSED @ http://localhost:8765/_stcore/health:0
[ 5088725ms] [ERROR] Client Error in reaching server endpoint - No response received when attempting to reach /_stcore/health @ http://localhost:8765/static/js/index.bE3scgDe.js:33
[ 5088725ms] [ERROR] Is Streamlit still running? If you accidentally stopped Streamlit, just restart it in your terminal: @ http://localhost:8765/static/js/index.bE3scgDe.js:38
[ 5088753ms] [ERROR] Failed to load resource: net::ERR_CONNECTION_REFUSED @ http://localhost:8765/_stcore/host-config:0
